,celltype
AAACCTGAGCTAGTGG-1,CD4 T cells
AAACCTGCACATTAGC-1,CD4 T cells
AAACCTGCACTGTTAG-1,CD14+ Monocytes
AAACCTGCATAGTAAG-1,CD14+ Monocytes
AAACCTGCATGAACCT-1,CD8 T cells
AAACCTGGTAAGAGGA-1,CD4 T cells
AAACCTGGTAGAAGGA-1,CD14+ Monocytes
AAACCTGGTCCAGTGC-1,CD4 T cells
AAACCTGGTGTCTGAT-1,CD4 T cells
AAACCTGGTTTGCATG-1,CD14+ Monocytes
AAACCTGGTTTGTTTC-1,CD4 T cells
AAACCTGTCCGTTGCT-1,B cells
AAACCTGTCCTGTAGA-1,CD8 T cells
AAACCTGTCGCCAAAT-1,CD4 T cells
AAACCTGTCGTGGACC-1,Other
AAACCTGTCTACCAGA-1,CD4 T cells
AAACCTGTCTCAAGTG-1,CD4 T cells
AAACCTGTCTCGCTTG-1,CD14+ Monocytes
AAACCTGTCTGCGGCA-1,CD4 T cells
AAACGGGAGCCTCGTG-1,Dendritic Cells
AAACGGGAGGTGTGGT-1,CD4 T cells
AAACGGGAGTACGATA-1,FCGR3A+ Monocytes
AAACGGGCACCTCGGA-1,B cells
AAACGGGCACGAAACG-1,CD4 T cells
AAACGGGCAGTAAGAT-1,B cells
AAACGGGGTACAGTTC-1,NK cells
AAACGGGGTACCCAAT-1,B cells
AAACGGGGTAGCTTGT-1,CD4 T cells
AAACGGGGTGCGCTTG-1,CD4 T cells
AAACGGGTCAGGATCT-1,CD14+ Monocytes
AAACGGGTCCAAAGTC-1,CD14+ Monocytes
AAACGGGTCCCTCAGT-1,FCGR3A+ Monocytes
AAACGGGTCCGTTGTC-1,CD4 T cells
AAACGGGTCTCTGTCG-1,CD4 T cells
AAACGGGTCTTCTGGC-1,CD8 T cells
AAAGATGAGCGCTCCA-1,CD4 T cells
AAAGATGAGGGTTTCT-1,CD8 T cells
AAAGATGAGTACGATA-1,CD4 T cells
AAAGATGAGTGCAAGC-1,FCGR3A+ Monocytes
AAAGATGCACCCTATC-1,CD4 T cells
AAAGATGCACTTAAGC-1,CD4 T cells
AAAGATGCAGCGAACA-1,CD4 T cells
AAAGATGCATGCCTTC-1,CD8 T cells
AAAGATGCATTGGTAC-1,CD4 T cells
AAAGATGGTATAATGG-1,CD14+ Monocytes
AAAGATGGTCAGAAGC-1,CD8 T cells
AAAGATGGTCTTTCAT-1,CD4 T cells
AAAGATGGTGGTGTAG-1,B cells
AAAGATGGTGTGACCC-1,B cells
AAAGATGGTTACGACT-1,CD4 T cells
AAAGATGGTTGTCTTT-1,CD14+ Monocytes
AAAGATGTCCCTAATT-1,CD4 T cells
AAAGATGTCCGAACGC-1,CD8 T cells
AAAGATGTCCGCAGTG-1,CD4 T cells
AAAGATGTCGCCAGCA-1,CD4 T cells
AAAGATGTCGCCTGAG-1,NK cells
AAAGATGTCGTATCAG-1,CD14+ Monocytes
AAAGATGTCTCGAGTA-1,CD4 T cells
AAAGCAAAGAAACCAT-1,CD8 T cells
AAAGCAAAGACTAGAT-1,CD8 T cells
AAAGCAAAGCCCTAAT-1,CD4 T cells
AAAGCAAAGCTAAGAT-1,CD14+ Monocytes
AAAGCAAAGTGTCTCA-1,Dendritic Cells
AAAGCAACAGACGCAA-1,CD8 T cells
AAAGCAACAGCTTAAC-1,CD4 T cells
AAAGCAAGTCAATACC-1,CD8 T cells
AAAGCAAGTCATGCCG-1,CD4 T cells
AAAGCAAGTCGCGAAA-1,CD14+ Monocytes
AAAGCAATCAGCGACC-1,B cells
AAAGCAATCCCTGACT-1,CD4 T cells
AAAGCAATCGAGAACG-1,CD14+ Monocytes
AAAGTAGAGAGGTAGA-1,CD4 T cells
AAAGTAGAGAGTCTGG-1,CD4 T cells
AAAGTAGAGCAATCTC-1,CD8 T cells
AAAGTAGAGCTACCTA-1,B cells
AAAGTAGAGGACTGGT-1,Dendritic Cells
AAAGTAGAGTCAAGCG-1,CD4 T cells
AAAGTAGCAAGGGTCA-1,CD4 T cells
AAAGTAGCACCAACCG-1,Other
AAAGTAGCATGTTCCC-1,CD4 T cells
AAAGTAGGTACACCGC-1,CD4 T cells
AAAGTAGGTAGCCTCG-1,Dendritic Cells
AAAGTAGGTTAAAGTG-1,CD14+ Monocytes
AAAGTAGTCAGTGTTG-1,CD4 T cells
AAAGTAGTCCCACTTG-1,CD4 T cells
AAAGTAGTCTATCCCG-1,CD14+ Monocytes
AAATGCCAGGTCGGAT-1,Other
AAATGCCAGTAGTGCG-1,CD4 T cells
AAATGCCCAACTTGAC-1,CD4 T cells
AAATGCCCAATACGCT-1,CD4 T cells
AAATGCCCACCTGGTG-1,CD14+ Monocytes
AAATGCCGTAAATGTG-1,FCGR3A+ Monocytes
AAATGCCGTACCTACA-1,Other
AAATGCCGTACTCGCG-1,CD14+ Monocytes
AAATGCCGTCAAAGAT-1,CD4 T cells
AAATGCCTCAACACAC-1,CD14+ Monocytes
AAATGCCTCACCAGGC-1,B cells
AAATGCCTCCAGAAGG-1,CD4 T cells
AAATGCCTCCTGCCAT-1,CD8 T cells
AACACGTAGAGGTTGC-1,B cells
AACACGTAGCTAGCCC-1,CD4 T cells
AACACGTAGGAGTACC-1,NK cells
AACACGTCACTCTGTC-1,CD8 T cells
AACACGTCATGTCGAT-1,CD4 T cells
AACACGTGTACATGTC-1,CD4 T cells
AACACGTGTACCATCA-1,CD14+ Monocytes
AACACGTGTCTCTCTG-1,CD8 T cells
AACACGTGTCTGGAGA-1,CD4 T cells
AACACGTGTGGCCCTA-1,CD4 T cells
AACACGTGTTACGCGC-1,CD4 T cells
AACACGTGTTGTCTTT-1,B cells
AACACGTTCAGCTCTC-1,CD4 T cells
AACACGTTCCACGACG-1,CD4 T cells
AACACGTTCCACTCCA-1,CD4 T cells
AACACGTTCCATGCTC-1,CD4 T cells
AACACGTTCGGTCTAA-1,B cells
AACACGTTCGTTTATC-1,CD4 T cells
AACACGTTCTCTGAGA-1,B cells
AACACGTTCTTGAGAC-1,CD4 T cells
AACCATGAGAAGAAGC-1,B cells
AACCATGAGACTGTAA-1,NK cells
AACCATGAGGTAGCTG-1,B cells
AACCATGCATATGAGA-1,CD4 T cells
AACCATGCATCAGTCA-1,CD8 T cells
AACCATGCATCGATGT-1,Dendritic Cells
AACCATGGTACATGTC-1,CD14+ Monocytes
AACCATGGTACCGTTA-1,CD4 T cells
AACCATGGTCTAAAGA-1,CD4 T cells
AACCATGGTGTCAATC-1,CD14+ Monocytes
AACCATGTCACCTCGT-1,Other
AACCATGTCATGGTCA-1,CD4 T cells
AACCATGTCGCGGATC-1,CD4 T cells
AACCATGTCTCGTATT-1,B cells
AACCGCGAGAGACTTA-1,B cells
AACCGCGAGCACGCCT-1,CD4 T cells
AACCGCGAGCCGTCGT-1,CD4 T cells
AACCGCGAGGACAGCT-1,CD14+ Monocytes
AACCGCGAGGAGTCTG-1,CD8 T cells
AACCGCGAGTACGCGA-1,CD4 T cells
AACCGCGCACTGTGTA-1,FCGR3A+ Monocytes
AACCGCGCAGATCGGA-1,FCGR3A+ Monocytes
AACCGCGCAGCGATCC-1,CD4 T cells
AACCGCGCAGCGTTCG-1,NK cells
AACCGCGCAGCTGGCT-1,CD4 T cells
AACCGCGCATAGTAAG-1,CD4 T cells
AACCGCGCATGCAATC-1,Other
AACCGCGGTATATGAG-1,CD14+ Monocytes
AACCGCGGTCCTAGCG-1,CD4 T cells
AACCGCGGTGTCCTCT-1,B cells
AACCGCGGTTGTGGCC-1,B cells
AACCGCGTCAGCAACT-1,CD4 T cells
AACCGCGTCTCATTCA-1,CD4 T cells
AACCGCGTCTCGCATC-1,FCGR3A+ Monocytes
AACGTTGAGATCGATA-1,CD14+ Monocytes
AACGTTGAGGCCCTCA-1,CD4 T cells
AACGTTGCAAGCTGTT-1,NK cells
AACGTTGCACCAGATT-1,CD14+ Monocytes
AACGTTGCATAACCTG-1,CD14+ Monocytes
AACGTTGGTCAAAGCG-1,B cells
AACGTTGGTTCCGGCA-1,CD4 T cells
AACGTTGGTTTGTTTC-1,NK cells
AACGTTGTCCATGAAC-1,CD4 T cells
AACGTTGTCGAATGGG-1,Dendritic Cells
AACGTTGTCGCATGAT-1,CD8 T cells
AACGTTGTCGTCTGCT-1,CD4 T cells
AACGTTGTCGTGGACC-1,CD4 T cells
AACTCAGAGAGAGCTC-1,CD4 T cells
AACTCAGAGCTAGTGG-1,CD8 T cells
AACTCAGCAAATCCGT-1,B cells
AACTCAGCAAGAAAGG-1,B cells
AACTCAGCACATGGGA-1,CD8 T cells
AACTCAGCAGACAAGC-1,CD4 T cells
AACTCAGCAGGGTTAG-1,NK cells
AACTCAGCAGTAAGAT-1,CD8 T cells
AACTCAGCATCGGAAG-1,CD4 T cells
AACTCAGGTATAGGGC-1,CD8 T cells
AACTCAGGTGAAAGAG-1,CD14+ Monocytes
AACTCAGGTTACGTCA-1,CD8 T cells
AACTCAGTCGCTTGTC-1,NK cells
AACTCAGTCTTGCCGT-1,CD4 T cells
AACTCCCAGAAGGGTA-1,B cells
AACTCCCAGGTGATTA-1,CD14+ Monocytes
AACTCCCAGTCTTGCA-1,CD4 T cells
AACTCCCCAATGTAAG-1,Dendritic Cells
AACTCCCCATAAGACA-1,CD14+ Monocytes
AACTCCCCATGCCTAA-1,CD14+ Monocytes
AACTCCCGTGAGGGTT-1,CD8 T cells
AACTCCCGTGGTCTCG-1,CD14+ Monocytes
AACTCCCGTGTTGAGG-1,CD4 T cells
AACTCCCGTTCATGGT-1,CD4 T cells
AACTCCCTCATCATTC-1,CD4 T cells
AACTCCCTCTGGGCCA-1,CD4 T cells
AACTCTTAGAAGAAGC-1,CD4 T cells
AACTCTTAGAGTGACC-1,CD8 T cells
AACTCTTAGCCTATGT-1,NK cells
AACTCTTAGCGATTCT-1,CD14+ Monocytes
AACTCTTAGCTGAAAT-1,CD4 T cells
AACTCTTCAAGCCCAC-1,CD14+ Monocytes
AACTCTTCAAGGACTG-1,CD14+ Monocytes
AACTCTTCAATAGCAA-1,CD4 T cells
AACTCTTCACTATCTT-1,CD4 T cells
AACTCTTCAGACGCTC-1,CD14+ Monocytes
AACTCTTCAGGAACGT-1,CD8 T cells
AACTCTTCAGGGTTAG-1,CD8 T cells
AACTCTTCATTTGCTT-1,CD4 T cells
AACTCTTGTCATATGC-1,B cells
AACTCTTGTGTGCCTG-1,CD8 T cells
AACTCTTGTTCCATGA-1,CD4 T cells
AACTCTTTCAATCACG-1,CD4 T cells
AACTCTTTCGGACAAG-1,B cells
AACTCTTTCGTTACAG-1,CD14+ Monocytes
AACTCTTTCTCATTCA-1,Other
AACTGGTAGACTACAA-1,CD14+ Monocytes
AACTGGTAGAGTACAT-1,CD14+ Monocytes
AACTGGTAGCGATATA-1,CD4 T cells
AACTGGTAGTACGCCC-1,Megakaryocytes
AACTGGTCAGTCCTTC-1,CD14+ Monocytes
AACTGGTCAGTGGGAT-1,CD4 T cells
AACTGGTGTATAAACG-1,CD14+ Monocytes
AACTGGTTCACAAACC-1,B cells
AACTGGTTCACTTATC-1,Other
AACTGGTTCATAAAGG-1,FCGR3A+ Monocytes
AACTGGTTCCGCGTTT-1,CD4 T cells
AACTGGTTCTTCGAGA-1,CD14+ Monocytes
AACTTTCAGAAAGTGG-1,CD8 T cells
AACTTTCAGAGCTGCA-1,CD8 T cells
AACTTTCAGCAGGTCA-1,CD8 T cells
AACTTTCAGCCCAATT-1,CD4 T cells
AACTTTCAGTAACCCT-1,Megakaryocytes
AACTTTCCAAGCGCTC-1,B cells
AACTTTCCACGTGAGA-1,CD4 T cells
AACTTTCCAGCATACT-1,CD4 T cells
AACTTTCCAGTCAGAG-1,B cells
AACTTTCCAGTCAGCC-1,B cells
AACTTTCCAGTGACAG-1,CD4 T cells
AACTTTCCATCGATTG-1,B cells
AACTTTCCATTGTGCA-1,CD4 T cells
AACTTTCGTACTCGCG-1,CD14+ Monocytes
AACTTTCGTACTTAGC-1,CD4 T cells
AACTTTCGTAGAGCTG-1,CD4 T cells
AACTTTCGTCTTTCAT-1,CD8 T cells
AACTTTCGTGTCGCTG-1,CD4 T cells
AACTTTCGTGTGGCTC-1,CD8 T cells
AACTTTCTCAGAAATG-1,CD4 T cells
AACTTTCTCAGGTAAA-1,CD4 T cells
AACTTTCTCTCCAACC-1,CD4 T cells
AACTTTCTCTGGGCCA-1,CD4 T cells
AAGACCTAGAACAATC-1,CD14+ Monocytes
AAGACCTAGCACAGGT-1,NK cells
AAGACCTAGCCCAATT-1,CD4 T cells
AAGACCTAGGTGGGTT-1,CD14+ Monocytes
AAGACCTAGTGTTGAA-1,CD4 T cells
AAGACCTCAAGCGATG-1,CD4 T cells
AAGACCTCACAAGACG-1,B cells
AAGACCTCACAAGTAA-1,CD8 T cells
AAGACCTCAGTTAACC-1,CD14+ Monocytes
AAGACCTCATAAGACA-1,CD8 T cells
AAGACCTCATCACGTA-1,CD4 T cells
AAGACCTGTCCAAGTT-1,CD4 T cells
AAGACCTGTCCATGAT-1,CD14+ Monocytes
AAGACCTTCACTTACT-1,Other
AAGACCTTCCGCGGTA-1,CD8 T cells
AAGACCTTCGGTCTAA-1,CD14+ Monocytes
AAGCCGCAGCGATAGC-1,CD4 T cells
AAGCCGCAGCGTTCCG-1,CD4 T cells
AAGCCGCAGCTAAACA-1,CD4 T cells
AAGCCGCAGGTAGCTG-1,CD4 T cells
AAGCCGCAGTGTACTC-1,CD14+ Monocytes
AAGCCGCCAAAGCAAT-1,CD14+ Monocytes
AAGCCGCCACATGTGT-1,B cells
AAGCCGCCACTCGACG-1,CD8 T cells
AAGCCGCCACTGCCAG-1,B cells
AAGCCGCCAGTCGTGC-1,Dendritic Cells
AAGCCGCGTGAAAGAG-1,CD14+ Monocytes
AAGCCGCGTTGATTGC-1,CD8 T cells
AAGCCGCTCACATAGC-1,B cells
AAGCCGCTCATCACCC-1,CD4 T cells
AAGCCGCTCCATGCTC-1,CD4 T cells
AAGCCGCTCCGTAGTA-1,CD4 T cells
AAGCCGCTCGGGAGTA-1,CD4 T cells
AAGGAGCAGATCGATA-1,CD4 T cells
AAGGAGCAGTACACCT-1,CD4 T cells
AAGGAGCGTATTAGCC-1,CD8 T cells
AAGGAGCGTCTGCAAT-1,FCGR3A+ Monocytes
AAGGAGCGTCTTCAAG-1,Other
AAGGAGCGTGTTCGAT-1,CD8 T cells
AAGGAGCGTGTTGAGG-1,Dendritic Cells
AAGGAGCTCACCGTAA-1,CD4 T cells
AAGGAGCTCCAAGTAC-1,CD4 T cells
AAGGCAGAGACAAGCC-1,CD14+ Monocytes
AAGGCAGAGCTACCGC-1,CD8 T cells
AAGGCAGAGGTGCACA-1,CD4 T cells
AAGGCAGAGTGTCTCA-1,CD4 T cells
AAGGCAGCAAATTGCC-1,B cells
AAGGCAGCAACACCTA-1,CD4 T cells
AAGGCAGCATCTCCCA-1,B cells
AAGGCAGCATTCCTCG-1,CD4 T cells
AAGGCAGGTAAAGTCA-1,CD14+ Monocytes
AAGGCAGGTACTCGCG-1,FCGR3A+ Monocytes
AAGGCAGGTAGGGTAC-1,CD4 T cells
AAGGCAGGTATATGGA-1,FCGR3A+ Monocytes
AAGGCAGGTATGAAAC-1,CD4 T cells
AAGGCAGTCAGGCAAG-1,NK cells
AAGGCAGTCAGGTAAA-1,CD8 T cells
AAGGTTCAGCTCTCGG-1,B cells
AAGGTTCAGTGGGCTA-1,CD8 T cells
AAGGTTCCAAAGGAAG-1,CD8 T cells
AAGGTTCCAATGTAAG-1,CD14+ Monocytes
AAGGTTCCACAGATTC-1,CD4 T cells
AAGGTTCCACATTTCT-1,Dendritic Cells
AAGGTTCGTAAGAGAG-1,CD14+ Monocytes
AAGGTTCGTAGCGATG-1,CD4 T cells
AAGGTTCGTGCCTGTG-1,B cells
AAGGTTCGTGGTAACG-1,NK cells
AAGGTTCGTGGTGTAG-1,CD14+ Monocytes
AAGGTTCTCAGAAATG-1,CD4 T cells
AAGGTTCTCCCTCAGT-1,CD4 T cells
AAGGTTCTCCGATATG-1,CD4 T cells
AAGGTTCTCCTTAATC-1,CD14+ Monocytes
AAGGTTCTCTGTACGA-1,CD8 T cells
AAGTCTGAGATGTCGG-1,CD4 T cells
AAGTCTGAGCTAGTTC-1,Other
AAGTCTGAGGCACATG-1,Megakaryocytes
AAGTCTGAGGTTCCTA-1,Dendritic Cells
AAGTCTGAGTTGCAGG-1,CD4 T cells
AAGTCTGCAATCGGTT-1,CD4 T cells
AAGTCTGCAGTTCATG-1,CD4 T cells
AAGTCTGCATCGTCGG-1,FCGR3A+ Monocytes
AAGTCTGCATGAAGTA-1,Other
AAGTCTGGTAAGTGTA-1,Megakaryocytes
AAGTCTGGTCCGAAGA-1,CD4 T cells
AAGTCTGGTCTGATTG-1,CD4 T cells
AAGTCTGGTGCACTTA-1,Other
AAGTCTGGTTCCGTCT-1,CD4 T cells
AAGTCTGGTTTGGGCC-1,CD14+ Monocytes
AAGTCTGTCAAGATCC-1,CD8 T cells
AAGTCTGTCACAGTAC-1,CD4 T cells
AAGTCTGTCCTCATTA-1,NK cells
AAGTCTGTCGACGGAA-1,B cells
AAGTCTGTCGCCCTTA-1,CD14+ Monocytes
AATCCAGAGCCACGCT-1,CD4 T cells
AATCCAGAGTGACATA-1,CD4 T cells
AATCCAGCAGAGCCAA-1,Megakaryocytes
AATCCAGGTCCCTACT-1,Dendritic Cells
AATCCAGTCAAACCGT-1,CD14+ Monocytes
AATCCAGTCATGTAGC-1,CD4 T cells
AATCCAGTCTGCCCTA-1,CD14+ Monocytes
AATCGGTAGCGAAGGG-1,CD4 T cells
AATCGGTAGGTGATTA-1,Dendritic Cells
AATCGGTAGGTGCTAG-1,CD8 T cells
AATCGGTCAAGGTGTG-1,CD4 T cells
AATCGGTCAGATCTGT-1,CD4 T cells
AATCGGTCATCGGACC-1,Dendritic Cells
AATCGGTGTCAATACC-1,CD8 T cells
AATCGGTGTGGCAAAC-1,B cells
AATCGGTGTGGTTTCA-1,CD4 T cells
AATCGGTGTTCGTGAT-1,B cells
AATCGGTTCCGATATG-1,B cells
AATCGGTTCTATCCCG-1,B cells
AATCGGTTCTCCAGGG-1,CD4 T cells
ACACCAAAGAGCAATT-1,CD4 T cells
ACACCAAAGCCACGCT-1,CD4 T cells
ACACCAAAGGAGTTGC-1,CD4 T cells
ACACCAAAGGCTAGGT-1,CD4 T cells
ACACCAAAGTGCCATT-1,B cells
ACACCAAAGTGGGCTA-1,B cells
ACACCAACAAAGGTGC-1,CD4 T cells
ACACCAACACGACGAA-1,B cells
ACACCAACAGTCTTCC-1,CD4 T cells
ACACCAACATTCTCAT-1,NK cells
ACACCAAGTACATGTC-1,CD4 T cells
ACACCAAGTCTTTCAT-1,CD8 T cells
ACACCAATCAGTTCGA-1,B cells
ACACCAATCGAGCCCA-1,CD4 T cells
ACACCAATCTGGGCCA-1,CD14+ Monocytes
ACACCCTAGAGGTACC-1,CD4 T cells
ACACCCTAGATAGTCA-1,NK cells
ACACCCTAGATATGCA-1,CD14+ Monocytes
ACACCCTAGATGTGGC-1,CD8 T cells
ACACCCTAGCCGGTAA-1,CD8 T cells
ACACCCTAGCGCTCCA-1,CD4 T cells
ACACCCTAGGATGCGT-1,CD4 T cells
ACACCCTAGGTGCTTT-1,B cells
ACACCCTAGTGGTAGC-1,CD14+ Monocytes
ACACCCTCAAGACACG-1,CD4 T cells
ACACCCTCACGCCAGT-1,Dendritic Cells
ACACCCTCATGCCTAA-1,CD4 T cells
ACACCCTGTAACGTTC-1,CD4 T cells
ACACCCTGTAAGTTCC-1,Other
ACACCCTGTCATTAGC-1,CD4 T cells
ACACCCTTCGGCCGAT-1,B cells
ACACCCTTCTCGATGA-1,Dendritic Cells
ACACCCTTCTCTGAGA-1,B cells
ACACCCTTCTGTTTGT-1,CD8 T cells
ACACCGGAGCTCTCGG-1,CD4 T cells
ACACCGGAGTATCGAA-1,CD4 T cells
ACACCGGAGTGAATTG-1,CD14+ Monocytes
ACACCGGCATCGGGTC-1,CD8 T cells
ACACCGGTCAAGGCTT-1,CD4 T cells
ACACTGAAGAGATGAG-1,CD4 T cells
ACACTGAAGCCGATTT-1,CD4 T cells
ACACTGAAGGATATAC-1,B cells
ACACTGAAGGGAACGG-1,CD14+ Monocytes
ACACTGAAGGGAGTAA-1,B cells
ACACTGAAGTGGACGT-1,CD8 T cells
ACACTGACAATGTAAG-1,CD4 T cells
ACACTGACATGATCCA-1,CD4 T cells
ACACTGAGTACTTGAC-1,CD4 T cells
ACACTGAGTAGTGAAT-1,CD4 T cells
ACACTGAGTCACTTCC-1,Other
ACACTGAGTTAGGGTG-1,CD4 T cells
ACACTGATCACGCATA-1,CD4 T cells
ACACTGATCATACGGT-1,Other
ACACTGATCCATTCTA-1,CD4 T cells
ACACTGATCCCAAGAT-1,CD4 T cells
ACACTGATCGGAAACG-1,B cells
ACAGCCGAGAAAGTGG-1,CD14+ Monocytes
ACAGCCGAGTGGGCTA-1,CD4 T cells
ACAGCCGAGTGGTAGC-1,CD4 T cells
ACAGCCGAGTTTCCTT-1,CD4 T cells
ACAGCCGCAAGGTTCT-1,CD4 T cells
ACAGCCGCACAGGCCT-1,CD14+ Monocytes
ACAGCCGCACTAGTAC-1,B cells
ACAGCCGCAGATCCAT-1,CD14+ Monocytes
ACAGCCGCAGGGTATG-1,CD4 T cells
ACAGCCGCATCTACGA-1,Dendritic Cells
ACAGCCGCATGTAAGA-1,NK cells
ACAGCCGCATGTCGAT-1,NK cells
ACAGCCGCATTGTGCA-1,CD4 T cells
ACAGCCGGTAGCGATG-1,B cells
ACAGCCGGTGCACTTA-1,CD8 T cells
ACAGCCGGTGGACGAT-1,B cells
ACAGCCGGTGTGACGA-1,NK cells
ACAGCCGGTTAAGTAG-1,CD4 T cells
ACAGCCGTCAGCTGGC-1,CD4 T cells
ACAGCCGTCATGGTCA-1,CD14+ Monocytes
ACAGCCGTCCTTGACC-1,B cells
ACAGCCGTCGCGCCAA-1,B cells
ACAGCCGTCGTCGTTC-1,B cells
ACAGCTAAGAGCAATT-1,CD4 T cells
ACAGCTAAGGTGTGGT-1,CD4 T cells
ACAGCTACAACGATGG-1,B cells
ACAGCTACACACTGCG-1,CD4 T cells
ACAGCTACAGGTCGTC-1,CD4 T cells
ACAGCTACATGGATGG-1,B cells
ACAGCTACATGGTCTA-1,CD14+ Monocytes
ACAGCTAGTACCGTAT-1,CD4 T cells
ACAGCTAGTCAGAAGC-1,B cells
ACAGCTAGTGCATCTA-1,CD4 T cells
ACAGCTAGTGCGAAAC-1,Other
ACAGCTATCCACTGGG-1,CD8 T cells
ACAGCTATCGCCAAAT-1,CD4 T cells
ACAGCTATCGTCCGTT-1,CD4 T cells
ACAGCTATCTAACGGT-1,CD4 T cells
ACAGCTATCTGTTGAG-1,CD8 T cells
ACATACGAGAGGTTGC-1,B cells
ACATACGAGGCTACGA-1,B cells
ACATACGAGGGTGTGT-1,CD4 T cells
ACATACGAGTGACATA-1,CD8 T cells
ACATACGCAAACGTGG-1,CD4 T cells
ACATACGCAGTATAAG-1,B cells
ACATACGCATATGGTC-1,CD4 T cells
ACATACGCATTAACCG-1,CD14+ Monocytes
ACATACGGTAAGTGGC-1,Other
ACATACGGTAGCCTCG-1,CD14+ Monocytes
ACATACGGTGGCTCCA-1,B cells
ACATACGGTGGTACAG-1,CD8 T cells
ACATACGGTTCTGAAC-1,CD8 T cells
ACATACGTCATGTCCC-1,B cells
ACATACGTCATTTGGG-1,NK cells
ACATACGTCGGCATCG-1,CD4 T cells
ACATACGTCGTTACGA-1,CD14+ Monocytes
ACATACGTCTCATTCA-1,CD4 T cells
ACATACGTCTCGCTTG-1,Megakaryocytes
ACATACGTCTCTTGAT-1,CD4 T cells
ACATACGTCTTGAGGT-1,FCGR3A+ Monocytes
ACATCAGAGGCCCGTT-1,NK cells
ACATCAGAGTCGTACT-1,CD14+ Monocytes
ACATCAGCAATGTAAG-1,Dendritic Cells
ACATCAGCACATGGGA-1,CD14+ Monocytes
ACATCAGCACATTTCT-1,CD4 T cells
ACATCAGCACCAACCG-1,CD4 T cells
ACATCAGCACTTAACG-1,CD14+ Monocytes
ACATCAGCAGTATAAG-1,B cells
ACATCAGCATTTGCTT-1,CD4 T cells
ACATCAGGTACATCCA-1,CD14+ Monocytes
ACATCAGGTTTCGCTC-1,CD4 T cells
ACATCAGTCCACTGGG-1,CD4 T cells
ACATCAGTCTGGCGTG-1,CD4 T cells
ACATGGTAGACTAGGC-1,NK cells
ACATGGTAGAGGGATA-1,B cells
ACATGGTAGAGTCGGT-1,B cells
ACATGGTAGATATGGT-1,CD4 T cells
ACATGGTAGCTAGTGG-1,B cells
ACATGGTAGTGGTAAT-1,CD4 T cells
ACATGGTAGTTAGCGG-1,NK cells
ACATGGTCAAGACGTG-1,FCGR3A+ Monocytes
ACATGGTCACATTCGA-1,CD4 T cells
ACATGGTCACGCATCG-1,CD8 T cells
ACATGGTCACTGAAGG-1,CD4 T cells
ACATGGTCAGCCTTGG-1,CD4 T cells
ACATGGTCATTCACTT-1,CD4 T cells
ACATGGTGTAATAGCA-1,CD14+ Monocytes
ACATGGTGTATTACCG-1,CD8 T cells
ACATGGTGTCATGCAT-1,CD4 T cells
ACATGGTGTTAAGATG-1,CD4 T cells
ACATGGTGTTCAACCA-1,B cells
ACATGGTGTTGCGTTA-1,CD4 T cells
ACATGGTTCATCACCC-1,CD4 T cells
ACATGGTTCCACGTTC-1,CD4 T cells
ACATGGTTCGGCCGAT-1,CD8 T cells
ACATGGTTCGGTTAAC-1,CD4 T cells
ACATGGTTCTACCTGC-1,Other
ACCAGTAAGACCACGA-1,CD14+ Monocytes
ACCAGTAAGACTTTCG-1,CD4 T cells
ACCAGTAAGCCAGGAT-1,CD4 T cells
ACCAGTACAACACGCC-1,CD4 T cells
ACCAGTACAAGCGATG-1,CD14+ Monocytes
ACCAGTACACCGATAT-1,CD4 T cells
ACCAGTACATAAAGGT-1,CD4 T cells
ACCAGTAGTATGAAAC-1,CD4 T cells
ACCAGTAGTGCTGTAT-1,Other
ACCAGTAGTGTTAAGA-1,CD4 T cells
ACCAGTAGTTATCGGT-1,CD14+ Monocytes
ACCAGTAGTTCGTTGA-1,CD14+ Monocytes
ACCAGTAGTTGCGTTA-1,CD14+ Monocytes
ACCAGTATCACCGGGT-1,CD14+ Monocytes
ACCAGTATCCACTGGG-1,B cells
ACCAGTATCCTGCTTG-1,CD8 T cells
ACCAGTATCGCCAGCA-1,CD8 T cells
ACCAGTATCTCGCTTG-1,CD4 T cells
ACCCACTAGAGTGACC-1,CD4 T cells
ACCCACTAGATCCCGC-1,CD4 T cells
ACCCACTAGATCGATA-1,Dendritic Cells
ACCCACTAGGAACTGC-1,CD14+ Monocytes
ACCCACTAGGATGCGT-1,CD4 T cells
ACCCACTCAAGTTCTG-1,Dendritic Cells
ACCCACTCACAGAGGT-1,CD4 T cells
ACCCACTCACGAAAGC-1,CD4 T cells
ACCCACTCAGGAATGC-1,CD4 T cells
ACCCACTCATGCGCAC-1,Other
ACCCACTCATGGAATA-1,B cells
ACCCACTGTATTCTCT-1,CD4 T cells
ACCCACTGTCGGGTCT-1,CD4 T cells
ACCCACTGTCTCGTTC-1,CD4 T cells
ACCCACTGTGGTGTAG-1,CD4 T cells
ACCCACTTCAATCACG-1,CD8 T cells
ACCCACTTCAGTCAGT-1,NK cells
ACCCACTTCCCTGACT-1,B cells
ACCCACTTCCTTTCTC-1,CD4 T cells
ACCCACTTCGCCAGCA-1,CD14+ Monocytes
ACCCACTTCGCCATAA-1,CD14+ Monocytes
ACCGTAAAGCGTAATA-1,CD8 T cells
ACCGTAAAGGAGCGTT-1,FCGR3A+ Monocytes
ACCGTAAAGTAGTGCG-1,CD4 T cells
ACCGTAAAGTATCTCG-1,CD8 T cells
ACCGTAAAGTGACTCT-1,CD4 T cells
ACCGTAACAAGGGTCA-1,CD4 T cells
ACCGTAACAGACAAGC-1,CD4 T cells
ACCGTAACAGACTCGC-1,CD14+ Monocytes
ACCGTAACAGCTCGAC-1,CD14+ Monocytes
ACCGTAACAGGGAGAG-1,CD4 T cells
ACCGTAAGTATAGTAG-1,Dendritic Cells
ACCGTAAGTATTACCG-1,B cells
ACCGTAAGTCTAGCCG-1,CD4 T cells
ACCGTAAGTTATCGGT-1,CD4 T cells
ACCGTAAGTTGGTTTG-1,CD14+ Monocytes
ACCGTAATCACAATGC-1,CD4 T cells
ACCGTAATCCCTAATT-1,CD4 T cells
ACCGTAATCCTAGTGA-1,CD4 T cells
ACCTTTAAGACTTGAA-1,CD8 T cells
ACCTTTAAGCGCTCCA-1,CD4 T cells
ACCTTTAAGTACGTAA-1,CD14+ Monocytes
ACCTTTACACTGTGTA-1,B cells
ACCTTTACATGTCCTC-1,CD14+ Monocytes
ACCTTTACATTGTGCA-1,CD4 T cells
ACCTTTAGTATAGGTA-1,CD4 T cells
ACCTTTAGTCACCCAG-1,CD4 T cells
ACCTTTAGTCGGATCC-1,CD4 T cells
ACCTTTAGTCTTCTCG-1,CD4 T cells
ACCTTTAGTGGTGTAG-1,B cells
ACCTTTAGTGTAACGG-1,CD8 T cells
ACCTTTAGTGTGGCTC-1,CD4 T cells
ACCTTTAGTTCAGGCC-1,CD14+ Monocytes
ACCTTTAGTTTAAGCC-1,CD4 T cells
ACCTTTATCAAGGTAA-1,B cells
ACCTTTATCAGGTAAA-1,CD4 T cells
ACCTTTATCCAAGCCG-1,B cells
ACGAGCCAGAGGTTGC-1,CD4 T cells
ACGAGCCAGCTGGAAC-1,CD4 T cells
ACGAGCCCAACTGCGC-1,CD8 T cells
ACGAGCCCACGGTGTC-1,CD4 T cells
ACGAGCCCAGCTTAAC-1,CD14+ Monocytes
ACGAGCCCAGGCTCAC-1,CD4 T cells
ACGAGCCCAGGTCTCG-1,B cells
ACGAGCCCAGGTGCCT-1,B cells
ACGAGCCCATCAGTCA-1,CD4 T cells
ACGAGCCGTAGAGTGC-1,CD4 T cells
ACGAGCCGTGCAGACA-1,CD14+ Monocytes
ACGAGCCGTGCCTTGG-1,CD8 T cells
ACGAGCCTCAATCTCT-1,CD4 T cells
ACGAGCCTCTAACGGT-1,CD4 T cells
ACGAGCCTCTTGTTTG-1,CD4 T cells
ACGAGGAAGTCGTTTG-1,CD14+ Monocytes
ACGAGGAAGTGCAAGC-1,B cells
ACGAGGAAGTGGAGAA-1,CD4 T cells
ACGAGGACAATCTACG-1,CD4 T cells
ACGAGGACAGCCAATT-1,CD8 T cells
ACGAGGACAGGGAGAG-1,CD8 T cells
ACGAGGAGTGCTAGCC-1,Dendritic Cells
ACGAGGAGTGGCCCTA-1,B cells
ACGAGGAGTTCAGACT-1,NK cells
ACGAGGAGTTCCACGG-1,CD4 T cells
ACGAGGATCAACCAAC-1,CD4 T cells
ACGAGGATCGAATCCA-1,B cells
ACGATACAGATCTGCT-1,CD4 T cells
ACGATACAGCCACCTG-1,CD4 T cells
ACGATACAGCTACCTA-1,CD14+ Monocytes
ACGATACAGCTCTCGG-1,B cells
ACGATACAGCTGTTCA-1,CD4 T cells
ACGATACAGGCGCTCT-1,FCGR3A+ Monocytes
ACGATACCAACTGGCC-1,FCGR3A+ Monocytes
ACGATACCACGGACAA-1,CD4 T cells
ACGATACCACTCGACG-1,CD8 T cells
ACGATACGTCTACCTC-1,B cells
ACGATACGTTCACCTC-1,B cells
ACGATACTCAGCAACT-1,CD14+ Monocytes
ACGATACTCATATCGG-1,CD4 T cells
ACGATACTCCCTTGTG-1,B cells
ACGATACTCCTACAGA-1,CD14+ Monocytes
ACGATACTCGCTTAGA-1,CD4 T cells
ACGATACTCGGACAAG-1,CD14+ Monocytes
ACGATACTCGGATGTT-1,CD14+ Monocytes
ACGATGTAGCAGACTG-1,CD14+ Monocytes
ACGATGTAGCGATTCT-1,B cells
ACGATGTAGGATATAC-1,CD4 T cells
ACGATGTAGGCGACAT-1,CD4 T cells
ACGATGTAGGGCATGT-1,CD14+ Monocytes
ACGATGTAGGGTTTCT-1,Dendritic Cells
ACGATGTAGTGCTGCC-1,CD8 T cells
ACGATGTCAAACTGTC-1,CD4 T cells
ACGATGTCAAGACACG-1,CD4 T cells
ACGATGTCAATCCAAC-1,CD8 T cells
ACGATGTCACAGCCCA-1,CD14+ Monocytes
ACGATGTCACCAGGTC-1,CD4 T cells
ACGATGTCAGACACTT-1,NK cells
ACGATGTCAGTCAGAG-1,CD14+ Monocytes
ACGATGTCAGTCTTCC-1,B cells
ACGATGTGTCAGTGGA-1,NK cells
ACGATGTGTCGCATAT-1,CD4 T cells
ACGATGTGTCTGATTG-1,CD14+ Monocytes
ACGATGTGTTACAGAA-1,CD4 T cells
ACGATGTTCCATGAAC-1,CD14+ Monocytes
ACGATGTTCTCTTATG-1,NK cells
ACGCAGCAGACGCACA-1,CD14+ Monocytes
ACGCAGCAGAGTGAGA-1,CD4 T cells
ACGCAGCCAACACCTA-1,FCGR3A+ Monocytes
ACGCAGCCACAACGTT-1,Other
ACGCAGCCACGACTCG-1,CD4 T cells
ACGCAGCCATGGGACA-1,CD8 T cells
ACGCAGCGTAAACCTC-1,CD4 T cells
ACGCAGCGTCATGCCG-1,CD4 T cells
ACGCAGCGTCTACCTC-1,Other
ACGCAGCGTCTAGTCA-1,CD4 T cells
ACGCAGCGTGTGACCC-1,CD4 T cells
ACGCAGCGTTAAAGAC-1,Other
ACGCAGCGTTCAACCA-1,CD8 T cells
ACGCAGCTCACGACTA-1,FCGR3A+ Monocytes
ACGCAGCTCCATGCTC-1,CD4 T cells
ACGCAGCTCCCAAGTA-1,B cells
ACGCAGCTCGGCTACG-1,FCGR3A+ Monocytes
ACGCAGCTCTAACCGA-1,CD4 T cells
ACGCAGCTCTACTCAT-1,B cells
ACGCCAGAGAACTCGG-1,Dendritic Cells
ACGCCAGAGAGGTACC-1,CD8 T cells
ACGCCAGAGGAGTCTG-1,CD8 T cells
ACGCCAGAGGCCCTTG-1,Dendritic Cells
ACGCCAGAGGGAGTAA-1,CD4 T cells
ACGCCAGAGGGTGTTG-1,NK cells
ACGCCAGCAAAGAATC-1,CD14+ Monocytes
ACGCCAGCACATAACC-1,Megakaryocytes
ACGCCAGCACCAGGCT-1,CD14+ Monocytes
ACGCCAGCACTACAGT-1,CD14+ Monocytes
ACGCCAGGTACAGCAG-1,CD4 T cells
ACGCCAGGTACATGTC-1,CD4 T cells
ACGCCAGGTACCGGCT-1,CD4 T cells
ACGCCAGGTAGAAAGG-1,CD14+ Monocytes
ACGCCAGGTAGGGTAC-1,Other
ACGCCAGGTGCGATAG-1,CD8 T cells
ACGCCAGGTGGTAACG-1,CD4 T cells
ACGCCAGGTTATCGGT-1,B cells
ACGCCAGTCAGGTTCA-1,CD4 T cells
ACGCCAGTCGCATGAT-1,B cells
ACGCCAGTCTACCTGC-1,CD4 T cells
ACGCCGAAGCTGAACG-1,CD4 T cells
ACGCCGAAGTTTGCGT-1,CD4 T cells
ACGCCGACAAGAAAGG-1,CD4 T cells
ACGCCGACAAGACACG-1,CD4 T cells
ACGCCGACACAGGCCT-1,CD14+ Monocytes
ACGCCGACACCACCAG-1,CD4 T cells
ACGCCGACAGACAGGT-1,CD4 T cells
ACGCCGACAGGGTATG-1,CD8 T cells
ACGCCGACATCTATGG-1,CD4 T cells
ACGCCGACATTGGCGC-1,CD14+ Monocytes
ACGCCGACATTGGGCC-1,Other
ACGCCGAGTCATCCCT-1,Other
ACGCCGAGTGTCTGAT-1,CD8 T cells
ACGCCGATCACATAGC-1,CD14+ Monocytes
ACGCCGATCAGCAACT-1,B cells
ACGCCGATCCACGTTC-1,B cells
ACGCCGATCCCATTAT-1,CD4 T cells
ACGCCGATCTCCCTGA-1,CD4 T cells
ACGGAGAAGAAACGCC-1,CD4 T cells
ACGGAGAAGCAGGCTA-1,FCGR3A+ Monocytes
ACGGAGAAGCCCAACC-1,CD4 T cells
ACGGAGAAGGTAGCTG-1,CD14+ Monocytes
ACGGAGAAGTAATCCC-1,CD14+ Monocytes
ACGGAGAAGTCCATAC-1,CD14+ Monocytes
ACGGAGAAGTCTTGCA-1,CD14+ Monocytes
ACGGAGAAGTGTTTGC-1,B cells
ACGGAGACAATCAGAA-1,CD8 T cells
ACGGAGACACCACCAG-1,Other
ACGGAGACAGGGTATG-1,B cells
ACGGAGACAGTAAGCG-1,CD14+ Monocytes
ACGGAGACATTATCTC-1,CD8 T cells
ACGGAGAGTAGGACAC-1,Other
ACGGAGAGTCAGAATA-1,CD4 T cells
ACGGAGAGTGATGATA-1,B cells
ACGGAGAGTGGCTCCA-1,Other
ACGGAGAGTTCGTGAT-1,CD4 T cells
ACGGAGAGTTGGAGGT-1,CD8 T cells
ACGGAGAGTTTAAGCC-1,CD14+ Monocytes
ACGGAGAGTTTCGCTC-1,CD14+ Monocytes
ACGGAGATCACGGTTA-1,Other
ACGGAGATCATCGCTC-1,FCGR3A+ Monocytes
ACGGAGATCCTCGCAT-1,B cells
ACGGAGATCGCGTAGC-1,CD4 T cells
ACGGAGATCGGACAAG-1,CD4 T cells
ACGGCCAAGATATACG-1,CD4 T cells
ACGGCCAAGCGTTCCG-1,B cells
ACGGCCAAGGATGGAA-1,CD14+ Monocytes
ACGGCCAAGGCCATAG-1,B cells
ACGGCCAAGGCCGAAT-1,CD4 T cells
ACGGCCAAGGTACTCT-1,CD4 T cells
ACGGCCAAGTACATGA-1,CD14+ Monocytes
ACGGCCACAACGCACC-1,CD8 T cells
ACGGCCACAAGTTAAG-1,Dendritic Cells
ACGGCCACAATCTGCA-1,CD8 T cells
ACGGCCACACACAGAG-1,CD4 T cells
ACGGCCACACGAGGTA-1,CD14+ Monocytes
ACGGCCACAGGGTTAG-1,CD14+ Monocytes
ACGGCCAGTCTGGAGA-1,CD4 T cells
ACGGCCAGTTCAACCA-1,Other
ACGGCCATCACTTATC-1,CD4 T cells
ACGGCCATCTTCATGT-1,B cells
ACGGCCATCTTTACAC-1,CD8 T cells
ACGGGCTAGAATGTGT-1,CD14+ Monocytes
ACGGGCTAGCGCCTTG-1,CD14+ Monocytes
ACGGGCTAGCGCTTAT-1,Dendritic Cells
ACGGGCTAGGAGCGAG-1,CD4 T cells
ACGGGCTAGGTGTTAA-1,CD4 T cells
ACGGGCTCAAACCCAT-1,CD8 T cells
ACGGGCTCAAGGCTCC-1,CD4 T cells
ACGGGCTCAATAGCGG-1,CD4 T cells
ACGGGCTCACACTGCG-1,B cells
ACGGGCTCACATGGGA-1,CD4 T cells
ACGGGCTCACCAGCAC-1,B cells
ACGGGCTCAGTCAGAG-1,NK cells
ACGGGCTCAGTCGATT-1,CD4 T cells
ACGGGCTCATTACGAC-1,CD14+ Monocytes
ACGGGCTGTAAACGCG-1,B cells
ACGGGCTGTAGTACCT-1,CD4 T cells
ACGGGCTGTATGGTTC-1,CD4 T cells
ACGGGCTTCATTATCC-1,CD4 T cells
ACGGGCTTCCAGTATG-1,CD14+ Monocytes
ACGGGCTTCCGGCACA-1,CD14+ Monocytes
ACGGGCTTCTTTACGT-1,Other
ACGGGTCAGATCGATA-1,CD14+ Monocytes
ACGGGTCAGCAATATG-1,CD14+ Monocytes
ACGGGTCAGGGAGTAA-1,CD4 T cells
ACGGGTCAGTGTACCT-1,CD4 T cells
ACGGGTCAGTGTTTGC-1,CD4 T cells
ACGGGTCGTCACCCAG-1,NK cells
ACGGGTCGTGTTCGAT-1,CD4 T cells
ACGGGTCGTGTTGGGA-1,CD4 T cells
ACGGGTCGTTCACGGC-1,B cells
ACGGGTCGTTCAGCGC-1,CD4 T cells
ACGGGTCTCTGAGGGA-1,CD4 T cells
ACGTCAAAGATGCGAC-1,B cells
ACGTCAAAGCACACAG-1,CD4 T cells
ACGTCAAAGTTATCGC-1,CD4 T cells
ACGTCAACAAATTGCC-1,FCGR3A+ Monocytes
ACGTCAACAAGTCATC-1,CD14+ Monocytes
ACGTCAACAAGTTCTG-1,CD8 T cells
ACGTCAACAATCGAAA-1,CD14+ Monocytes
ACGTCAACACGTGAGA-1,CD4 T cells
ACGTCAACATAGGATA-1,CD14+ Monocytes
ACGTCAACATTACGAC-1,NK cells
ACGTCAAGTATCTGCA-1,FCGR3A+ Monocytes
ACGTCAAGTCGACTGC-1,Other
ACGTCAAGTGGAAAGA-1,Other
ACGTCAAGTTAAAGTG-1,CD14+ Monocytes
ACGTCAAGTTAAGAAC-1,CD4 T cells
ACGTCAATCCATGAAC-1,B cells
ACGTCAATCCCGGATG-1,Dendritic Cells
ACGTCAATCGCGGATC-1,CD4 T cells
ACGTCAATCGGTTAAC-1,CD4 T cells
ACTATCTAGACTAAGT-1,CD4 T cells
ACTATCTAGATGGGTC-1,Megakaryocytes
ACTATCTAGCTCCCAG-1,CD4 T cells
ACTATCTAGCTGCAAG-1,NK cells
ACTATCTAGGAATTAC-1,B cells
ACTATCTCAGCCTTTC-1,Dendritic Cells
ACTATCTCAGTCAGAG-1,CD8 T cells
ACTATCTCATCTATGG-1,Other
ACTATCTCATGACGGA-1,CD8 T cells
ACTATCTGTACTCAAC-1,Other
ACTATCTGTGGTCCGT-1,CD4 T cells
ACTATCTGTGTCAATC-1,CD8 T cells
ACTATCTGTTACGGAG-1,B cells
ACTATCTGTTATGCGT-1,CD4 T cells
ACTATCTTCAGATAAG-1,FCGR3A+ Monocytes
ACTGAACAGAAGCCCA-1,CD4 T cells
ACTGAACAGACCTAGG-1,CD8 T cells
ACTGAACAGACGCACA-1,CD8 T cells
ACTGAACAGGGTGTGT-1,B cells
ACTGAACCAACTGGCC-1,Other
ACTGAACCACAGATTC-1,CD14+ Monocytes
ACTGAACCACGAGGTA-1,CD8 T cells
ACTGAACCACTATCTT-1,CD4 T cells
ACTGAACGTCCAGTAT-1,CD4 T cells
ACTGAACTCCACTGGG-1,Other
ACTGAACTCCGAACGC-1,CD4 T cells
ACTGAGTAGAGACGAA-1,CD8 T cells
ACTGAGTAGGCATTGG-1,CD4 T cells
ACTGAGTAGTATCGAA-1,Other
ACTGAGTCAACACCTA-1,Dendritic Cells
ACTGAGTCACCTCGGA-1,CD4 T cells
ACTGAGTCAGCTGTTA-1,B cells
ACTGAGTGTAAGCACG-1,CD4 T cells
ACTGAGTGTACAGCAG-1,CD4 T cells
ACTGAGTGTACCGTTA-1,CD8 T cells
ACTGAGTGTCAAACTC-1,CD4 T cells
ACTGAGTGTCAGTGGA-1,CD4 T cells
ACTGAGTGTGACCAAG-1,B cells
ACTGAGTGTGTATGGG-1,B cells
ACTGAGTGTTACTGAC-1,NK cells
ACTGATGAGAAGAAGC-1,CD4 T cells
ACTGATGAGATCCGAG-1,CD4 T cells
ACTGATGAGCCCAACC-1,CD4 T cells
ACTGATGAGCTAGTCT-1,CD8 T cells
ACTGATGAGGAGTCTG-1,Other
ACTGATGAGTGCCATT-1,CD4 T cells
ACTGATGAGTTAAGTG-1,CD4 T cells
ACTGATGCAACTGGCC-1,B cells
ACTGATGCACACCGAC-1,CD4 T cells
ACTGATGCACTGAAGG-1,CD8 T cells
ACTGATGCACTGTGTA-1,CD4 T cells
ACTGATGCAGTCCTTC-1,CD14+ Monocytes
ACTGATGCATCGGGTC-1,CD14+ Monocytes
ACTGATGGTACGAAAT-1,Megakaryocytes
ACTGATGGTCTTGTCC-1,CD4 T cells
ACTGATGTCACATGCA-1,Other
ACTGATGTCCGTTGTC-1,CD4 T cells
ACTGATGTCGCCATAA-1,FCGR3A+ Monocytes
ACTGATGTCGTCCAGG-1,CD4 T cells
ACTGATGTCTTGCATT-1,CD4 T cells
ACTGCTCAGAAACCAT-1,CD14+ Monocytes
ACTGCTCAGACAGAGA-1,CD4 T cells
ACTGCTCAGAGTACCG-1,CD14+ Monocytes
ACTGCTCAGTGAACAT-1,CD4 T cells
ACTGCTCCAAGCTGAG-1,CD4 T cells
ACTGCTCCAAGGTGTG-1,CD4 T cells
ACTGCTCCAGTATCTG-1,CD8 T cells
ACTGCTCCATTCTCAT-1,CD4 T cells
ACTGCTCGTACTCAAC-1,CD14+ Monocytes
ACTGCTCGTCGGCATC-1,CD4 T cells
ACTGCTCGTCTCTTAT-1,CD4 T cells
ACTGCTCGTGTGACCC-1,CD4 T cells
ACTGCTCGTGTTTGTG-1,CD4 T cells
ACTGCTCGTTCTGTTT-1,Megakaryocytes
ACTGCTCTCCCGACTT-1,FCGR3A+ Monocytes
ACTGCTCTCCCTAATT-1,CD14+ Monocytes
ACTGCTCTCGAATGGG-1,CD4 T cells
ACTGCTCTCGGATGGA-1,CD4 T cells
ACTGCTCTCGGTTAAC-1,CD14+ Monocytes
ACTGCTCTCGTCGTTC-1,B cells
ACTGCTCTCTGCGACG-1,CD4 T cells
ACTGCTCTCTTGCCGT-1,CD4 T cells
ACTGTCCAGATGGGTC-1,CD4 T cells
ACTGTCCAGATGTTAG-1,CD8 T cells
ACTGTCCAGCACGCCT-1,CD4 T cells
ACTGTCCAGCAGACTG-1,FCGR3A+ Monocytes
ACTGTCCAGCGCCTTG-1,CD4 T cells
ACTGTCCAGCGCTTAT-1,CD4 T cells
ACTGTCCAGCGTTGCC-1,CD14+ Monocytes
ACTGTCCAGTGTTGAA-1,B cells
ACTGTCCCATAAGACA-1,B cells
ACTGTCCGTACGAAAT-1,CD4 T cells
ACTGTCCGTCAGTGGA-1,CD14+ Monocytes
ACTGTCCGTTCGGCAC-1,CD4 T cells
ACTGTCCTCAAGGTAA-1,CD4 T cells
ACTGTCCTCATAAAGG-1,CD14+ Monocytes
ACTGTCCTCATCGCTC-1,CD14+ Monocytes
ACTGTCCTCGGATGGA-1,CD4 T cells
ACTGTCCTCTAGAGTC-1,CD4 T cells
ACTTACTAGAGTAAGG-1,Other
ACTTACTAGCCGGTAA-1,CD4 T cells
ACTTACTAGGATCGCA-1,NK cells
ACTTACTAGGCATGTG-1,CD14+ Monocytes
ACTTACTAGTACTTGC-1,CD14+ Monocytes
ACTTACTCAATCAGAA-1,CD14+ Monocytes
ACTTACTCACACCGCA-1,CD14+ Monocytes
ACTTACTCATCATCCC-1,CD14+ Monocytes
ACTTACTGTACTTGAC-1,CD4 T cells
ACTTACTGTCCCTACT-1,CD4 T cells
ACTTACTGTCGTTGTA-1,CD4 T cells
ACTTACTGTGACGCCT-1,CD4 T cells
ACTTACTGTGAGCGAT-1,B cells
ACTTACTGTTAAGGGC-1,CD8 T cells
ACTTACTGTTCTGAAC-1,CD4 T cells
ACTTACTTCAGAGGTG-1,B cells
ACTTACTTCCCACTTG-1,Dendritic Cells
ACTTACTTCCTTAATC-1,CD4 T cells
ACTTACTTCGCCCTTA-1,CD8 T cells
ACTTACTTCGTTGACA-1,B cells
ACTTACTTCTGGTTCC-1,CD4 T cells
ACTTGTTAGACTTGAA-1,Other
ACTTGTTAGAGACTAT-1,NK cells
ACTTGTTAGCAGACTG-1,CD14+ Monocytes
ACTTGTTAGGATCGCA-1,NK cells
ACTTGTTAGGATTCGG-1,FCGR3A+ Monocytes
ACTTGTTAGTTAGGTA-1,CD14+ Monocytes
ACTTGTTCACCAGATT-1,CD4 T cells
ACTTGTTCACCATCCT-1,B cells
ACTTGTTCAGACTCGC-1,CD4 T cells
ACTTGTTCAGGACGTA-1,B cells
ACTTGTTCATATACGC-1,CD4 T cells
ACTTGTTCATCCTTGC-1,Other
ACTTGTTCATTGGTAC-1,CD4 T cells
ACTTGTTGTCCCGACA-1,CD14+ Monocytes
ACTTGTTGTGCACCAC-1,CD4 T cells
ACTTGTTGTGCTGTAT-1,CD4 T cells
ACTTGTTGTGTTAAGA-1,CD4 T cells
ACTTGTTGTTGCTCCT-1,Dendritic Cells
ACTTGTTGTTTGGGCC-1,CD14+ Monocytes
ACTTGTTTCCCTGACT-1,CD4 T cells
ACTTGTTTCCTCAACC-1,B cells
ACTTGTTTCTCCAACC-1,CD8 T cells
ACTTGTTTCTCTTATG-1,CD14+ Monocytes
ACTTGTTTCTGGTGTA-1,CD4 T cells
ACTTGTTTCTTCGGTC-1,FCGR3A+ Monocytes
ACTTTCAAGCACCGTC-1,B cells
ACTTTCAAGCCCAACC-1,B cells
ACTTTCACACGTAAGG-1,CD4 T cells
ACTTTCACACGTCAGC-1,CD4 T cells
ACTTTCACACTGAAGG-1,CD4 T cells
ACTTTCACAGACTCGC-1,B cells
ACTTTCACAGGTTTCA-1,CD4 T cells
ACTTTCACATCACAAC-1,CD4 T cells
ACTTTCAGTCATGCCG-1,B cells
ACTTTCAGTCGCCATG-1,CD4 T cells
ACTTTCATCAATCTCT-1,CD14+ Monocytes
ACTTTCATCACTCTTA-1,CD8 T cells
ACTTTCATCACTGGGC-1,CD4 T cells
ACTTTCATCGAGGTAG-1,CD4 T cells
AGAATAGAGAGTAATC-1,Dendritic Cells
AGAATAGAGCTGCAAG-1,CD8 T cells
AGAATAGAGGAGTTGC-1,CD14+ Monocytes
AGAATAGAGGCTATCT-1,CD4 T cells
AGAATAGAGTCTTGCA-1,CD4 T cells
AGAATAGCAATGTAAG-1,NK cells
AGAATAGCAATTCCTT-1,NK cells
AGAATAGCACACCGAC-1,CD8 T cells
AGAATAGCAGATGGCA-1,CD4 T cells
AGAATAGCAGTTAACC-1,CD14+ Monocytes
AGAATAGCATTCTTAC-1,CD4 T cells
AGAATAGGTAGCAAAT-1,Dendritic Cells
AGAATAGGTGCCTTGG-1,CD4 T cells
AGAATAGGTTCAACCA-1,CD8 T cells
AGAATAGTCAACCAAC-1,CD4 T cells
AGAATAGTCACCACCT-1,CD4 T cells
AGAATAGTCCACTGGG-1,CD14+ Monocytes
AGAATAGTCGTGGGAA-1,Dendritic Cells
AGAATAGTCTGGTTCC-1,CD4 T cells
AGACGTTAGCGATTCT-1,CD4 T cells
AGACGTTAGGCTAGAC-1,CD14+ Monocytes
AGACGTTAGTGAAGTT-1,CD4 T cells
AGACGTTAGTGCAAGC-1,CD4 T cells
AGACGTTAGTGTACCT-1,B cells
AGACGTTCAAAGGTGC-1,CD4 T cells
AGACGTTCACGCCAGT-1,CD8 T cells
AGACGTTCACTACAGT-1,CD4 T cells
AGACGTTCAGGATCGA-1,CD4 T cells
AGACGTTGTAAGTAGT-1,CD4 T cells
AGACGTTGTAAGTGGC-1,CD14+ Monocytes
AGACGTTGTACTTAGC-1,CD14+ Monocytes
AGACGTTGTCCCTACT-1,CD4 T cells
AGACGTTGTTGAGGTG-1,CD4 T cells
AGACGTTTCAGTGTTG-1,B cells
AGACGTTTCCAAATGC-1,CD4 T cells
AGACGTTTCGGTCCGA-1,CD14+ Monocytes
AGACGTTTCGTCCGTT-1,CD8 T cells
AGAGCGAAGCTGTCTA-1,CD14+ Monocytes
AGAGCGAAGGATGGTC-1,FCGR3A+ Monocytes
AGAGCGAAGTGAACGC-1,CD4 T cells
AGAGCGAAGTTGAGTA-1,CD4 T cells
AGAGCGACATATACGC-1,B cells
AGAGCGACATGTTCCC-1,B cells
AGAGCGAGTCCATGAT-1,Dendritic Cells
AGAGCGAGTCTGCCAG-1,CD8 T cells
AGAGCGATCACTCTTA-1,CD4 T cells
AGAGCGATCAGGCCCA-1,FCGR3A+ Monocytes
AGAGCTTAGAACAATC-1,B cells
AGAGCTTAGCAGGTCA-1,CD4 T cells
AGAGCTTAGCTGTCTA-1,CD8 T cells
AGAGCTTAGCTTCGCG-1,CD4 T cells
AGAGCTTAGGATATAC-1,CD4 T cells
AGAGCTTAGGCTACGA-1,NK cells
AGAGCTTCAAGGTTCT-1,Other
AGAGCTTCACATTAGC-1,Dendritic Cells
AGAGCTTCACCAGATT-1,Dendritic Cells
AGAGCTTCACGGTGTC-1,CD4 T cells
AGAGCTTCAGATCGGA-1,CD4 T cells
AGAGCTTCATGGTCTA-1,CD14+ Monocytes
AGAGCTTCATGTCTCC-1,CD4 T cells
AGAGCTTGTCGACTGC-1,CD4 T cells
AGAGCTTGTGCACGAA-1,Dendritic Cells
AGAGCTTGTGCTAGCC-1,CD4 T cells
AGAGCTTGTTATCACG-1,CD4 T cells
AGAGCTTGTTCGCTAA-1,CD14+ Monocytes
AGAGCTTTCAGAGACG-1,B cells
AGAGCTTTCATGTAGC-1,CD14+ Monocytes
AGAGCTTTCCAAACTG-1,CD8 T cells
AGAGCTTTCCTTTACA-1,CD4 T cells
AGAGCTTTCGTACCGG-1,CD14+ Monocytes
AGAGCTTTCGTTACGA-1,CD4 T cells
AGAGCTTTCTAACTGG-1,Dendritic Cells
AGAGCTTTCTAGCACA-1,CD4 T cells
AGAGCTTTCTATCCTA-1,CD14+ Monocytes
AGAGCTTTCTGGAGCC-1,B cells
AGAGTGGAGGACTGGT-1,CD8 T cells
AGAGTGGCAAGCCCAC-1,Other
AGAGTGGCACTCTGTC-1,Dendritic Cells
AGAGTGGCAGAGTGTG-1,CD4 T cells
AGAGTGGCAGGGTTAG-1,CD8 T cells
AGAGTGGCAGGTGCCT-1,Other
AGAGTGGCAGGTGGAT-1,Other
AGAGTGGCATGTAAGA-1,CD4 T cells
AGAGTGGCATGTAGTC-1,CD4 T cells
AGAGTGGGTACCGCTG-1,B cells
AGAGTGGGTACTCTCC-1,CD4 T cells
AGAGTGGGTCAGATAA-1,NK cells
AGAGTGGGTCCGACGT-1,CD14+ Monocytes
AGAGTGGGTGCAACTT-1,CD14+ Monocytes
AGAGTGGGTTCTGGTA-1,CD4 T cells
AGAGTGGGTTTACTCT-1,CD4 T cells
AGAGTGGTCAGTTTGG-1,CD4 T cells
AGAGTGGTCATCGATG-1,CD4 T cells
AGAGTGGTCGGAGCAA-1,Dendritic Cells
AGAGTGGTCTGGTATG-1,CD4 T cells
AGAGTGGTCTTGACGA-1,CD4 T cells
AGAGTGGTCTTGTACT-1,CD14+ Monocytes
AGATCTGAGCTGAACG-1,Dendritic Cells
AGATCTGAGGTACTCT-1,B cells
AGATCTGCAACTGCTA-1,CD4 T cells
AGATCTGCACCAGCAC-1,Dendritic Cells
AGATCTGCACCTGGTG-1,CD14+ Monocytes
AGATCTGCAGGGATTG-1,CD4 T cells
AGATCTGGTAGCCTCG-1,CD4 T cells
AGATCTGGTGCCTGGT-1,CD4 T cells
AGATCTGGTGTGCGTC-1,Dendritic Cells
AGATCTGGTTAAAGAC-1,CD8 T cells
AGATCTGTCAACCATG-1,B cells
AGATCTGTCACCCTCA-1,CD14+ Monocytes
AGATCTGTCTTTCCTC-1,CD4 T cells
AGATTGCAGGATTCGG-1,CD8 T cells
AGATTGCCAATGAAAC-1,CD4 T cells
AGATTGCCACCCATTC-1,Other
AGATTGCCACGGATAG-1,CD4 T cells
AGATTGCCACTTAACG-1,B cells
AGATTGCCAGTAGAGC-1,CD4 T cells
AGATTGCCATCGACGC-1,FCGR3A+ Monocytes
AGATTGCCATGTTCCC-1,CD14+ Monocytes
AGATTGCGTATTAGCC-1,CD4 T cells
AGATTGCGTCAGGACA-1,CD8 T cells
AGATTGCGTGATAAAC-1,CD8 T cells
AGATTGCGTTGCCTCT-1,CD4 T cells
AGATTGCTCACCACCT-1,CD4 T cells
AGATTGCTCAGGTAAA-1,CD4 T cells
AGATTGCTCAGTTGAC-1,CD4 T cells
AGATTGCTCCTACAGA-1,B cells
AGATTGCTCCTTTACA-1,CD4 T cells
AGATTGCTCTGGTTCC-1,CD4 T cells
AGATTGCTCTTCGAGA-1,NK cells
AGCAGCCAGAGAACAG-1,CD4 T cells
AGCAGCCAGAGCTTCT-1,CD4 T cells
AGCAGCCAGTGTGAAT-1,Other
AGCAGCCCAAGTCTGT-1,CD4 T cells
AGCAGCCCACCCATGG-1,B cells
AGCAGCCCACGGTAAG-1,CD14+ Monocytes
AGCAGCCCACTTAAGC-1,CD14+ Monocytes
AGCAGCCCAGTCTTCC-1,B cells
AGCAGCCGTAACGCGA-1,NK cells
AGCAGCCGTAGGACAC-1,CD4 T cells
AGCAGCCGTCTAAAGA-1,CD4 T cells
AGCAGCCGTTATCCGA-1,CD8 T cells
AGCAGCCGTTTGGCGC-1,Other
AGCAGCCTCACCATAG-1,B cells
AGCAGCCTCCATGAGT-1,CD4 T cells
AGCAGCCTCCCACTTG-1,CD14+ Monocytes
AGCAGCCTCCTGTACC-1,CD4 T cells
AGCAGCCTCGGAAATA-1,CD4 T cells
AGCAGCCTCGTGGTCG-1,CD4 T cells
AGCATACAGACACTAA-1,B cells
AGCATACAGCCTTGAT-1,CD4 T cells
AGCATACAGGCTACGA-1,CD14+ Monocytes
AGCATACAGGGAGTAA-1,CD4 T cells
AGCATACAGGGTTTCT-1,CD14+ Monocytes
AGCATACAGTGCGATG-1,CD14+ Monocytes
AGCATACAGTGGAGTC-1,CD4 T cells
AGCATACCAAAGCAAT-1,CD14+ Monocytes
AGCATACCAATGACCT-1,CD14+ Monocytes
AGCATACCAGGTCGTC-1,CD14+ Monocytes
AGCATACCATGACGGA-1,CD14+ Monocytes
AGCATACCATGCTGGC-1,Dendritic Cells
AGCATACGTCGCTTTC-1,FCGR3A+ Monocytes
AGCATACGTGAGTGAC-1,Other
AGCATACTCACGCGGT-1,B cells
AGCATACTCCATTCTA-1,B cells
AGCATACTCGCTGATA-1,CD4 T cells
AGCATACTCTACTCAT-1,B cells
AGCCTAAAGAGATGAG-1,CD8 T cells
AGCCTAAAGATAGTCA-1,CD4 T cells
AGCCTAAAGATTACCC-1,CD14+ Monocytes
AGCCTAAAGCAATCTC-1,B cells
AGCCTAAAGCTGTCTA-1,CD4 T cells
AGCCTAAAGGCGATAC-1,CD4 T cells
AGCCTAAAGTAGCCGA-1,NK cells
AGCCTAAAGTCGATAA-1,Other
AGCCTAAAGTGAATTG-1,CD14+ Monocytes
AGCCTAACAATCAGAA-1,CD4 T cells
AGCCTAACACAGATTC-1,CD4 T cells
AGCCTAACACATCCGG-1,CD4 T cells
AGCCTAACACTATCTT-1,CD4 T cells
AGCCTAAGTAAGGGAA-1,CD4 T cells
AGCCTAAGTATATGAG-1,FCGR3A+ Monocytes
AGCCTAAGTCTAAAGA-1,CD14+ Monocytes
AGCCTAAGTGCTCTTC-1,CD14+ Monocytes
AGCCTAATCACATGCA-1,CD14+ Monocytes
AGCCTAATCATGCTCC-1,CD4 T cells
AGCCTAATCCCGGATG-1,B cells
AGCGGTCAGAGCTGGT-1,B cells
AGCGGTCAGCTGGAAC-1,CD8 T cells
AGCGGTCCACAGTCGC-1,CD8 T cells
AGCGGTCCACCAGGCT-1,CD8 T cells
AGCGGTCCACCATCCT-1,CD8 T cells
AGCGGTCCAGTGGAGT-1,CD14+ Monocytes
AGCGGTCCATACTCTT-1,CD14+ Monocytes
AGCGGTCCATATGCTG-1,CD14+ Monocytes
AGCGGTCCATGTCTCC-1,CD4 T cells
AGCGGTCGTATTAGCC-1,CD4 T cells
AGCGGTCGTCCTAGCG-1,CD4 T cells
AGCGGTCGTGGCCCTA-1,CD8 T cells
AGCGGTCGTGGGTCAA-1,Other
AGCGGTCGTGGTCTCG-1,CD8 T cells
AGCGGTCGTGGTGTAG-1,CD14+ Monocytes
AGCGGTCGTTTGACTG-1,CD8 T cells
AGCGGTCTCCGAGCCA-1,CD4 T cells
AGCGGTCTCGTGGGAA-1,CD14+ Monocytes
AGCGTATAGAAACGAG-1,FCGR3A+ Monocytes
AGCGTATAGACCGGAT-1,CD14+ Monocytes
AGCGTATAGATAGGAG-1,CD8 T cells
AGCGTATAGGCAGGTT-1,CD4 T cells
AGCGTATAGTACGCCC-1,CD14+ Monocytes
AGCGTATAGTTTAGGA-1,CD14+ Monocytes
AGCGTATCACAAGACG-1,FCGR3A+ Monocytes
AGCGTATCACAGACTT-1,CD14+ Monocytes
AGCGTATCACATAACC-1,CD4 T cells
AGCGTATCACCTCGGA-1,CD4 T cells
AGCGTATCACGTGAGA-1,CD4 T cells
AGCGTATCAGTGAGTG-1,CD8 T cells
AGCGTATGTACCGTAT-1,CD14+ Monocytes
AGCGTATGTGGTAACG-1,CD4 T cells
AGCGTATTCAGCTTAG-1,B cells
AGCGTATTCCCAACGG-1,CD8 T cells
AGCGTATTCCTTGACC-1,CD14+ Monocytes
AGCGTATTCGCGCCAA-1,B cells
AGCGTATTCTCACATT-1,CD8 T cells
AGCGTCGAGATGTAAC-1,Dendritic Cells
AGCGTCGAGTTAACGA-1,B cells
AGCGTCGAGTTCGCAT-1,CD4 T cells
AGCGTCGGTCCAAGTT-1,B cells
AGCGTCGGTTGGAGGT-1,CD14+ Monocytes
AGCGTCGTCACCGGGT-1,CD4 T cells
AGCGTCGTCCTTGACC-1,CD4 T cells
AGCGTCGTCGTGACAT-1,CD4 T cells
AGCGTCGTCTCTGTCG-1,Other
AGCGTCGTCTGCAGTA-1,CD14+ Monocytes
AGCGTCGTCTTGTACT-1,CD4 T cells
AGCTCCTAGACTACAA-1,B cells
AGCTCCTAGCCCAATT-1,CD4 T cells
AGCTCCTAGGTGACCA-1,B cells
AGCTCCTAGTCGAGTG-1,CD4 T cells
AGCTCCTCAAGGACTG-1,CD4 T cells
AGCTCCTCAAGTAGTA-1,CD4 T cells
AGCTCCTCACCTATCC-1,CD8 T cells
AGCTCCTCACCTGGTG-1,B cells
AGCTCCTCAGCGTTCG-1,NK cells
AGCTCCTGTACATGTC-1,CD4 T cells
AGCTCCTGTACCGTAT-1,CD8 T cells
AGCTCCTGTTCGGGCT-1,Other
AGCTCCTGTTGCCTCT-1,CD4 T cells
AGCTCCTTCCAGAGGA-1,B cells
AGCTCCTTCGCTTGTC-1,CD14+ Monocytes
AGCTCCTTCTCAAGTG-1,B cells
AGCTCTCAGTACGTTC-1,CD8 T cells
AGCTCTCCAAGGTTCT-1,CD14+ Monocytes
AGCTCTCCAGCTGGCT-1,B cells
AGCTCTCCAGTCGTGC-1,CD4 T cells
AGCTCTCCATGTAGTC-1,CD4 T cells
AGCTCTCGTAGGGACT-1,CD8 T cells
AGCTCTCGTCGAAAGC-1,B cells
AGCTCTCGTGCCTGCA-1,CD8 T cells
AGCTCTCGTTCGGGCT-1,CD8 T cells
AGCTCTCTCCAGAAGG-1,B cells
AGCTCTCTCCCTTGTG-1,CD4 T cells
AGCTCTCTCCGATATG-1,Other
AGCTTGAAGAAGGTGA-1,CD4 T cells
AGCTTGACAAACGTGG-1,CD4 T cells
AGCTTGACAACTGCTA-1,Other
AGCTTGACAAGCGATG-1,CD8 T cells
AGCTTGACACCAGCAC-1,Other
AGCTTGACACCATCCT-1,CD4 T cells
AGCTTGACACCGTTGG-1,CD4 T cells
AGCTTGACAGATCCAT-1,CD4 T cells
AGCTTGACATTCCTCG-1,CD4 T cells
AGCTTGAGTAGCGCAA-1,CD14+ Monocytes
AGCTTGAGTCATATGC-1,CD14+ Monocytes
AGCTTGAGTGACGGTA-1,CD4 T cells
AGCTTGAGTGTCTGAT-1,CD8 T cells
AGCTTGAGTGTGCGTC-1,CD4 T cells
AGCTTGAGTTAAGAAC-1,CD4 T cells
AGCTTGAGTTTGGCGC-1,B cells
AGCTTGATCACCATAG-1,B cells
AGCTTGATCCTCCTAG-1,CD8 T cells
AGCTTGATCGATCCCT-1,CD4 T cells
AGGCCACAGCACACAG-1,CD14+ Monocytes
AGGCCACAGCCTCGTG-1,Other
AGGCCACAGCTAACTC-1,CD4 T cells
AGGCCACAGGCCCTCA-1,B cells
AGGCCACAGTTCGCAT-1,B cells
AGGCCACCAAGCCCAC-1,CD4 T cells
AGGCCACCACCGAAAG-1,CD8 T cells
AGGCCACCAGCGTCCA-1,CD4 T cells
AGGCCACCAGCTGTTA-1,CD14+ Monocytes
AGGCCACCATTGGCGC-1,CD4 T cells
AGGCCACGTACATCCA-1,FCGR3A+ Monocytes
AGGCCACGTATAAACG-1,B cells
AGGCCACGTCATCCCT-1,CD4 T cells
AGGCCACGTTATCACG-1,B cells
AGGCCACGTTCGCGAC-1,FCGR3A+ Monocytes
AGGCCACGTTCGGCAC-1,CD4 T cells
AGGCCACTCATCTGCC-1,NK cells
AGGCCACTCATGTCTT-1,FCGR3A+ Monocytes
AGGCCACTCGAACGGA-1,CD8 T cells
AGGCCACTCGCGTTTC-1,CD14+ Monocytes
AGGCCACTCGTAGGTT-1,CD4 T cells
AGGCCACTCTGGGCCA-1,CD4 T cells
AGGCCACTCTTGAGGT-1,CD4 T cells
AGGCCACTCTTGCATT-1,FCGR3A+ Monocytes
AGGCCACTCTTTAGGG-1,CD4 T cells
AGGCCGTAGACAAAGG-1,Other
AGGCCGTAGGAGTACC-1,CD4 T cells
AGGCCGTAGTAATCCC-1,CD14+ Monocytes
AGGCCGTCAATGGAGC-1,CD4 T cells
AGGCCGTCACAGATTC-1,CD4 T cells
AGGCCGTCATATGAGA-1,B cells
AGGCCGTGTAAGTGTA-1,CD4 T cells
AGGCCGTGTCGCGAAA-1,CD8 T cells
AGGCCGTGTTGAGGTG-1,CD4 T cells
AGGCCGTTCACATACG-1,CD14+ Monocytes
AGGCCGTTCGACGGAA-1,NK cells
AGGCCGTTCGCAAGCC-1,CD4 T cells
AGGCCGTTCGCAGGCT-1,B cells
AGGGAGTAGAGAGCTC-1,CD4 T cells
AGGGAGTAGATGCGAC-1,CD4 T cells
AGGGAGTAGCCAGGAT-1,CD14+ Monocytes
AGGGAGTAGCGTCTAT-1,CD14+ Monocytes
AGGGAGTAGTCGATAA-1,Other
AGGGAGTCAACACGCC-1,NK cells
AGGGAGTCAACTGCTA-1,CD4 T cells
AGGGAGTCACGGTGTC-1,CD14+ Monocytes
AGGGAGTCATATGCTG-1,CD8 T cells
AGGGAGTGTAAATGTG-1,B cells
AGGGAGTGTAATAGCA-1,CD14+ Monocytes
AGGGAGTGTACAGTGG-1,B cells
AGGGAGTGTAGGCTGA-1,CD4 T cells
AGGGAGTGTTCCACAA-1,CD4 T cells
AGGGAGTTCTCTGTCG-1,CD4 T cells
AGGGATGAGCACCGTC-1,CD14+ Monocytes
AGGGATGAGCATGGCA-1,CD14+ Monocytes
AGGGATGCAAAGTCAA-1,Megakaryocytes
AGGGATGCAAGGTTCT-1,FCGR3A+ Monocytes
AGGGATGCAAGTAGTA-1,B cells
AGGGATGCATCCGCGA-1,CD4 T cells
AGGGATGCATGGATGG-1,CD4 T cells
AGGGATGGTCAATACC-1,CD4 T cells
AGGGATGGTCATATGC-1,B cells
AGGGATGGTCCGCTGA-1,CD14+ Monocytes
AGGGATGTCCAGATCA-1,CD14+ Monocytes
AGGGATGTCGCGTAGC-1,CD4 T cells
AGGGATGTCTTCGGTC-1,CD4 T cells
AGGGTGAAGAGGGCTT-1,Other
AGGGTGAAGGCATGTG-1,CD4 T cells
AGGGTGAAGTGGGATC-1,CD4 T cells
AGGGTGACAAGAGTCG-1,CD14+ Monocytes
AGGGTGACAAGGGTCA-1,CD14+ Monocytes
AGGGTGACAATGAAAC-1,CD14+ Monocytes
AGGGTGACACACCGAC-1,CD8 T cells
AGGGTGACACCAACCG-1,NK cells
AGGGTGACACTACAGT-1,CD14+ Monocytes
AGGGTGACAGGCAGTA-1,CD4 T cells
AGGGTGACAGTTTACG-1,B cells
AGGGTGAGTAAACGCG-1,CD4 T cells
AGGGTGAGTAACGCGA-1,CD8 T cells
AGGGTGAGTAAGTAGT-1,CD14+ Monocytes
AGGGTGAGTACCGTTA-1,B cells
AGGGTGAGTCGATTGT-1,Other
AGGGTGAGTGCAGACA-1,CD4 T cells
AGGGTGAGTGCGGTAA-1,CD4 T cells
AGGGTGAGTGTGGCTC-1,NK cells
AGGGTGAGTTGATTCG-1,CD14+ Monocytes
AGGGTGATCACCTTAT-1,CD8 T cells
AGGGTGATCCATGAGT-1,CD4 T cells
AGGGTGATCCGCAGTG-1,CD14+ Monocytes
AGGGTGATCCGGCACA-1,CD4 T cells
AGGGTGATCCTGTACC-1,FCGR3A+ Monocytes
AGGGTGATCGCCAAAT-1,CD4 T cells
AGGTCATAGCTAAGAT-1,Dendritic Cells
AGGTCATAGGATGTAT-1,FCGR3A+ Monocytes
AGGTCATAGTCTCCTC-1,CD4 T cells
AGGTCATCAACACCTA-1,CD4 T cells
AGGTCATCACATTCGA-1,B cells
AGGTCATCACCGAAAG-1,FCGR3A+ Monocytes
AGGTCATCACTGCCAG-1,CD4 T cells
AGGTCATCATTCACTT-1,B cells
AGGTCATGTAAGGGAA-1,CD4 T cells
AGGTCATGTCAAAGAT-1,CD8 T cells
AGGTCATGTCAGCTAT-1,CD8 T cells
AGGTCATGTGGCCCTA-1,CD4 T cells
AGGTCATGTTCCGGCA-1,Other
AGGTCATTCAGAGGTG-1,B cells
AGGTCATTCATTGCGA-1,NK cells
AGGTCATTCCACGTTC-1,CD14+ Monocytes
AGGTCATTCGGATGGA-1,CD4 T cells
AGGTCCGAGCCTCGTG-1,CD4 T cells
AGGTCCGAGCTAACTC-1,CD4 T cells
AGGTCCGAGCTACCTA-1,Other
AGGTCCGAGGAATGGA-1,CD4 T cells
AGGTCCGAGGTACTCT-1,B cells
AGGTCCGAGTAGGCCA-1,CD14+ Monocytes
AGGTCCGCATCGGGTC-1,CD8 T cells
AGGTCCGCATGAACCT-1,CD8 T cells
AGGTCCGGTAACGACG-1,CD8 T cells
AGGTCCGGTACCGCTG-1,CD14+ Monocytes
AGGTCCGGTACGACCC-1,CD4 T cells
AGGTCCGGTATGCTTG-1,CD4 T cells
AGGTCCGTCCATGAAC-1,CD14+ Monocytes
AGGTCCGTCCGCGGTA-1,CD14+ Monocytes
AGGTCCGTCGATCCCT-1,CD4 T cells
AGTAGTCAGAGCTGCA-1,CD4 T cells
AGTAGTCAGAGGGCTT-1,CD8 T cells
AGTAGTCAGATATGGT-1,CD14+ Monocytes
AGTAGTCAGCAATATG-1,CD8 T cells
AGTAGTCAGCCACGTC-1,CD4 T cells
AGTAGTCCAATAAGCA-1,CD14+ Monocytes
AGTAGTCCACCTGGTG-1,CD4 T cells
AGTAGTCCAGCTGTTA-1,CD4 T cells
AGTAGTCCATACTCTT-1,CD4 T cells
AGTAGTCGTAAGGGAA-1,CD4 T cells
AGTAGTCGTATAGTAG-1,B cells
AGTAGTCGTATGGTTC-1,CD14+ Monocytes
AGTAGTCGTTAAGGGC-1,CD4 T cells
AGTAGTCTCACGACTA-1,B cells
AGTAGTCTCGATAGAA-1,CD4 T cells
AGTAGTCTCTACCTGC-1,CD4 T cells
AGTCTTTAGAATAGGG-1,CD4 T cells
AGTCTTTAGAGTCGGT-1,CD4 T cells
AGTCTTTAGGGATGGG-1,NK cells
AGTCTTTCACAGATTC-1,CD4 T cells
AGTCTTTCATCTACGA-1,CD14+ Monocytes
AGTCTTTCATGGGAAC-1,CD14+ Monocytes
AGTCTTTCATGTCTCC-1,CD4 T cells
AGTCTTTGTAAATGAC-1,CD14+ Monocytes
AGTCTTTGTCCAGTAT-1,B cells
AGTCTTTGTTCAGCGC-1,CD4 T cells
AGTCTTTTCCACGTTC-1,CD8 T cells
AGTCTTTTCGGTGTCG-1,B cells
AGTCTTTTCGTAGGTT-1,CD14+ Monocytes
AGTCTTTTCTCTTGAT-1,CD8 T cells
AGTCTTTTCTGTCAAG-1,CD4 T cells
AGTCTTTTCTGTTTGT-1,CD14+ Monocytes
AGTCTTTTCTTACCTA-1,B cells
AGTCTTTTCTTCTGGC-1,CD14+ Monocytes
AGTGAGGAGCATGGCA-1,CD14+ Monocytes
AGTGAGGAGGTCATCT-1,CD4 T cells
AGTGAGGAGTAAGTAC-1,CD4 T cells
AGTGAGGAGTCTCCTC-1,CD4 T cells
AGTGAGGCAACTGCTA-1,B cells
AGTGAGGCAAGAGGCT-1,B cells
AGTGAGGCACAGGTTT-1,Megakaryocytes
AGTGAGGCACATCTTT-1,CD14+ Monocytes
AGTGAGGCACCACGTG-1,CD4 T cells
AGTGAGGCACCCATGG-1,B cells
AGTGAGGCACGCTTTC-1,Other
AGTGAGGCACTAGTAC-1,CD4 T cells
AGTGAGGCAGTATCTG-1,FCGR3A+ Monocytes
AGTGAGGGTGCAACGA-1,CD4 T cells
AGTGAGGGTGGTACAG-1,CD4 T cells
AGTGAGGGTTTGTTGG-1,CD4 T cells
AGTGAGGTCACTGGGC-1,CD14+ Monocytes
AGTGAGGTCACTTCAT-1,CD4 T cells
AGTGAGGTCCAAGCCG-1,CD14+ Monocytes
AGTGAGGTCCAGAAGG-1,CD4 T cells
AGTGAGGTCCGCATAA-1,NK cells
AGTGAGGTCGACAGCC-1,CD8 T cells
AGTGAGGTCGGCGCAT-1,CD4 T cells
AGTGAGGTCGTATCAG-1,CD14+ Monocytes
AGTGAGGTCGTCACGG-1,CD4 T cells
AGTGAGGTCGTTACGA-1,CD4 T cells
AGTGAGGTCTGTTGAG-1,Other
AGTGGGAAGAACAACT-1,B cells
AGTGGGAAGTCGTTTG-1,CD4 T cells
AGTGGGACAGACAGGT-1,CD8 T cells
AGTGGGACAGTAACGG-1,CD4 T cells
AGTGGGACATCCGGGT-1,CD8 T cells
AGTGGGACATTCTTAC-1,B cells
AGTGGGAGTACTCGCG-1,B cells
AGTGGGAGTAGAGTGC-1,NK cells
AGTGGGAGTCACCCAG-1,CD4 T cells
AGTGGGAGTCGGCACT-1,CD14+ Monocytes
AGTGGGAGTTCCATGA-1,CD4 T cells
AGTGGGATCATTATCC-1,NK cells
AGTGGGATCTGCTGTC-1,CD4 T cells
AGTGTCAAGACGACGT-1,Other
AGTGTCAAGTATCTCG-1,B cells
AGTGTCAAGTCTCGGC-1,B cells
AGTGTCAAGTGTACTC-1,CD14+ Monocytes
AGTGTCACAAGTTAAG-1,FCGR3A+ Monocytes
AGTGTCACACGGCCAT-1,CD4 T cells
AGTGTCACAGCTATTG-1,B cells
AGTGTCAGTAAGAGAG-1,FCGR3A+ Monocytes
AGTGTCAGTAAGAGGA-1,B cells
AGTGTCAGTCCTCTTG-1,B cells
AGTGTCAGTCGCGTGT-1,B cells
AGTGTCAGTCTCGTTC-1,CD4 T cells
AGTGTCAGTGTTTGGT-1,CD8 T cells
AGTGTCAGTTAAAGTG-1,CD8 T cells
AGTGTCAGTTATCCGA-1,CD14+ Monocytes
AGTGTCAGTTCAGACT-1,CD8 T cells
AGTGTCAGTTGAGTTC-1,Other
AGTGTCATCGACGGAA-1,CD8 T cells
AGTGTCATCTCTGAGA-1,CD8 T cells
AGTGTCATCTGCGTAA-1,B cells
AGTTGGTAGACCGGAT-1,CD4 T cells
AGTTGGTAGGCATGGT-1,B cells
AGTTGGTCAAAGTCAA-1,CD4 T cells
AGTTGGTCAGTGGAGT-1,CD4 T cells
AGTTGGTGTATGGTTC-1,CD8 T cells
AGTTGGTGTCCGAAGA-1,NK cells
AGTTGGTGTCGCCATG-1,B cells
AGTTGGTGTCTAGTCA-1,CD4 T cells
AGTTGGTGTTGGAGGT-1,NK cells
AGTTGGTGTTGGTGGA-1,NK cells
AGTTGGTTCATGTCTT-1,CD4 T cells
AGTTGGTTCCGTAGTA-1,NK cells
AGTTGGTTCGCGTTTC-1,CD4 T cells
AGTTGGTTCTAACGGT-1,CD4 T cells
ATAACGCAGCGCCTCA-1,CD8 T cells
ATAACGCCACGGTAGA-1,CD8 T cells
ATAACGCCAGGCAGTA-1,B cells
ATAACGCCATGCCCGA-1,CD8 T cells
ATAACGCGTCTCCCTA-1,CD14+ Monocytes
ATAACGCGTTGTCTTT-1,CD14+ Monocytes
ATAACGCTCACCCGAG-1,CD4 T cells
ATAACGCTCAGTCAGT-1,CD14+ Monocytes
ATAACGCTCGGTTCGG-1,CD4 T cells
ATAAGAGAGGTCATCT-1,CD14+ Monocytes
ATAAGAGCACTGTCGG-1,CD14+ Monocytes
ATAAGAGCATCGGACC-1,CD4 T cells
ATAAGAGCATTGAGCT-1,CD8 T cells
ATAAGAGGTAAACACA-1,FCGR3A+ Monocytes
ATAAGAGGTACCATCA-1,NK cells
ATAAGAGGTCATACTG-1,CD4 T cells
ATAAGAGTCACTGGGC-1,NK cells
ATAAGAGTCAGGTTCA-1,B cells
ATAGACCAGAATTCCC-1,CD8 T cells
ATAGACCAGATGCGAC-1,CD4 T cells
ATAGACCAGTCCGGTC-1,B cells
ATAGACCAGTGTACGG-1,CD14+ Monocytes
ATAGACCCAGCTGTTA-1,B cells
ATAGACCCAGGAATCG-1,CD4 T cells
ATAGACCCATATGAGA-1,B cells
ATAGACCCATATGCTG-1,CD4 T cells
ATAGACCGTATGAAAC-1,CD4 T cells
ATAGACCGTCTAGCGC-1,CD4 T cells
ATAGACCGTGCCTGCA-1,CD14+ Monocytes
ATAGACCGTTCAACCA-1,B cells
ATAGACCTCAGGCGAA-1,CD14+ Monocytes
ATAGACCTCGAGAACG-1,CD4 T cells
ATAGACCTCTGCCCTA-1,CD4 T cells
ATCACGAAGACACTAA-1,CD8 T cells
ATCACGAAGAGGTAGA-1,CD4 T cells
ATCACGAAGAGGTTGC-1,CD4 T cells
ATCACGAAGCTTATCG-1,FCGR3A+ Monocytes
ATCACGAAGGAGCGTT-1,CD4 T cells
ATCACGAAGGGCACTA-1,CD4 T cells
ATCACGACAAGTTGTC-1,CD8 T cells
ATCACGACACAGGTTT-1,CD14+ Monocytes
ATCACGACAGGTCGTC-1,CD14+ Monocytes
ATCACGACATGGTAGG-1,CD14+ Monocytes
ATCACGAGTACCGAGA-1,CD4 T cells
ATCACGAGTACCGGCT-1,Other
ATCACGAGTACTTAGC-1,CD14+ Monocytes
ATCACGAGTATGAATG-1,Dendritic Cells
ATCACGAGTCCAGTTA-1,CD4 T cells
ATCACGAGTCCATCCT-1,CD8 T cells
ATCACGAGTCTTCAAG-1,CD14+ Monocytes
ATCACGAGTGAGGCTA-1,CD4 T cells
ATCACGAGTTTCGCTC-1,CD4 T cells
ATCACGATCAGCATGT-1,CD14+ Monocytes
ATCACGATCCACGTGG-1,CD8 T cells
ATCACGATCTTGTTTG-1,B cells
ATCATCTAGACAATAC-1,CD4 T cells
ATCATCTAGCCAACAG-1,B cells
ATCATCTAGCTAACAA-1,CD4 T cells
ATCATCTAGGAATGGA-1,CD4 T cells
ATCATCTAGTCATCCA-1,CD8 T cells
ATCATCTAGTCCGTAT-1,Other
ATCATCTAGTGAACGC-1,CD4 T cells
ATCATCTCAAAGGAAG-1,CD4 T cells
ATCATCTCAAGCCATT-1,Dendritic Cells
ATCATCTCACATTCGA-1,Other
ATCATCTCAGACTCGC-1,CD4 T cells
ATCATCTCAGGGTATG-1,CD8 T cells
ATCATCTGTCTGATTG-1,CD4 T cells
ATCATCTGTGCACCAC-1,CD4 T cells
ATCATCTTCAACACGT-1,CD8 T cells
ATCATCTTCACAATGC-1,CD4 T cells
ATCATCTTCACGAAGG-1,CD4 T cells
ATCATCTTCCGTACAA-1,B cells
ATCATCTTCCGTCAAA-1,CD8 T cells
ATCATCTTCGAACTGT-1,CD14+ Monocytes
ATCATCTTCGGAATCT-1,CD4 T cells
ATCATCTTCGGCTTGG-1,CD4 T cells
ATCATCTTCTCATTCA-1,B cells
ATCATCTTCTGAAAGA-1,CD4 T cells
ATCATGGAGACAGGCT-1,CD14+ Monocytes
ATCATGGAGATGTGGC-1,CD14+ Monocytes
ATCATGGAGCGATCCC-1,CD14+ Monocytes
ATCATGGAGCTAGTCT-1,CD4 T cells
ATCATGGAGGATTCGG-1,CD8 T cells
ATCATGGAGTGTCTCA-1,CD4 T cells
ATCATGGAGTTAACGA-1,CD14+ Monocytes
ATCATGGCAATGGATA-1,Other
ATCATGGCACATGTGT-1,CD14+ Monocytes
ATCATGGCAGCTGTAT-1,CD4 T cells
ATCATGGGTACAGCAG-1,FCGR3A+ Monocytes
ATCATGGGTGAGCGAT-1,CD4 T cells
ATCATGGGTTACTGAC-1,CD14+ Monocytes
ATCATGGGTTGTCGCG-1,NK cells
ATCATGGTCACTTATC-1,CD14+ Monocytes
ATCATGGTCATAACCG-1,CD8 T cells
ATCATGGTCCACGAAT-1,FCGR3A+ Monocytes
ATCATGGTCTTGCATT-1,CD4 T cells
ATCCACCAGCGGATCA-1,CD8 T cells
ATCCACCAGGATGCGT-1,CD4 T cells
ATCCACCCAACGATGG-1,CD4 T cells
ATCCACCCAAGTAATG-1,B cells
ATCCACCCAATCGGTT-1,Dendritic Cells
ATCCACCCAATCTGCA-1,Other
ATCCACCCATAACCTG-1,CD8 T cells
ATCCACCCATCCAACA-1,CD4 T cells
ATCCACCGTACTTGAC-1,CD4 T cells
ATCCACCGTAGGCTGA-1,CD4 T cells
ATCCACCGTCGGCACT-1,CD14+ Monocytes
ATCCACCGTTTCGCTC-1,CD4 T cells
ATCCGAAAGAAACGAG-1,CD4 T cells
ATCCGAAAGCACAGGT-1,CD4 T cells
ATCCGAAAGGCCATAG-1,CD4 T cells
ATCCGAAAGTAGTGCG-1,CD4 T cells
ATCCGAACACAAGTAA-1,B cells
ATCCGAACATTACCTT-1,CD4 T cells
ATCCGAAGTCTGCCAG-1,CD8 T cells
ATCCGAATCACAGGCC-1,CD14+ Monocytes
ATCCGAATCCAGATCA-1,B cells
ATCCGAATCCTGCTTG-1,CD8 T cells
ATCGAGTAGAGTCTGG-1,CD8 T cells
ATCGAGTAGATGTGGC-1,CD14+ Monocytes
ATCGAGTAGGAGTTTA-1,CD14+ Monocytes
ATCGAGTAGGTGATAT-1,CD4 T cells
ATCGAGTCACAGCGTC-1,CD4 T cells
ATCGAGTCACCAACCG-1,CD14+ Monocytes
ATCGAGTGTCAAAGCG-1,NK cells
ATCGAGTGTCATGCAT-1,B cells
ATCGAGTGTCTTCAAG-1,CD14+ Monocytes
ATCGAGTGTTATGCGT-1,CD4 T cells
ATCGAGTTCAGGCAAG-1,Dendritic Cells
ATCGAGTTCGGACAAG-1,CD14+ Monocytes
ATCGAGTTCGGTGTTA-1,Other
ATCGAGTTCTTACCTA-1,CD14+ Monocytes
ATCTACTAGACACGAC-1,CD4 T cells
ATCTACTAGCTACCGC-1,CD4 T cells
ATCTACTAGGCTCAGA-1,CD4 T cells
ATCTACTAGTACGATA-1,CD14+ Monocytes
ATCTACTAGTACGCCC-1,CD8 T cells
ATCTACTAGTTGTAGA-1,CD4 T cells
ATCTACTAGTTTCCTT-1,NK cells
ATCTACTCACGCCAGT-1,CD14+ Monocytes
ATCTACTCAGGCAGTA-1,CD14+ Monocytes
ATCTACTCATGCAATC-1,CD4 T cells
ATCTACTCATGCCACG-1,CD4 T cells
ATCTACTGTAAGGGCT-1,CD8 T cells
ATCTACTGTAATAGCA-1,CD14+ Monocytes
ATCTACTGTCCTCTTG-1,CD4 T cells
ATCTACTGTTGTTTGG-1,CD4 T cells
ATCTACTTCACAACGT-1,CD14+ Monocytes
ATCTACTTCGTTTATC-1,CD14+ Monocytes
ATCTGCCAGACAGGCT-1,CD14+ Monocytes
ATCTGCCAGATGCCAG-1,NK cells
ATCTGCCAGCCACCTG-1,CD4 T cells
ATCTGCCAGCCATCGC-1,CD4 T cells
ATCTGCCAGGTAGCTG-1,Other
ATCTGCCCAAACAACA-1,CD4 T cells
ATCTGCCCAAACGTGG-1,CD4 T cells
ATCTGCCCACACCGAC-1,CD4 T cells
ATCTGCCCAGATCTGT-1,B cells
ATCTGCCCATCTATGG-1,CD4 T cells
ATCTGCCGTCAGATAA-1,CD4 T cells
ATCTGCCGTCGCTTTC-1,CD4 T cells
ATCTGCCGTCTAGGTT-1,CD14+ Monocytes
ATCTGCCGTTACGCGC-1,CD4 T cells
ATCTGCCGTTACTGAC-1,CD4 T cells
ATCTGCCGTTCTGTTT-1,CD14+ Monocytes
ATCTGCCGTTGGAGGT-1,B cells
ATCTGCCGTTTCGCTC-1,CD4 T cells
ATCTGCCTCACCCGAG-1,Megakaryocytes
ATCTGCCTCCATGCTC-1,Dendritic Cells
ATCTGCCTCTGTCAAG-1,CD8 T cells
ATCTGCCTCTGTCTCG-1,CD4 T cells
ATCTGCCTCTTCAACT-1,CD4 T cells
ATGAGGGAGACCCACC-1,Megakaryocytes
ATGAGGGAGGAATCGC-1,CD14+ Monocytes
ATGAGGGAGGACTGGT-1,CD8 T cells
ATGAGGGAGTAATCCC-1,CD14+ Monocytes
ATGAGGGAGTAGGTGC-1,CD4 T cells
ATGAGGGAGTCCTCCT-1,CD8 T cells
ATGAGGGCAATCACAC-1,CD4 T cells
ATGAGGGCACCGATAT-1,CD4 T cells
ATGAGGGCACCTCGTT-1,CD14+ Monocytes
ATGAGGGCACTCGACG-1,B cells
ATGAGGGCATCCGGGT-1,B cells
ATGAGGGCATGCGCAC-1,CD4 T cells
ATGAGGGGTACCTACA-1,CD4 T cells
ATGAGGGTCACGACTA-1,CD4 T cells
ATGCGATAGACATAAC-1,CD4 T cells
ATGCGATAGATCACGG-1,Other
ATGCGATCAATGAAAC-1,CD14+ Monocytes
ATGCGATCACCTTGTC-1,CD4 T cells
ATGCGATCACGTTGGC-1,FCGR3A+ Monocytes
ATGCGATGTCACAAGG-1,Megakaryocytes
ATGCGATGTTTGCATG-1,CD4 T cells
ATGCGATTCAGCATGT-1,CD14+ Monocytes
ATGCGATTCGGAAATA-1,CD14+ Monocytes
ATGCGATTCGGAGCAA-1,CD14+ Monocytes
ATGGGAGAGACGACGT-1,CD14+ Monocytes
ATGGGAGAGCGTTGCC-1,B cells
ATGGGAGAGCTAAACA-1,CD14+ Monocytes
ATGGGAGAGGCTAGCA-1,CD14+ Monocytes
ATGGGAGAGGGATGGG-1,B cells
ATGGGAGAGTACGTTC-1,CD14+ Monocytes
ATGGGAGAGTTAGCGG-1,CD4 T cells
ATGGGAGCAATGGATA-1,CD4 T cells
ATGGGAGCACAGACAG-1,NK cells
ATGGGAGCACGAAAGC-1,CD4 T cells
ATGGGAGCATGGATGG-1,CD4 T cells
ATGGGAGGTAAGTGGC-1,CD14+ Monocytes
ATGGGAGGTGTTCTTT-1,CD14+ Monocytes
ATGGGAGGTTCCCGAG-1,CD4 T cells
ATGGGAGTCAGTTAGC-1,B cells
ATGGGAGTCCCTCTTT-1,B cells
ATGGGAGTCCCTTGTG-1,CD4 T cells
ATGGGAGTCTCCAGGG-1,CD8 T cells
ATGGGAGTCTGCCAGG-1,CD4 T cells
ATGGGAGTCTTATCTG-1,Other
ATGTGTGAGCAACGGT-1,CD4 T cells
ATGTGTGAGCCCAGCT-1,CD8 T cells
ATGTGTGCAGGACGTA-1,Other
ATGTGTGCAGTTTACG-1,B cells
ATGTGTGCATCACCCT-1,CD4 T cells
ATGTGTGGTCAAACTC-1,Megakaryocytes
ATGTGTGGTGCTCTTC-1,CD14+ Monocytes
ATGTGTGTCACAACGT-1,CD4 T cells
ATGTGTGTCCGTAGTA-1,B cells
ATGTGTGTCTCGATGA-1,CD8 T cells
ATTACTCAGCAAATCA-1,B cells
ATTACTCAGCTGATAA-1,Other
ATTACTCAGGAGTTTA-1,CD8 T cells
ATTACTCAGGTACTCT-1,NK cells
ATTACTCCAACGATCT-1,CD4 T cells
ATTACTCCACGAGAGT-1,CD14+ Monocytes
ATTACTCCAGATAATG-1,CD4 T cells
ATTACTCCAGATCTGT-1,CD4 T cells
ATTACTCCATGAACCT-1,CD14+ Monocytes
ATTACTCCATTACGAC-1,Other
ATTACTCGTCCAGTAT-1,B cells
ATTACTCGTCTAGCCG-1,CD14+ Monocytes
ATTACTCGTTTGTTGG-1,CD14+ Monocytes
ATTACTCTCCTAGTGA-1,B cells
ATTATCCAGGCTAGGT-1,B cells
ATTATCCCAAGTAATG-1,B cells
ATTATCCCAGACAGGT-1,CD4 T cells
ATTATCCCAGTGGAGT-1,B cells
ATTATCCGTAGAAAGG-1,Other
ATTATCCGTCCCGACA-1,CD14+ Monocytes
ATTATCCGTGTTAAGA-1,CD8 T cells
ATTATCCTCGAGGTAG-1,CD4 T cells
ATTATCCTCTTGTACT-1,CD4 T cells
ATTCTACAGAAGATTC-1,B cells
ATTCTACAGAGCTATA-1,CD4 T cells
ATTCTACCAAATACAG-1,CD14+ Monocytes
ATTCTACCAAGACACG-1,CD8 T cells
ATTCTACCAAGAGGCT-1,CD8 T cells
ATTCTACCAAGCGTAG-1,CD4 T cells
ATTCTACCAGACGTAG-1,CD8 T cells
ATTCTACCAGCCTTGG-1,CD14+ Monocytes
ATTCTACCATCGATGT-1,Dendritic Cells
ATTCTACGTACCAGTT-1,CD4 T cells
ATTCTACGTAGCCTAT-1,CD14+ Monocytes
ATTCTACGTCTCACCT-1,CD4 T cells
ATTCTACTCCGGGTGT-1,CD14+ Monocytes
ATTCTACTCCTTTCTC-1,CD4 T cells
ATTCTACTCTCAAACG-1,B cells
ATTGGACAGACGCAAC-1,CD14+ Monocytes
ATTGGACAGCTAGTTC-1,B cells
ATTGGACAGCTGCAAG-1,CD4 T cells
ATTGGACAGTGGAGTC-1,CD4 T cells
ATTGGACGTACCGAGA-1,CD4 T cells
ATTGGACGTAGGGTAC-1,CD4 T cells
ATTGGACTCAAGAAGT-1,CD4 T cells
ATTGGACTCACAAACC-1,CD8 T cells
ATTGGACTCCGCGCAA-1,CD4 T cells
ATTGGACTCGTAGGTT-1,CD8 T cells
ATTGGACTCTCGAGTA-1,CD4 T cells
ATTGGACTCTGGCGAC-1,CD4 T cells
ATTGGTGAGCGAGAAA-1,FCGR3A+ Monocytes
ATTGGTGCAAAGTGCG-1,B cells
ATTGGTGCAAGCGATG-1,CD4 T cells
ATTGGTGCAAGTAATG-1,Dendritic Cells
ATTGGTGCACAACGTT-1,CD4 T cells
ATTGGTGCATTTGCCC-1,CD4 T cells
ATTGGTGGTCACCCAG-1,CD4 T cells
ATTGGTGGTCTGGAGA-1,CD4 T cells
ATTGGTGGTTCGCTAA-1,Other
ATTGGTGTCCTGTAGA-1,Dendritic Cells
ATTGGTGTCCTTAATC-1,Dendritic Cells
ATTGGTGTCGCTTGTC-1,B cells
ATTGGTGTCGTACCGG-1,CD8 T cells
ATTGGTGTCGTAGGAG-1,CD4 T cells
ATTTCTGAGAGCCCAA-1,CD4 T cells
ATTTCTGAGGTAGCTG-1,CD4 T cells
ATTTCTGAGTACGCGA-1,CD8 T cells
ATTTCTGAGTATCGAA-1,NK cells
ATTTCTGAGTATGACA-1,B cells
ATTTCTGAGTTAACGA-1,FCGR3A+ Monocytes
ATTTCTGCAATGGAGC-1,CD14+ Monocytes
ATTTCTGCACGGTGTC-1,CD14+ Monocytes
ATTTCTGCACTCGACG-1,CD4 T cells
ATTTCTGCAGCGTAAG-1,CD4 T cells
ATTTCTGCAGGTGCCT-1,CD14+ Monocytes
ATTTCTGCATAAAGGT-1,B cells
ATTTCTGCATACGCTA-1,CD4 T cells
ATTTCTGCATGCGCAC-1,CD8 T cells
ATTTCTGCATTTGCTT-1,FCGR3A+ Monocytes
ATTTCTGGTCCCTACT-1,NK cells
ATTTCTGGTGAACCTT-1,CD4 T cells
ATTTCTGGTGGTCCGT-1,CD4 T cells
ATTTCTGTCCCACTTG-1,B cells
ATTTCTGTCCGAATGT-1,Other
ATTTCTGTCCTGTACC-1,CD14+ Monocytes
ATTTCTGTCGTTGACA-1,CD4 T cells
ATTTCTGTCTGCTGTC-1,CD14+ Monocytes
ATTTCTGTCTGTGCAA-1,CD4 T cells
CAACCAACAAATCCGT-1,CD4 T cells
CAACCAACAGTGGGAT-1,B cells
CAACCAACAGTTAACC-1,CD4 T cells
CAACCAACATTTGCTT-1,B cells
CAACCAAGTATCGCAT-1,CD4 T cells
CAACCAAGTCAAACTC-1,Dendritic Cells
CAACCAAGTCACTGGC-1,CD4 T cells
CAACCAAGTCAGCTAT-1,CD14+ Monocytes
CAACCAAGTCGAACAG-1,CD14+ Monocytes
CAACCAAGTCTGGAGA-1,CD14+ Monocytes
CAACCAAGTGCTTCTC-1,CD4 T cells
CAACCAAGTGTTGAGG-1,CD14+ Monocytes
CAACCAATCAGGCAAG-1,CD8 T cells
CAACCAATCATCATTC-1,CD14+ Monocytes
CAACCAATCCACTGGG-1,CD4 T cells
CAACCAATCGTCTGAA-1,CD14+ Monocytes
CAACCAATCTAACTGG-1,CD4 T cells
CAACCTCAGAGACGAA-1,CD4 T cells
CAACCTCAGGCACATG-1,NK cells
CAACCTCAGGGAACGG-1,B cells
CAACCTCAGTGGTAGC-1,CD4 T cells
CAACCTCCAAGCCTAT-1,Other
CAACCTCCAAGCTGTT-1,CD4 T cells
CAACCTCCAATGTAAG-1,CD8 T cells
CAACCTCCACCAGGCT-1,CD14+ Monocytes
CAACCTCCACTATCTT-1,CD14+ Monocytes
CAACCTCCACTGAAGG-1,CD14+ Monocytes
CAACCTCCAGATCCAT-1,CD4 T cells
CAACCTCCAGTAACGG-1,B cells
CAACCTCGTAGCGCAA-1,B cells
CAACCTCGTAGTAGTA-1,CD8 T cells
CAACCTCGTCTTGATG-1,CD4 T cells
CAACCTCGTTCCTCCA-1,CD14+ Monocytes
CAACCTCGTTCGGCAC-1,CD4 T cells
CAACCTCTCCAGAAGG-1,Megakaryocytes
CAACCTCTCTGCGTAA-1,Other
CAACCTCTCTGTTGAG-1,CD14+ Monocytes
CAACTAGAGAGCAATT-1,CD14+ Monocytes
CAACTAGCAAGCGATG-1,CD8 T cells
CAACTAGCAAGTCATC-1,CD4 T cells
CAACTAGCACAGACTT-1,CD4 T cells
CAACTAGCACAGGTTT-1,CD14+ Monocytes
CAACTAGCAGCCAGAA-1,CD4 T cells
CAACTAGGTAGCACGA-1,B cells
CAACTAGGTCATCGGC-1,CD4 T cells
CAACTAGGTTGCCTCT-1,CD4 T cells
CAACTAGTCAGAGACG-1,CD8 T cells
CAACTAGTCGCATGAT-1,CD4 T cells
CAAGAAAAGAGCAATT-1,B cells
CAAGAAAAGCGGCTTC-1,CD14+ Monocytes
CAAGAAACACACCGCA-1,CD8 T cells
CAAGAAACACATGTGT-1,Other
CAAGAAACACCACGTG-1,CD4 T cells
CAAGAAACATTCTTAC-1,CD8 T cells
CAAGAAAGTCAAAGCG-1,CD4 T cells
CAAGAAAGTCGCGTGT-1,CD14+ Monocytes
CAAGAAAGTCGGGTCT-1,CD4 T cells
CAAGAAAGTCTGGTCG-1,CD14+ Monocytes
CAAGAAAGTTAAGTAG-1,CD8 T cells
CAAGAAAGTTCCTCCA-1,CD4 T cells
CAAGAAAGTTGAGTTC-1,B cells
CAAGAAAGTTTAAGCC-1,CD8 T cells
CAAGAAATCACGCGGT-1,B cells
CAAGATCAGACCACGA-1,Other
CAAGATCAGTATTGGA-1,NK cells
CAAGATCAGTTGAGTA-1,FCGR3A+ Monocytes
CAAGATCCACGTTGGC-1,CD4 T cells
CAAGATCCAGCTCGAC-1,CD4 T cells
CAAGATCGTAAGGGAA-1,CD4 T cells
CAAGATCGTCAACTGT-1,FCGR3A+ Monocytes
CAAGATCGTCAGAATA-1,CD4 T cells
CAAGATCGTGCACCAC-1,CD4 T cells
CAAGATCGTGTGTGCC-1,CD8 T cells
CAAGATCGTTAGGGTG-1,B cells
CAAGATCGTTGCTCCT-1,CD4 T cells
CAAGATCTCACAATGC-1,CD4 T cells
CAAGATCTCACATAGC-1,CD14+ Monocytes
CAAGATCTCGCCAGCA-1,B cells
CAAGGCCAGAGGTTAT-1,CD4 T cells
CAAGGCCAGCAGGCTA-1,B cells
CAAGGCCAGGGATACC-1,CD8 T cells
CAAGGCCAGGGTCGAT-1,B cells
CAAGGCCAGGTAGCCA-1,CD4 T cells
CAAGGCCCAACACGCC-1,CD14+ Monocytes
CAAGGCCCACCTGGTG-1,CD4 T cells
CAAGGCCCAGCAGTTT-1,B cells
CAAGGCCCAGTGGAGT-1,CD4 T cells
CAAGGCCCATCCCACT-1,Dendritic Cells
CAAGGCCCATGTCCTC-1,CD4 T cells
CAAGGCCGTACAGTGG-1,CD8 T cells
CAAGGCCGTCACAAGG-1,CD4 T cells
CAAGGCCGTCGAGTTT-1,CD14+ Monocytes
CAAGGCCGTTATGCGT-1,CD4 T cells
CAAGGCCTCTCAAGTG-1,CD4 T cells
CAAGGCCTCTTCGGTC-1,CD14+ Monocytes
CAAGTTGAGAGTAATC-1,CD14+ Monocytes
CAAGTTGAGCTGCCCA-1,CD4 T cells
CAAGTTGAGTCTCGGC-1,CD4 T cells
CAAGTTGAGTGACTCT-1,B cells
CAAGTTGAGTTAGCGG-1,B cells
CAAGTTGCAAACTGTC-1,CD4 T cells
CAAGTTGCAATCGGTT-1,Other
CAAGTTGCAATTGCTG-1,CD8 T cells
CAAGTTGCACAGCGTC-1,B cells
CAAGTTGCACCCAGTG-1,CD4 T cells
CAAGTTGCAGTAAGCG-1,CD4 T cells
CAAGTTGGTACTTAGC-1,NK cells
CAAGTTGGTATAAACG-1,CD14+ Monocytes
CAAGTTGGTCGACTGC-1,CD4 T cells
CAAGTTGGTCGCATAT-1,FCGR3A+ Monocytes
CAAGTTGGTCGGCTCA-1,CD8 T cells
CAAGTTGGTCTCGTTC-1,CD14+ Monocytes
CAAGTTGGTCTTCAAG-1,CD4 T cells
CAAGTTGGTGTGCGTC-1,B cells
CAAGTTGTCATAAAGG-1,CD4 T cells
CAAGTTGTCGGCCGAT-1,CD4 T cells
CAAGTTGTCGGGAGTA-1,CD4 T cells
CAAGTTGTCTCTTGAT-1,CD4 T cells
CACAAACAGCTACCGC-1,CD14+ Monocytes
CACAAACAGTAGGTGC-1,FCGR3A+ Monocytes
CACAAACCACGCTTTC-1,B cells
CACAAACCACTGTGTA-1,B cells
CACAAACCATAAGACA-1,CD4 T cells
CACAAACCATACTCTT-1,CD4 T cells
CACAAACGTCGCATAT-1,CD4 T cells
CACAAACGTTAAAGTG-1,NK cells
CACAAACTCCAGAGGA-1,CD14+ Monocytes
CACAAACTCCGGCACA-1,Other
CACACAAAGACTGTAA-1,B cells
CACACAAAGGTTCCTA-1,CD4 T cells
CACACAACAATCTACG-1,CD4 T cells
CACACAACAATGGTCT-1,CD4 T cells
CACACAACAGCGAACA-1,CD4 T cells
CACACAACATCGATTG-1,Dendritic Cells
CACACAACATGGTTGT-1,Dendritic Cells
CACACAAGTAAGGGAA-1,Other
CACACAAGTAGCGATG-1,B cells
CACACAAGTGACCAAG-1,CD4 T cells
CACACAATCACCATAG-1,CD14+ Monocytes
CACACAATCCGCAAGC-1,CD8 T cells
CACACAATCCGTAGGC-1,CD14+ Monocytes
CACACAATCCTATGTT-1,CD14+ Monocytes
CACACAATCGACAGCC-1,B cells
CACACAATCGAGAACG-1,CD8 T cells
CACACCTAGGCACATG-1,CD8 T cells
CACACCTAGGCCGAAT-1,CD8 T cells
CACACCTCAAGGTTCT-1,B cells
CACACCTCAGAAGCAC-1,CD8 T cells
CACACCTCATAAAGGT-1,CD14+ Monocytes
CACACCTCATGAGCGA-1,Other
CACACCTGTATGGTTC-1,CD4 T cells
CACACCTGTCAGAAGC-1,CD8 T cells
CACACCTGTCTAAACC-1,Dendritic Cells
CACACCTGTCTGATCA-1,CD14+ Monocytes
CACACCTTCAAAGACA-1,CD14+ Monocytes
CACACCTTCAGTCCCT-1,Dendritic Cells
CACACCTTCCCGGATG-1,CD14+ Monocytes
CACACCTTCGAGGTAG-1,Dendritic Cells
CACACTCAGAAGAAGC-1,CD4 T cells
CACACTCAGCCATCGC-1,CD4 T cells
CACACTCAGCTAAGAT-1,CD4 T cells
CACACTCAGGTGTTAA-1,B cells
CACACTCAGTACGTTC-1,CD4 T cells
CACACTCAGTTTGCGT-1,CD14+ Monocytes
CACACTCCACAGATTC-1,CD4 T cells
CACACTCCACGTTGGC-1,CD8 T cells
CACACTCCATATGGTC-1,CD14+ Monocytes
CACACTCGTACGAAAT-1,CD4 T cells
CACACTCGTAGAGCTG-1,CD4 T cells
CACACTCGTCCAGTAT-1,CD4 T cells
CACACTCGTCTAGTGT-1,B cells
CACACTCGTCTCATCC-1,CD14+ Monocytes
CACACTCGTGTAAGTA-1,CD4 T cells
CACACTCGTTTACTCT-1,CD4 T cells
CACACTCTCAGGCCCA-1,CD4 T cells
CACACTCTCCCTAACC-1,CD4 T cells
CACACTCTCCTTTCTC-1,B cells
CACACTCTCGCAAACT-1,CD4 T cells
CACAGGCAGACCGGAT-1,CD14+ Monocytes
CACAGGCAGAGCTATA-1,CD8 T cells
CACAGGCAGCCACGTC-1,CD14+ Monocytes
CACAGGCAGTGAACGC-1,CD4 T cells
CACAGGCCAAATTGCC-1,CD4 T cells
CACAGGCCAAGCCCAC-1,CD4 T cells
CACAGGCCAATGCCAT-1,CD4 T cells
CACAGGCCACCAGGTC-1,CD8 T cells
CACAGGCCACCTCGGA-1,CD4 T cells
CACAGGCTCAGCGATT-1,CD14+ Monocytes
CACAGGCTCCAAGCCG-1,CD4 T cells
CACAGGCTCTCTTGAT-1,CD8 T cells
CACAGGCTCTGCAGTA-1,CD8 T cells
CACAGTAAGTACGATA-1,CD14+ Monocytes
CACAGTAAGTGAACGC-1,CD4 T cells
CACAGTACAAGACGTG-1,CD14+ Monocytes
CACAGTACACATAACC-1,CD4 T cells
CACAGTACATCGGTTA-1,B cells
CACAGTAGTCCCTACT-1,B cells
CACAGTAGTCGGCATC-1,B cells
CACAGTAGTGCTTCTC-1,CD4 T cells
CACAGTATCAGGCCCA-1,CD14+ Monocytes
CACAGTATCCCAACGG-1,CD4 T cells
CACATAGAGACCCACC-1,Other
CACATAGAGTAATCCC-1,CD14+ Monocytes
CACATAGCAAGACGTG-1,B cells
CACATAGCAAGTCTGT-1,CD14+ Monocytes
CACATAGGTATTACCG-1,CD8 T cells
CACATAGGTCAGTGGA-1,B cells
CACATAGTCATCACCC-1,CD14+ Monocytes
CACATAGTCCGCATAA-1,B cells
CACATTTAGCACCGTC-1,CD4 T cells
CACATTTAGGGTGTGT-1,B cells
CACATTTAGTAGCGGT-1,CD14+ Monocytes
CACATTTCAGATTGCT-1,CD4 T cells
CACATTTGTAATCACC-1,B cells
CACATTTGTACTCAAC-1,CD14+ Monocytes
CACATTTGTCACACGC-1,Dendritic Cells
CACATTTGTCACCTAA-1,CD4 T cells
CACATTTGTCTCCATC-1,CD8 T cells
CACATTTTCAGTTAGC-1,CD4 T cells
CACATTTTCGGAAATA-1,B cells
CACATTTTCTGAGGGA-1,CD8 T cells
CACATTTTCTTGCAAG-1,CD4 T cells
CACCACTAGACTTGAA-1,CD8 T cells
CACCACTAGAGGACGG-1,CD8 T cells
CACCACTAGATAGTCA-1,CD4 T cells
CACCACTAGATCACGG-1,CD14+ Monocytes
CACCACTAGCCGTCGT-1,CD4 T cells
CACCACTAGTACGACG-1,CD14+ Monocytes
CACCACTAGTGCGATG-1,CD4 T cells
CACCACTCAGTATGCT-1,CD14+ Monocytes
CACCACTCATGTCCTC-1,Other
CACCACTCATTCGACA-1,CD14+ Monocytes
CACCACTGTAGTAGTA-1,CD14+ Monocytes
CACCACTGTATGGTTC-1,CD4 T cells
CACCACTGTTGTCGCG-1,CD4 T cells
CACCACTTCTATCCCG-1,NK cells
CACCACTTCTTCATGT-1,CD8 T cells
CACCAGGAGAAGGGTA-1,CD4 T cells
CACCAGGAGAGCTGGT-1,CD14+ Monocytes
CACCAGGAGCCAGGAT-1,B cells
CACCAGGAGGTAGCTG-1,Other
CACCAGGAGTCGAGTG-1,CD4 T cells
CACCAGGAGTTCGCGC-1,CD8 T cells
CACCAGGAGTTTGCGT-1,CD4 T cells
CACCAGGCAACTGCGC-1,FCGR3A+ Monocytes
CACCAGGCACAGCGTC-1,CD4 T cells
CACCAGGCACGTCAGC-1,CD4 T cells
CACCAGGCAGTCAGAG-1,CD4 T cells
CACCAGGCAGTCCTTC-1,FCGR3A+ Monocytes
CACCAGGCAGTCTTCC-1,B cells
CACCAGGGTATCAGTC-1,Megakaryocytes
CACCAGGGTTCCCGAG-1,CD8 T cells
CACCAGGGTTCGCGAC-1,CD8 T cells
CACCAGGTCGTACCGG-1,B cells
CACCAGGTCTACTATC-1,CD4 T cells
CACCAGGTCTGTTGAG-1,CD4 T cells
CACCAGGTCTTCAACT-1,CD4 T cells
CACCTTGAGAACTGTA-1,CD4 T cells
CACCTTGAGACAGAGA-1,CD4 T cells
CACCTTGAGAGACGAA-1,CD4 T cells
CACCTTGAGCAGACTG-1,CD4 T cells
CACCTTGAGCAGCGTA-1,Other
CACCTTGAGGCCCTCA-1,Other
CACCTTGAGTGGAGAA-1,B cells
CACCTTGCAGCTGCTG-1,B cells
CACCTTGGTAAGAGGA-1,CD4 T cells
CACCTTGGTATGGTTC-1,B cells
CACCTTGGTCCATGAT-1,CD4 T cells
CACCTTGGTCTTTCAT-1,CD14+ Monocytes
CACCTTGGTGGCTCCA-1,CD14+ Monocytes
CACCTTGGTGTGGCTC-1,NK cells
CACCTTGGTTGCCTCT-1,NK cells
CACCTTGGTTTACTCT-1,NK cells
CACCTTGTCAGAAATG-1,CD14+ Monocytes
CACCTTGTCAGCTGGC-1,CD4 T cells
CACCTTGTCATTTGGG-1,CD14+ Monocytes
CACCTTGTCCGTTGCT-1,CD4 T cells
CACCTTGTCCTGCAGG-1,CD4 T cells
CACCTTGTCTACTCAT-1,CD14+ Monocytes
CACCTTGTCTCTGAGA-1,B cells
CACTCCAAGAGCTTCT-1,CD8 T cells
CACTCCAAGAGGTACC-1,CD8 T cells
CACTCCAAGATGCGAC-1,CD4 T cells
CACTCCAAGCGATGAC-1,CD14+ Monocytes
CACTCCAAGTGGTAGC-1,Dendritic Cells
CACTCCACAAGCGTAG-1,CD14+ Monocytes
CACTCCACACAAGCCC-1,CD14+ Monocytes
CACTCCACACCTATCC-1,CD4 T cells
CACTCCACACGCGAAA-1,CD4 T cells
CACTCCACATACTACG-1,B cells
CACTCCACATTCCTCG-1,CD4 T cells
CACTCCAGTACAGTGG-1,CD14+ Monocytes
CACTCCAGTCGCGGTT-1,FCGR3A+ Monocytes
CACTCCAGTGAAATCA-1,CD4 T cells
CACTCCAGTGATAAGT-1,CD14+ Monocytes
CACTCCAGTGATGATA-1,CD4 T cells
CACTCCAGTGTCGCTG-1,CD4 T cells
CACTCCAGTTATCGGT-1,CD14+ Monocytes
CACTCCATCGCCAAAT-1,CD14+ Monocytes
CACTCCATCGGACAAG-1,CD4 T cells
CACTCCATCTCTTATG-1,CD8 T cells
CACTCCATCTGTCAAG-1,B cells
CAGAATCAGAAACCAT-1,CD14+ Monocytes
CAGAATCAGCGGCTTC-1,B cells
CAGAATCAGTATGACA-1,CD4 T cells
CAGAATCAGTCCCACG-1,CD4 T cells
CAGAATCCAAAGAATC-1,B cells
CAGAATCCACCGGAAA-1,CD4 T cells
CAGAATCCACGGTGTC-1,Dendritic Cells
CAGAATCCACTGAAGG-1,B cells
CAGAATCCACTGTGTA-1,CD4 T cells
CAGAATCCAGCCTATA-1,CD4 T cells
CAGAATCCATCGGGTC-1,CD14+ Monocytes
CAGAATCGTACTTAGC-1,CD4 T cells
CAGAATCGTATCGCAT-1,CD4 T cells
CAGAATCGTATGAAAC-1,CD4 T cells
CAGAATCGTCGTCTTC-1,B cells
CAGAATCGTGATGCCC-1,B cells
CAGAATCGTGGGTATG-1,CD4 T cells
CAGAATCGTTTCGCTC-1,CD8 T cells
CAGAATCTCACCGTAA-1,CD4 T cells
CAGAATCTCCACTGGG-1,CD8 T cells
CAGAATCTCGGCGCAT-1,CD4 T cells
CAGAATCTCTATGTGG-1,CD14+ Monocytes
CAGAATCTCTGAGGGA-1,B cells
CAGAATCTCTTCGGTC-1,FCGR3A+ Monocytes
CAGAGAGAGAGTGAGA-1,CD4 T cells
CAGAGAGAGATAGTCA-1,CD4 T cells
CAGAGAGAGCGTGAGT-1,B cells
CAGAGAGAGCTACCTA-1,B cells
CAGAGAGAGGAGTTGC-1,CD4 T cells
CAGAGAGAGGCGTACA-1,CD14+ Monocytes
CAGAGAGAGTAATCCC-1,CD14+ Monocytes
CAGAGAGCATAAAGGT-1,CD4 T cells
CAGAGAGGTAAGTAGT-1,Other
CAGAGAGGTCAACTGT-1,Other
CAGAGAGGTTTACTCT-1,Dendritic Cells
CAGAGAGTCAATACCG-1,CD8 T cells
CAGAGAGTCCCAAGAT-1,CD8 T cells
CAGAGAGTCGGCGCTA-1,CD4 T cells
CAGAGAGTCTGGTGTA-1,B cells
CAGATCAAGCCACCTG-1,CD14+ Monocytes
CAGATCAAGCCAGGAT-1,Other
CAGATCAAGCGTAATA-1,Dendritic Cells
CAGATCAAGGCGATAC-1,CD4 T cells
CAGATCAAGTGTCCAT-1,CD4 T cells
CAGATCACAAAGGTGC-1,B cells
CAGATCACAATGTTGC-1,NK cells
CAGATCACAGACGCAA-1,CD14+ Monocytes
CAGATCAGTACAGTGG-1,NK cells
CAGATCAGTACCGTAT-1,CD8 T cells
CAGATCAGTCTGGAGA-1,CD4 T cells
CAGATCAGTGCACTTA-1,CD8 T cells
CAGATCAGTTCAGCGC-1,CD4 T cells
CAGATCATCATCACCC-1,CD4 T cells
CAGATCATCTGCTGCT-1,Dendritic Cells
CAGCAGCAGATGTCGG-1,CD4 T cells
CAGCAGCAGGTGCACA-1,CD4 T cells
CAGCAGCCACCGAATT-1,CD4 T cells
CAGCAGCCACGAGGTA-1,CD14+ Monocytes
CAGCAGCCAGGGATTG-1,CD4 T cells
CAGCAGCGTAATAGCA-1,Other
CAGCAGCGTATAAACG-1,CD14+ Monocytes
CAGCAGCGTCAGAATA-1,Dendritic Cells
CAGCAGCGTGCATCTA-1,FCGR3A+ Monocytes
CAGCAGCGTTCGCTAA-1,FCGR3A+ Monocytes
CAGCAGCGTTCGGCAC-1,B cells
CAGCAGCTCAACGAAA-1,B cells
CAGCAGCTCAAGGCTT-1,CD4 T cells
CAGCAGCTCCGTACAA-1,CD4 T cells
CAGCAGCTCGTGGTCG-1,CD4 T cells
CAGCATAAGACATAAC-1,B cells
CAGCATAAGGATCGCA-1,CD4 T cells
CAGCATAAGGCTCATT-1,CD14+ Monocytes
CAGCATACACATTAGC-1,CD4 T cells
CAGCATACAGCGTTCG-1,CD14+ Monocytes
CAGCATACAGGTCCAC-1,B cells
CAGCATAGTACCGCTG-1,B cells
CAGCATAGTACGAAAT-1,CD8 T cells
CAGCATATCACTTATC-1,CD4 T cells
CAGCATATCAGTGCAT-1,B cells
CAGCATATCAGTGTTG-1,CD4 T cells
CAGCATATCCCTAATT-1,CD14+ Monocytes
CAGCATATCTTCGAGA-1,CD4 T cells
CAGCCGAAGATGTTAG-1,CD4 T cells
CAGCCGAAGCAGGCTA-1,CD4 T cells
CAGCCGAAGCCTATGT-1,CD14+ Monocytes
CAGCCGAAGGCAAAGA-1,CD4 T cells
CAGCCGAAGGTCATCT-1,CD4 T cells
CAGCCGACAGACGCCT-1,CD8 T cells
CAGCCGACATGTTGAC-1,Dendritic Cells
CAGCCGAGTAGGAGTC-1,CD4 T cells
CAGCCGAGTCGTCTTC-1,CD4 T cells
CAGCCGAGTCTTGATG-1,CD14+ Monocytes
CAGCCGAGTTGATTCG-1,CD4 T cells
CAGCCGAGTTGTCTTT-1,CD14+ Monocytes
CAGCCGATCATTATCC-1,CD4 T cells
CAGCGACAGATCCGAG-1,CD4 T cells
CAGCGACAGTTGAGAT-1,FCGR3A+ Monocytes
CAGCGACCAGCTCGAC-1,B cells
CAGCGACGTAGTACCT-1,CD4 T cells
CAGCGACGTCCGTCAG-1,B cells
CAGCGACGTCTAGCGC-1,CD4 T cells
CAGCGACGTTATCCGA-1,CD4 T cells
CAGCGACTCCACGAAT-1,CD4 T cells
CAGCGACTCGGATGGA-1,CD4 T cells
CAGCGACTCTGTTTGT-1,CD4 T cells
CAGCGACTCTTAGAGC-1,NK cells
CAGCTAAAGCCCAATT-1,CD4 T cells
CAGCTAAAGGCAAAGA-1,CD8 T cells
CAGCTAACAAATACAG-1,CD4 T cells
CAGCTAACAAGTAGTA-1,B cells
CAGCTAACACTTCTGC-1,B cells
CAGCTAACATGCAACT-1,CD4 T cells
CAGCTAAGTCCTAGCG-1,B cells
CAGCTAATCAGCACAT-1,NK cells
CAGCTAATCGTCGTTC-1,CD4 T cells
CAGCTAATCTGTCAAG-1,CD4 T cells
CAGCTGGAGAAACCTA-1,B cells
CAGCTGGAGATCTGCT-1,CD4 T cells
CAGCTGGAGGATGGAA-1,CD14+ Monocytes
CAGCTGGCAAACCTAC-1,NK cells
CAGCTGGCAAGTCTAC-1,CD8 T cells
CAGCTGGCACCAGGCT-1,NK cells
CAGCTGGCACCGATAT-1,CD4 T cells
CAGCTGGCACGTCAGC-1,NK cells
CAGCTGGCAGCGAACA-1,CD14+ Monocytes
CAGCTGGGTACCGCTG-1,CD14+ Monocytes
CAGCTGGGTATTCTCT-1,FCGR3A+ Monocytes
CAGCTGGGTCGGCACT-1,NK cells
CAGCTGGGTCGTTGTA-1,CD8 T cells
CAGCTGGGTCTAAACC-1,CD4 T cells
CAGCTGGGTCTCATCC-1,CD14+ Monocytes
CAGCTGGGTTACTGAC-1,CD4 T cells
CAGCTGGGTTATCGGT-1,CD14+ Monocytes
CAGCTGGGTTGAACTC-1,CD4 T cells
CAGCTGGTCACGGTTA-1,FCGR3A+ Monocytes
CAGCTGGTCAGAAATG-1,Dendritic Cells
CAGCTGGTCAGCACAT-1,CD14+ Monocytes
CAGCTGGTCAGTGTTG-1,CD4 T cells
CAGGTGCAGAGCTGGT-1,CD4 T cells
CAGGTGCAGAGGGCTT-1,B cells
CAGGTGCAGATCGGGT-1,CD4 T cells
CAGGTGCAGGCGTACA-1,CD14+ Monocytes
CAGGTGCAGTGTTTGC-1,CD4 T cells
CAGGTGCCACAACGCC-1,CD4 T cells
CAGGTGCCACCTATCC-1,CD4 T cells
CAGGTGCGTAACGCGA-1,CD4 T cells
CAGGTGCGTATTACCG-1,Dendritic Cells
CAGGTGCGTGTGAATA-1,CD4 T cells
CAGGTGCTCATCGATG-1,CD4 T cells
CAGGTGCTCCCGACTT-1,Dendritic Cells
CAGGTGCTCTGGTATG-1,CD4 T cells
CAGTAACAGAGCCCAA-1,CD4 T cells
CAGTAACAGGCCCTCA-1,B cells
CAGTAACAGTGTGGCA-1,CD4 T cells
CAGTAACCAGACTCGC-1,CD14+ Monocytes
CAGTAACCAGGACGTA-1,CD8 T cells
CAGTAACCAGTCAGAG-1,Dendritic Cells
CAGTAACGTAAGAGAG-1,CD4 T cells
CAGTAACGTCGCTTCT-1,CD4 T cells
CAGTAACGTGCATCTA-1,CD4 T cells
CAGTAACGTTTGTTTC-1,CD4 T cells
CAGTAACTCCTGTACC-1,CD14+ Monocytes
CAGTAACTCGGACAAG-1,CD14+ Monocytes
CAGTAACTCGGTCCGA-1,CD14+ Monocytes
CAGTAACTCTTTACGT-1,CD8 T cells
CAGTCCTAGAAGGACA-1,B cells
CAGTCCTAGACGCAAC-1,CD4 T cells
CAGTCCTAGATGTCGG-1,CD4 T cells
CAGTCCTAGCAATCTC-1,CD4 T cells
CAGTCCTAGTTGAGTA-1,CD4 T cells
CAGTCCTCAATGGATA-1,CD4 T cells
CAGTCCTCACATGTGT-1,CD4 T cells
CAGTCCTCAGCTGTGC-1,CD4 T cells
CAGTCCTCATGTCCTC-1,NK cells
CAGTCCTCATTTGCTT-1,CD4 T cells
CAGTCCTTCTCAAGTG-1,CD8 T cells
CAGTCCTTCTGCGTAA-1,CD4 T cells
CAGTCCTTCTTCAACT-1,CD4 T cells
CATATGGAGAACAACT-1,CD4 T cells
CATATGGAGGAGTAGA-1,CD4 T cells
CATATGGAGGCTCTTA-1,CD4 T cells
CATATGGAGGTCATCT-1,CD4 T cells
CATATGGAGTGCCAGA-1,B cells
CATATGGAGTGTTAGA-1,Other
CATATGGCAACACCCG-1,CD8 T cells
CATATGGCAAGCCGTC-1,CD8 T cells
CATATGGCACGGCCAT-1,B cells
CATATGGCAGGGTATG-1,FCGR3A+ Monocytes
CATATGGCAGTAAGCG-1,CD8 T cells
CATATGGGTGAGCGAT-1,B cells
CATATGGGTTGATTGC-1,FCGR3A+ Monocytes
CATATGGTCAGGCGAA-1,B cells
CATATGGTCCGCGTTT-1,CD4 T cells
CATATGGTCGCAGGCT-1,CD14+ Monocytes
CATATGGTCGGCTACG-1,CD14+ Monocytes
CATATGGTCTCGCTTG-1,CD8 T cells
CATATGGTCTTGTCAT-1,CD4 T cells
CATATTCAGAGGTACC-1,CD4 T cells
CATATTCAGCTCCCAG-1,CD4 T cells
CATATTCAGGGAACGG-1,CD4 T cells
CATATTCAGGTGATTA-1,B cells
CATATTCAGTGAACAT-1,CD8 T cells
CATATTCCAATCGAAA-1,CD4 T cells
CATATTCCACCTATCC-1,CD8 T cells
CATATTCCATCGTCGG-1,CD8 T cells
CATATTCCATTAGCCA-1,CD14+ Monocytes
CATATTCGTGAGGCTA-1,CD14+ Monocytes
CATATTCGTGTAAGTA-1,CD4 T cells
CATATTCGTTGTCGCG-1,B cells
CATATTCTCACAATGC-1,B cells
CATATTCTCACAGTAC-1,CD4 T cells
CATATTCTCATCGGAT-1,CD4 T cells
CATATTCTCCTGCTTG-1,CD14+ Monocytes
CATCAAGAGCCACCTG-1,CD8 T cells
CATCAAGAGTTGCAGG-1,FCGR3A+ Monocytes
CATCAAGAGTTGTCGT-1,NK cells
CATCAAGCAAGCGAGT-1,CD4 T cells
CATCAAGCACGACGAA-1,CD14+ Monocytes
CATCAAGCACGGTAAG-1,CD14+ Monocytes
CATCAAGCAGGTCCAC-1,CD4 T cells
CATCAAGCATGCCACG-1,FCGR3A+ Monocytes
CATCAAGGTCGAATCT-1,CD14+ Monocytes
CATCAAGGTCGACTGC-1,Other
CATCAAGGTGAACCTT-1,CD4 T cells
CATCAAGGTGTCCTCT-1,CD4 T cells
CATCAAGGTTGACGTT-1,B cells
CATCAAGTCAACGCTA-1,CD14+ Monocytes
CATCAAGTCGTCCGTT-1,CD8 T cells
CATCAAGTCTCCAACC-1,FCGR3A+ Monocytes
CATCAAGTCTCTGAGA-1,CD8 T cells
CATCAGAAGCGTAGTG-1,CD4 T cells
CATCAGAAGCTATGCT-1,CD14+ Monocytes
CATCAGAAGGCAGGTT-1,CD4 T cells
CATCAGAAGGCCGAAT-1,CD8 T cells
CATCAGAAGTGATCGG-1,CD4 T cells
CATCAGACAACTGCGC-1,CD4 T cells
CATCAGACAAGGTTCT-1,CD4 T cells
CATCAGACAAGTCATC-1,CD14+ Monocytes
CATCAGACAGATAATG-1,B cells
CATCAGACATATACCG-1,CD4 T cells
CATCAGAGTAACGACG-1,B cells
CATCAGAGTAATAGCA-1,CD4 T cells
CATCAGAGTAGGGACT-1,B cells
CATCAGAGTCGAACAG-1,CD14+ Monocytes
CATCAGAGTGTCTGAT-1,CD14+ Monocytes
CATCAGAGTTCCCGAG-1,CD4 T cells
CATCAGATCATCGGAT-1,CD4 T cells
CATCAGATCATGCATG-1,CD8 T cells
CATCAGATCCGTAGGC-1,CD4 T cells
CATCAGATCGGAAATA-1,CD4 T cells
CATCAGATCGTAGATC-1,CD4 T cells
CATCCACAGAAACCGC-1,CD8 T cells
CATCCACAGTGCGTGA-1,CD4 T cells
CATCCACAGTGTACGG-1,CD4 T cells
CATCCACCACAACTGT-1,CD4 T cells
CATCCACCACGGTAAG-1,CD14+ Monocytes
CATCCACGTACTCAAC-1,CD4 T cells
CATCCACGTAGCCTCG-1,CD4 T cells
CATCCACGTCGCTTCT-1,B cells
CATCCACGTCGGATCC-1,NK cells
CATCCACTCAGTGTTG-1,CD14+ Monocytes
CATCCACTCATTGCCC-1,NK cells
CATCCACTCCGAACGC-1,CD4 T cells
CATCCACTCGAATCCA-1,CD8 T cells
CATCGAAAGGCGCTCT-1,Other
CATCGAAAGGGATCTG-1,CD4 T cells
CATCGAACATTTGCTT-1,CD4 T cells
CATCGAAGTGGCGAAT-1,B cells
CATCGAAGTTCTGTTT-1,CD4 T cells
CATCGAATCAACACTG-1,NK cells
CATCGAATCACAGGCC-1,FCGR3A+ Monocytes
CATCGGGAGAGAACAG-1,NK cells
CATCGGGAGATAGCAT-1,B cells
CATCGGGAGCAGGCTA-1,CD8 T cells
CATCGGGAGGCGCTCT-1,B cells
CATCGGGAGTGGTAGC-1,CD4 T cells
CATCGGGCAAGAAGAG-1,CD8 T cells
CATCGGGGTACAGTGG-1,CD14+ Monocytes
CATCGGGGTAGCGCAA-1,CD8 T cells
CATCGGGGTTAAAGTG-1,CD4 T cells
CATCGGGGTTCCGTCT-1,NK cells
CATCGGGGTTGGGACA-1,CD8 T cells
CATCGGGGTTGTGGCC-1,CD14+ Monocytes
CATCGGGTCACATGCA-1,Other
CATCGGGTCACGCGGT-1,CD14+ Monocytes
CATCGGGTCCGCAGTG-1,CD14+ Monocytes
CATCGGGTCCTCAATT-1,CD4 T cells
CATCGGGTCGCCTGAG-1,CD4 T cells
CATCGGGTCTCTGAGA-1,CD4 T cells
CATCGGGTCTGACCTC-1,CD4 T cells
CATCGGGTCTGCCCTA-1,CD8 T cells
CATGACAAGCGGCTTC-1,CD4 T cells
CATGACAAGGCATTGG-1,CD4 T cells
CATGACAAGGGTATCG-1,CD4 T cells
CATGACACAAGCCGCT-1,CD4 T cells
CATGACACAATCCAAC-1,CD4 T cells
CATGACACACGGTAGA-1,CD14+ Monocytes
CATGACACAGGAATGC-1,CD4 T cells
CATGACACATAAGACA-1,NK cells
CATGACAGTAAGTGGC-1,CD4 T cells
CATGACAGTAGAAGGA-1,CD14+ Monocytes
CATGACAGTGGGTCAA-1,CD4 T cells
CATGACAGTTCCACAA-1,CD14+ Monocytes
CATGACAGTTCCATGA-1,B cells
CATGACATCACGATGT-1,CD14+ Monocytes
CATGACATCAGCAACT-1,B cells
CATGACATCAGTGCAT-1,CD4 T cells
CATGACATCTCCTATA-1,CD14+ Monocytes
CATGACATCTGTCTCG-1,Other
CATGCCTAGGCATGGT-1,CD14+ Monocytes
CATGCCTCACCAGTTA-1,CD8 T cells
CATGCCTCACCTCGGA-1,CD14+ Monocytes
CATGCCTCACTATCTT-1,B cells
CATGCCTCATCTCGCT-1,CD4 T cells
CATGCCTGTACCAGTT-1,B cells
CATGCCTGTCTGGAGA-1,CD4 T cells
CATGCCTGTGCCTGTG-1,CD4 T cells
CATGCCTGTGTAAGTA-1,CD8 T cells
CATGCCTTCAACACAC-1,CD4 T cells
CATGCCTTCACCCGAG-1,Dendritic Cells
CATGCCTTCACCGGGT-1,Other
CATGCCTTCAGCTCGG-1,Other
CATGCCTTCCGGGTGT-1,CD4 T cells
CATGCCTTCCTTGCCA-1,CD4 T cells
CATGCCTTCGATAGAA-1,B cells
CATGCCTTCGGAAATA-1,CD4 T cells
CATGCCTTCTGCCCTA-1,NK cells
CATGGCGAGGAGTTTA-1,CD4 T cells
CATGGCGAGTCCTCCT-1,CD4 T cells
CATGGCGCAATCCGAT-1,CD14+ Monocytes
CATGGCGCACACGCTG-1,B cells
CATGGCGCAGATGGGT-1,CD4 T cells
CATGGCGCAGCTGTAT-1,CD4 T cells
CATGGCGCAGGTCCAC-1,CD4 T cells
CATGGCGGTCTAGTGT-1,CD4 T cells
CATGGCGTCACGGTTA-1,B cells
CATTATCAGAGTGACC-1,CD14+ Monocytes
CATTATCAGCGTCTAT-1,CD14+ Monocytes
CATTATCAGGAGTTGC-1,CD14+ Monocytes
CATTATCAGGTGTGGT-1,B cells
CATTATCAGTCTTGCA-1,NK cells
CATTATCCAACAACCT-1,CD8 T cells
CATTATCCACGCATCG-1,CD4 T cells
CATTATCCACGGATAG-1,B cells
CATTATCCACTGCCAG-1,CD4 T cells
CATTATCCAGTTCATG-1,CD8 T cells
CATTATCCATAACCTG-1,FCGR3A+ Monocytes
CATTATCCATCTACGA-1,Other
CATTATCCATCTGGTA-1,CD14+ Monocytes
CATTATCCATGCCACG-1,CD4 T cells
CATTATCCATGCCCGA-1,CD4 T cells
CATTATCGTGTGCGTC-1,Other
CATTATCTCACAACGT-1,CD14+ Monocytes
CATTCGCAGACTTTCG-1,CD4 T cells
CATTCGCAGCGTGAGT-1,CD4 T cells
CATTCGCAGCTAACAA-1,CD8 T cells
CATTCGCAGGATATAC-1,CD4 T cells
CATTCGCAGGTGTTAA-1,CD4 T cells
CATTCGCCAATGTTGC-1,CD4 T cells
CATTCGCCATTTGCTT-1,CD8 T cells
CATTCGCGTACCGTTA-1,CD14+ Monocytes
CATTCGCGTAGGCATG-1,CD4 T cells
CATTCGCGTCTTCGTC-1,CD4 T cells
CATTCGCGTGAACCTT-1,CD14+ Monocytes
CATTCGCTCAACCAAC-1,CD8 T cells
CATTCGCTCAGTTTGG-1,NK cells
CATTCGCTCGAACGGA-1,B cells
CATTCGCTCGCTTAGA-1,B cells
CATTCGCTCGGAGGTA-1,CD4 T cells
CATTCGCTCTCGCTTG-1,B cells
CATTCGCTCTTCTGGC-1,CD4 T cells
CCAATCCAGAAACCAT-1,Other
CCAATCCAGACCACGA-1,CD4 T cells
CCAATCCAGCACCGTC-1,CD4 T cells
CCAATCCAGGACACCA-1,CD8 T cells
CCAATCCAGGCACATG-1,CD14+ Monocytes
CCAATCCAGTGGAGAA-1,CD4 T cells
CCAATCCCACTGTGTA-1,Dendritic Cells
CCAATCCGTCCCTTGT-1,CD14+ Monocytes
CCAATCCGTCCTAGCG-1,CD4 T cells
CCAATCCGTCGACTGC-1,CD8 T cells
CCAATCCGTGATGTGG-1,CD4 T cells
CCAATCCGTGCTTCTC-1,CD8 T cells
CCAATCCGTTACCGAT-1,CD14+ Monocytes
CCAATCCGTTCCCGAG-1,B cells
CCAATCCTCAACGAAA-1,B cells
CCAATCCTCACTATTC-1,CD14+ Monocytes
CCAATCCTCAGGCGAA-1,CD4 T cells
CCAATCCTCATGGTCA-1,CD4 T cells
CCAATCCTCCGCATCT-1,CD4 T cells
CCACCTAAGACAAGCC-1,CD4 T cells
CCACCTAAGACAGACC-1,CD14+ Monocytes
CCACCTAAGCTGAAAT-1,CD4 T cells
CCACCTAAGCTTATCG-1,B cells
CCACCTAAGGAGCGAG-1,CD14+ Monocytes
CCACCTAAGGTGATTA-1,CD14+ Monocytes
CCACCTAAGTATCGAA-1,B cells
CCACCTAAGTCCGTAT-1,CD4 T cells
CCACCTAAGTTAGGTA-1,CD4 T cells
CCACCTACAATGGTCT-1,FCGR3A+ Monocytes
CCACCTACAGGGATTG-1,CD4 T cells
CCACCTACAGTCGTGC-1,Other
CCACCTACAGTTTACG-1,CD8 T cells
CCACCTAGTTAAGGGC-1,CD4 T cells
CCACCTAGTTCCCGAG-1,Other
CCACGGAAGATAGCAT-1,CD4 T cells
CCACGGAAGCCGGTAA-1,B cells
CCACGGAAGGTGTTAA-1,CD14+ Monocytes
CCACGGACACGGCCAT-1,CD4 T cells
CCACGGACACGTCAGC-1,CD14+ Monocytes
CCACGGAGTAAATGTG-1,B cells
CCACGGAGTATAGGTA-1,CD4 T cells
CCACGGAGTCGCTTTC-1,Other
CCACGGAGTCTCTTTA-1,B cells
CCACGGAGTTAGGGTG-1,FCGR3A+ Monocytes
CCACGGATCATAAAGG-1,Dendritic Cells
CCACGGATCCTTTCGG-1,CD4 T cells
CCACGGATCGCAGGCT-1,CD4 T cells
CCACGGATCTCCAGGG-1,Dendritic Cells
CCACGGATCTGGAGCC-1,CD4 T cells
CCACGGATCTTACCTA-1,CD8 T cells
CCACGGATCTTTAGTC-1,CD4 T cells
CCACTACAGCCCAACC-1,CD14+ Monocytes
CCACTACAGCTACCTA-1,CD4 T cells
CCACTACAGGGTCTCC-1,CD4 T cells
CCACTACCAATGGAAT-1,CD4 T cells
CCACTACCAGCTGTTA-1,CD4 T cells
CCACTACCAGTCCTTC-1,CD4 T cells
CCACTACCATTTCAGG-1,CD4 T cells
CCACTACGTCCAGTAT-1,CD4 T cells
CCACTACGTTCTGGTA-1,CD4 T cells
CCACTACTCCGTCAAA-1,CD8 T cells
CCACTACTCTTGACGA-1,CD14+ Monocytes
CCAGCGAAGATGTTAG-1,Other
CCAGCGAAGGGCTTGA-1,CD4 T cells
CCAGCGAAGTCACGCC-1,CD4 T cells
CCAGCGACAAAGTGCG-1,CD4 T cells
CCAGCGACAAGCGCTC-1,NK cells
CCAGCGACAAGCGTAG-1,CD4 T cells
CCAGCGACACATGTGT-1,CD14+ Monocytes
CCAGCGACAGTGGAGT-1,CD4 T cells
CCAGCGAGTATAGGGC-1,B cells
CCAGCGAGTCACCTAA-1,NK cells
CCAGCGAGTCTAGGTT-1,CD4 T cells
CCAGCGAGTGATGTCT-1,CD4 T cells
CCAGCGAGTTGCTCCT-1,CD4 T cells
CCAGCGATCAACGGCC-1,CD4 T cells
CCAGCGATCCGAACGC-1,CD4 T cells
CCAGCGATCCGTTGCT-1,CD4 T cells
CCAGCGATCCTAGTGA-1,CD8 T cells
CCAGCGATCGAGGTAG-1,CD4 T cells
CCATGTCAGAGTCTGG-1,CD4 T cells
CCATGTCAGGCAGTCA-1,CD14+ Monocytes
CCATGTCAGGCGTACA-1,CD4 T cells
CCATGTCCACCACCAG-1,CD4 T cells
CCATGTCCAGGCTCAC-1,NK cells
CCATGTCCATGCCCGA-1,B cells
CCATGTCGTAGAAAGG-1,CD14+ Monocytes
CCATGTCGTCAGAAGC-1,CD4 T cells
CCATGTCGTTCGGGCT-1,CD4 T cells
CCATGTCTCAACACTG-1,CD14+ Monocytes
CCATGTCTCAATCTCT-1,CD4 T cells
CCATGTCTCCAAATGC-1,CD14+ Monocytes
CCATTCGAGATGCCAG-1,NK cells
CCATTCGAGTAATCCC-1,CD8 T cells
CCATTCGCAACTGCTA-1,CD4 T cells
CCATTCGCACAGGAGT-1,CD8 T cells
CCATTCGCATACTACG-1,CD8 T cells
CCATTCGCATGTCGAT-1,CD14+ Monocytes
CCATTCGGTGTGCGTC-1,FCGR3A+ Monocytes
CCATTCGTCATATCGG-1,CD4 T cells
CCATTCGTCCACTGGG-1,B cells
CCATTCGTCGCCCTTA-1,CD14+ Monocytes
CCATTCGTCTCAACTT-1,CD4 T cells
CCATTCGTCTCCAACC-1,CD4 T cells
CCCAATCAGAAGGTGA-1,CD4 T cells
CCCAATCAGACAGGCT-1,CD4 T cells
CCCAATCAGATCACGG-1,Other
CCCAATCAGATCCCGC-1,CD14+ Monocytes
CCCAATCAGCTTCGCG-1,NK cells
CCCAATCCAAGAAGAG-1,B cells
CCCAATCCACCACGTG-1,CD8 T cells
CCCAATCCAGAGTGTG-1,CD4 T cells
CCCAATCCATCTCCCA-1,FCGR3A+ Monocytes
CCCAATCCATTTCACT-1,CD4 T cells
CCCAATCGTCACACGC-1,B cells
CCCAATCGTCAGAATA-1,CD14+ Monocytes
CCCAATCGTGCTGTAT-1,CD4 T cells
CCCAATCGTTACCAGT-1,CD4 T cells
CCCAATCGTTGTACAC-1,CD14+ Monocytes
CCCAATCTCAGTGTTG-1,CD4 T cells
CCCAATCTCGCGTTTC-1,B cells
CCCAGTTAGAAACCTA-1,CD4 T cells
CCCAGTTAGATGAGAG-1,CD4 T cells
CCCAGTTAGTGTCCAT-1,CD14+ Monocytes
CCCAGTTCAAGAGGCT-1,B cells
CCCAGTTCAATAGCAA-1,B cells
CCCAGTTCACCATGTA-1,CD4 T cells
CCCAGTTCACGGATAG-1,CD14+ Monocytes
CCCAGTTCAGGAATGC-1,CD4 T cells
CCCAGTTCAGGTGGAT-1,CD14+ Monocytes
CCCAGTTGTACATGTC-1,CD8 T cells
CCCAGTTGTGTCGCTG-1,CD14+ Monocytes
CCCAGTTGTTATGTGC-1,CD4 T cells
CCCAGTTGTTGTACAC-1,CD4 T cells
CCCAGTTTCAGCATGT-1,CD4 T cells
CCCAGTTTCCACGAAT-1,CD4 T cells
CCCAGTTTCCCTAACC-1,Other
CCCAGTTTCCTCAACC-1,CD4 T cells
CCCATACAGCTTCGCG-1,CD4 T cells
CCCATACAGTCTTGCA-1,CD4 T cells
CCCATACAGTGGTAGC-1,CD14+ Monocytes
CCCATACAGTTGAGTA-1,CD14+ Monocytes
CCCATACCAAGCGATG-1,Dendritic Cells
CCCATACCAAGGACTG-1,CD14+ Monocytes
CCCATACCACCTGGTG-1,Other
CCCATACCACGAGAGT-1,B cells
CCCATACCAGTTTACG-1,CD4 T cells
CCCATACGTAGGACAC-1,CD14+ Monocytes
CCCATACGTCATACTG-1,NK cells
CCCATACGTCCGTCAG-1,Other
CCCATACGTGAGGGAG-1,CD8 T cells
CCCATACGTGTTCGAT-1,CD4 T cells
CCCATACGTTGTCTTT-1,CD14+ Monocytes
CCCATACTCTGAAAGA-1,CD4 T cells
CCCTCCTAGAAGGGTA-1,CD4 T cells
CCCTCCTAGACAAAGG-1,NK cells
CCCTCCTAGACCCACC-1,B cells
CCCTCCTAGACTGGGT-1,CD8 T cells
CCCTCCTAGAGTCGGT-1,CD4 T cells
CCCTCCTAGCACGCCT-1,CD4 T cells
CCCTCCTAGGCAGGTT-1,CD14+ Monocytes
CCCTCCTAGGCGCTCT-1,CD8 T cells
CCCTCCTAGTCGCCGT-1,Megakaryocytes
CCCTCCTCAAGAGTCG-1,CD8 T cells
CCCTCCTCAATCAGAA-1,CD4 T cells
CCCTCCTCAGATCCAT-1,B cells
CCCTCCTCAGGGTATG-1,Megakaryocytes
CCCTCCTCAGTAACGG-1,CD4 T cells
CCCTCCTCATTTCAGG-1,B cells
CCCTCCTGTAATAGCA-1,B cells
CCCTCCTGTACCCAAT-1,Other
CCCTCCTGTCAGTGGA-1,CD4 T cells
CCCTCCTGTGAGGGTT-1,CD4 T cells
CCCTCCTGTGCAGTAG-1,CD14+ Monocytes
CCCTCCTGTGTGACCC-1,CD14+ Monocytes
CCCTCCTTCAGTCAGT-1,CD14+ Monocytes
CCCTCCTTCCAGATCA-1,CD4 T cells
CCCTCCTTCGCCTGAG-1,Other
CCCTCCTTCGTCTGCT-1,CD4 T cells
CCCTCCTTCTCCCTGA-1,CD8 T cells
CCGGGATCAAACCCAT-1,CD14+ Monocytes
CCGGGATCAAAGGAAG-1,CD4 T cells
CCGGGATCAGATAATG-1,CD4 T cells
CCGGGATCAGCGTCCA-1,CD4 T cells
CCGGGATCAGCTGCAC-1,CD4 T cells
CCGGGATCATAGGATA-1,CD4 T cells
CCGGGATCATCCGGGT-1,CD4 T cells
CCGGGATGTAAAGTCA-1,CD14+ Monocytes
CCGGGATGTAAGGGAA-1,CD4 T cells
CCGGGATGTACCGTAT-1,CD4 T cells
CCGGGATGTACTCGCG-1,CD4 T cells
CCGGGATGTAGCTTGT-1,CD4 T cells
CCGGGATGTATTCGTG-1,CD14+ Monocytes
CCGGGATGTCCGTTAA-1,CD4 T cells
CCGGGATGTGATGATA-1,B cells
CCGGGATGTTACTGAC-1,B cells
CCGGGATGTTCGTCTC-1,CD14+ Monocytes
CCGGGATTCAACGAAA-1,B cells
CCGGGATTCATAGCAC-1,Other
CCGGGATTCCCAGGTG-1,CD4 T cells
CCGGGATTCCGTAGGC-1,CD14+ Monocytes
CCGGGATTCTCAACTT-1,CD14+ Monocytes
CCGGTAGAGCCAGAAC-1,CD14+ Monocytes
CCGGTAGAGCTCCTCT-1,B cells
CCGGTAGAGCTTATCG-1,CD4 T cells
CCGGTAGAGGCTAGAC-1,CD4 T cells
CCGGTAGAGTCCGTAT-1,CD8 T cells
CCGGTAGCAAACGCGA-1,CD4 T cells
CCGGTAGCAGACGCTC-1,CD4 T cells
CCGGTAGCAGTAGAGC-1,CD4 T cells
CCGGTAGCATATGAGA-1,CD4 T cells
CCGGTAGCATCGATGT-1,CD8 T cells
CCGGTAGCATTACCTT-1,Megakaryocytes
CCGGTAGGTAACGTTC-1,B cells
CCGGTAGGTTGAGTTC-1,B cells
CCGGTAGTCAACACGT-1,CD4 T cells
CCGGTAGTCGAGCCCA-1,B cells
CCGGTAGTCGTCTGAA-1,Other
CCGGTAGTCTCTTATG-1,CD14+ Monocytes
CCGTACTAGAGACTTA-1,CD8 T cells
CCGTACTAGAGCTATA-1,CD4 T cells
CCGTACTAGCTACCTA-1,CD4 T cells
CCGTACTAGCTCTCGG-1,CD8 T cells
CCGTACTCAGCCAATT-1,CD14+ Monocytes
CCGTACTCAGTCAGCC-1,B cells
CCGTACTGTAAATACG-1,B cells
CCGTACTGTAACGTTC-1,CD4 T cells
CCGTACTGTACCGGCT-1,CD4 T cells
CCGTACTGTCGGGTCT-1,B cells
CCGTACTGTCTAAACC-1,FCGR3A+ Monocytes
CCGTACTGTTCCTCCA-1,NK cells
CCGTACTGTTTGCATG-1,CD4 T cells
CCGTACTTCAGTTGAC-1,CD8 T cells
CCGTACTTCATAACCG-1,Other
CCGTACTTCCTCATTA-1,CD4 T cells
CCGTACTTCGGTGTTA-1,CD4 T cells
CCGTACTTCTGTCCGT-1,CD8 T cells
CCGTGGAAGATCGGGT-1,CD4 T cells
CCGTGGAAGCAGCGTA-1,CD14+ Monocytes
CCGTGGAAGCAGGCTA-1,CD4 T cells
CCGTGGACAACACCTA-1,CD14+ Monocytes
CCGTGGACAATGTTGC-1,CD4 T cells
CCGTGGACACCCATGG-1,CD14+ Monocytes
CCGTGGACAGATCTGT-1,CD4 T cells
CCGTGGACAGGATCGA-1,CD4 T cells
CCGTGGACAGTCAGCC-1,CD4 T cells
CCGTGGACAGTGACAG-1,CD4 T cells
CCGTGGACAGTTCATG-1,CD14+ Monocytes
CCGTGGACATCCTTGC-1,CD14+ Monocytes
CCGTGGAGTCATGCAT-1,CD4 T cells
CCGTGGAGTCTAGCGC-1,B cells
CCGTGGAGTTACGCGC-1,CD4 T cells
CCGTGGATCGTACCGG-1,CD4 T cells
CCGTTCAAGACTTGAA-1,CD8 T cells
CCGTTCAAGAGAACAG-1,CD8 T cells
CCGTTCAAGGTAGCTG-1,Other
CCGTTCAAGTCTCAAC-1,CD4 T cells
CCGTTCACAAGGCTCC-1,CD8 T cells
CCGTTCACACCCATGG-1,CD14+ Monocytes
CCGTTCACAGTAACGG-1,CD4 T cells
CCGTTCACATGCCACG-1,CD8 T cells
CCGTTCACATGCCTAA-1,Dendritic Cells
CCGTTCACATGGAATA-1,CD4 T cells
CCGTTCAGTCCTAGCG-1,CD4 T cells
CCGTTCAGTGAGGGAG-1,CD4 T cells
CCGTTCAGTGCACGAA-1,CD8 T cells
CCGTTCAGTGCGCTTG-1,B cells
CCGTTCAGTGCTCTTC-1,CD4 T cells
CCGTTCAGTTGGAGGT-1,CD4 T cells
CCGTTCATCACCACCT-1,CD8 T cells
CCGTTCATCACTCCTG-1,CD14+ Monocytes
CCGTTCATCCACGCAG-1,CD14+ Monocytes
CCGTTCATCCATGAAC-1,B cells
CCGTTCATCGGTCTAA-1,B cells
CCGTTCATCTTACCTA-1,CD4 T cells
CCGTTCATCTTCTGGC-1,CD8 T cells
CCTAAAGAGAATGTTG-1,CD4 T cells
CCTAAAGAGCACACAG-1,CD14+ Monocytes
CCTAAAGAGCCAGTAG-1,CD4 T cells
CCTAAAGAGCTCCCAG-1,CD4 T cells
CCTAAAGAGGGTCGAT-1,CD4 T cells
CCTAAAGAGTAATCCC-1,CD4 T cells
CCTAAAGAGTGGTAAT-1,CD4 T cells
CCTAAAGCAAGTAGTA-1,CD4 T cells
CCTAAAGCACCTGGTG-1,CD4 T cells
CCTAAAGCAGCATACT-1,NK cells
CCTAAAGCAGCTCCGA-1,FCGR3A+ Monocytes
CCTAAAGCAGGTTTCA-1,FCGR3A+ Monocytes
CCTAAAGCAGTGACAG-1,CD4 T cells
CCTAAAGCATGAACCT-1,CD4 T cells
CCTAAAGCATTAGGCT-1,CD4 T cells
CCTAAAGCATTTCACT-1,CD8 T cells
CCTAAAGGTCAGAGGT-1,CD14+ Monocytes
CCTAAAGTCGTTTGCC-1,CD4 T cells
CCTAAAGTCTCAAACG-1,CD8 T cells
CCTAAAGTCTGAGTGT-1,B cells
CCTACACAGAATTCCC-1,B cells
CCTACACAGATGTGTA-1,CD14+ Monocytes
CCTACACAGCTACCGC-1,CD4 T cells
CCTACACCAAGCCGTC-1,CD8 T cells
CCTACACCACGCCAGT-1,CD4 T cells
CCTACACCAGCTCCGA-1,CD4 T cells
CCTACACCAGTTCCCT-1,CD8 T cells
CCTACACCATCTCCCA-1,B cells
CCTACACGTACCAGTT-1,CD4 T cells
CCTACACGTATCAGTC-1,CD4 T cells
CCTACACGTCTAAAGA-1,Other
CCTACACGTTCGAATC-1,Megakaryocytes
CCTACACTCAACGGCC-1,CD4 T cells
CCTACACTCGAATCCA-1,Dendritic Cells
CCTACACTCGGCGGTT-1,CD8 T cells
CCTACCAAGACTCGGA-1,CD4 T cells
CCTACCAAGCCAGTTT-1,CD14+ Monocytes
CCTACCAAGCGGCTTC-1,CD14+ Monocytes
CCTACCAAGCTGGAAC-1,CD4 T cells
CCTACCAAGGCTCATT-1,CD14+ Monocytes
CCTACCAAGGTGCACA-1,CD4 T cells
CCTACCACAAATACAG-1,CD8 T cells
CCTACCACAAGTAGTA-1,CD4 T cells
CCTACCACAGCTATTG-1,CD4 T cells
CCTACCACATGAACCT-1,CD4 T cells
CCTACCACATTCACTT-1,CD8 T cells
CCTACCAGTAGCTGCC-1,CD4 T cells
CCTACCAGTATCGCAT-1,Other
CCTACCAGTCCCTACT-1,CD14+ Monocytes
CCTACCAGTCTAGAGG-1,CD4 T cells
CCTACCAGTCTGATTG-1,CD4 T cells
CCTACCAGTGGTCTCG-1,CD4 T cells
CCTACCAGTGTTTGGT-1,CD8 T cells
CCTACCAGTTTAAGCC-1,CD4 T cells
CCTACCATCCAAATGC-1,CD4 T cells
CCTACCATCCCATTTA-1,CD14+ Monocytes
CCTACCATCCTCCTAG-1,CD4 T cells
CCTACCATCGGAATCT-1,CD8 T cells
CCTAGCTAGAGACGAA-1,CD4 T cells
CCTAGCTAGAGGTTAT-1,CD4 T cells
CCTAGCTAGATGCGAC-1,CD14+ Monocytes
CCTAGCTAGCTTCGCG-1,B cells
CCTAGCTAGTGTACGG-1,Other
CCTAGCTAGTTTGCGT-1,CD8 T cells
CCTAGCTCAATAACGA-1,CD4 T cells
CCTAGCTCAATCGGTT-1,NK cells
CCTAGCTCACCTCGTT-1,Other
CCTAGCTCATAGACTC-1,CD4 T cells
CCTAGCTCATGCGCAC-1,Other
CCTAGCTGTGCACTTA-1,CD8 T cells
CCTAGCTGTGGTTTCA-1,CD14+ Monocytes
CCTAGCTGTTAAGATG-1,CD4 T cells
CCTAGCTGTTGGAGGT-1,CD14+ Monocytes
CCTAGCTGTTTGGCGC-1,B cells
CCTAGCTTCAAACCGT-1,CD4 T cells
CCTAGCTTCCCATTAT-1,FCGR3A+ Monocytes
CCTAGCTTCCGAACGC-1,CD14+ Monocytes
CCTATTAAGTACTTGC-1,CD14+ Monocytes
CCTATTAAGTCTCAAC-1,CD4 T cells
CCTATTACATCTACGA-1,CD4 T cells
CCTATTACATTGAGCT-1,CD4 T cells
CCTATTAGTAAATACG-1,CD14+ Monocytes
CCTATTAGTGACAAAT-1,B cells
CCTATTAGTGTGGTTT-1,CD14+ Monocytes
CCTATTATCACGCGGT-1,FCGR3A+ Monocytes
CCTATTATCGATGAGG-1,NK cells
CCTATTATCGCGCCAA-1,CD4 T cells
CCTATTATCGTTGACA-1,CD8 T cells
CCTATTATCTGGCGTG-1,CD14+ Monocytes
CCTATTATCTTACCGC-1,CD14+ Monocytes
CCTCAGTAGGATGTAT-1,FCGR3A+ Monocytes
CCTCAGTAGGCTATCT-1,CD4 T cells
CCTCAGTAGGGAACGG-1,CD14+ Monocytes
CCTCAGTAGTCCATAC-1,CD4 T cells
CCTCAGTCAAACGCGA-1,CD14+ Monocytes
CCTCAGTCAACACCCG-1,CD4 T cells
CCTCAGTCAAGCCTAT-1,CD4 T cells
CCTCAGTCACCATCCT-1,CD8 T cells
CCTCAGTGTAGAAAGG-1,CD4 T cells
CCTCAGTGTATCTGCA-1,CD4 T cells
CCTCAGTGTGCAGGTA-1,CD4 T cells
CCTCAGTTCGTTTATC-1,CD4 T cells
CCTCAGTTCTGAGGGA-1,CD4 T cells
CCTCAGTTCTTGTACT-1,CD4 T cells
CCTCTGAAGACCACGA-1,CD4 T cells
CCTCTGAAGCGTCAAG-1,CD4 T cells
CCTCTGACACATTCGA-1,CD8 T cells
CCTCTGACACCTTGTC-1,CD14+ Monocytes
CCTCTGACAGCTTAAC-1,NK cells
CCTCTGACAGGGTTAG-1,CD14+ Monocytes
CCTCTGACATCGATGT-1,Other
CCTCTGACATGGAATA-1,B cells
CCTCTGACATGGATGG-1,CD4 T cells
CCTCTGAGTCTTCGTC-1,CD14+ Monocytes
CCTCTGATCAAGGCTT-1,NK cells
CCTCTGATCTAAGCCA-1,CD4 T cells
CCTCTGATCTACCAGA-1,FCGR3A+ Monocytes
CCTTACGAGCAACGGT-1,B cells
CCTTACGAGTCTCAAC-1,CD14+ Monocytes
CCTTACGAGTGTACTC-1,CD14+ Monocytes
CCTTACGCAAGCGCTC-1,CD4 T cells
CCTTACGCACATTTCT-1,CD14+ Monocytes
CCTTACGCACGTCAGC-1,CD4 T cells
CCTTACGCAGCGAACA-1,CD4 T cells
CCTTACGCATAGACTC-1,CD4 T cells
CCTTACGCATTGTGCA-1,CD4 T cells
CCTTACGGTACAAGTA-1,NK cells
CCTTACGGTCAATACC-1,Other
CCTTACGGTGTCTGAT-1,CD4 T cells
CCTTACGGTGTTAAGA-1,CD8 T cells
CCTTACGTCAATCTCT-1,NK cells
CCTTACGTCAGCCTAA-1,CD14+ Monocytes
CCTTACGTCATGCTCC-1,CD4 T cells
CCTTACGTCCCAAGAT-1,CD4 T cells
CCTTACGTCCTACAGA-1,CD14+ Monocytes
CCTTACGTCGCTTGTC-1,CD14+ Monocytes
CCTTACGTCGGAAACG-1,CD4 T cells
CCTTACGTCTCAAGTG-1,CD14+ Monocytes
CCTTCCCAGAGTGAGA-1,CD14+ Monocytes
CCTTCCCAGCTGAACG-1,B cells
CCTTCCCAGCTTATCG-1,CD4 T cells
CCTTCCCAGGCAATTA-1,Other
CCTTCCCCAATAGCAA-1,Dendritic Cells
CCTTCCCCAATGACCT-1,CD14+ Monocytes
CCTTCCCCACAGATTC-1,CD14+ Monocytes
CCTTCCCCATAGGATA-1,B cells
CCTTCCCGTACACCGC-1,CD14+ Monocytes
CCTTCCCGTCGGCTCA-1,CD4 T cells
CCTTCCCGTTTACTCT-1,Dendritic Cells
CCTTCCCTCACGAAGG-1,CD4 T cells
CCTTCCCTCAGCTTAG-1,CD4 T cells
CCTTCCCTCATCTGTT-1,CD4 T cells
CCTTCCCTCCTTTCTC-1,CD14+ Monocytes
CCTTCGAAGACTAAGT-1,CD4 T cells
CCTTCGAAGAGCTGCA-1,B cells
CCTTCGAAGCTAACTC-1,CD14+ Monocytes
CCTTCGAAGGCGTACA-1,CD8 T cells
CCTTCGAAGGTGCTTT-1,CD4 T cells
CCTTCGAAGTCCAGGA-1,CD8 T cells
CCTTCGAAGTGCTGCC-1,CD4 T cells
CCTTCGACAACAACCT-1,CD4 T cells
CCTTCGACACAGACAG-1,CD4 T cells
CCTTCGACATGTTCCC-1,CD14+ Monocytes
CCTTCGAGTAAGTAGT-1,B cells
CCTTCGAGTCGAGATG-1,CD8 T cells
CCTTCGAGTCGAGTTT-1,CD4 T cells
CCTTCGAGTTCCCGAG-1,CD14+ Monocytes
CCTTCGATCCAAGCCG-1,CD4 T cells
CCTTCGATCGGCGCTA-1,CD4 T cells
CCTTCGATCTTGTCAT-1,CD4 T cells
CCTTTCTAGCCAGTTT-1,CD8 T cells
CCTTTCTAGGCAAAGA-1,CD4 T cells
CCTTTCTAGTGTGAAT-1,Dendritic Cells
CCTTTCTCACAGAGGT-1,NK cells
CCTTTCTCACATAACC-1,CD4 T cells
CCTTTCTCACGTCAGC-1,CD8 T cells
CCTTTCTGTCTTTCAT-1,CD14+ Monocytes
CCTTTCTGTGCGATAG-1,CD14+ Monocytes
CCTTTCTGTGCGGTAA-1,NK cells
CCTTTCTGTGTGAATA-1,Dendritic Cells
CCTTTCTTCGCCTGTT-1,CD14+ Monocytes
CCTTTCTTCGGTCCGA-1,Other
CGAACATAGAAACCGC-1,CD4 T cells
CGAACATAGCCGATTT-1,Dendritic Cells
CGAACATAGGCCCGTT-1,CD4 T cells
CGAACATAGGTAAACT-1,CD8 T cells
CGAACATAGTAGCCGA-1,CD8 T cells
CGAACATCAAACCCAT-1,CD4 T cells
CGAACATCAAGTAATG-1,CD4 T cells
CGAACATCAGATGGGT-1,CD4 T cells
CGAACATCATCATCCC-1,B cells
CGAACATCATTCGACA-1,CD8 T cells
CGAACATGTAAGTTCC-1,B cells
CGAACATGTCAAAGAT-1,CD14+ Monocytes
CGAACATGTCATCGGC-1,CD4 T cells
CGAACATGTCCAAGTT-1,CD4 T cells
CGAACATGTCTTGATG-1,FCGR3A+ Monocytes
CGAACATGTGCAGTAG-1,Megakaryocytes
CGAACATGTTAAGGGC-1,CD4 T cells
CGAACATTCAACACAC-1,B cells
CGAACATTCACATAGC-1,CD14+ Monocytes
CGAACATTCCAAGCCG-1,CD4 T cells
CGAACATTCCCAAGTA-1,NK cells
CGAACATTCCGATATG-1,CD4 T cells
CGAACATTCTTACCTA-1,B cells
CGAATGTAGACCTAGG-1,CD14+ Monocytes
CGAATGTAGAGTCTGG-1,CD4 T cells
CGAATGTAGTCCATAC-1,CD4 T cells
CGAATGTCATTGCGGC-1,CD8 T cells
CGAATGTGTGAGGCTA-1,CD4 T cells
CGAATGTGTGCAGACA-1,CD14+ Monocytes
CGAATGTGTTTGGGCC-1,CD4 T cells
CGAATGTTCAACGAAA-1,Other
CGAATGTTCCGAGCCA-1,B cells
CGAATGTTCGTACGGC-1,CD14+ Monocytes
CGAATGTTCTATCGCC-1,CD8 T cells
CGACCTTAGATCTGCT-1,CD4 T cells
CGACCTTAGCCTTGAT-1,CD8 T cells
CGACCTTCACGTTGGC-1,CD8 T cells
CGACCTTCAGCGATCC-1,B cells
CGACCTTCAGCTATTG-1,Other
CGACCTTCATCCAACA-1,CD8 T cells
CGACCTTCATCCCATC-1,FCGR3A+ Monocytes
CGACCTTCATCTGGTA-1,CD4 T cells
CGACCTTCATGCAATC-1,CD4 T cells
CGACCTTCATTACGAC-1,CD8 T cells
CGACCTTGTACCGGCT-1,CD4 T cells
CGACCTTGTCAACATC-1,CD4 T cells
CGACCTTGTCCTCCAT-1,Dendritic Cells
CGACCTTGTGGTGTAG-1,CD14+ Monocytes
CGACTTCAGAAGGCCT-1,CD4 T cells
CGACTTCAGACCCACC-1,CD4 T cells
CGACTTCAGTACGTAA-1,CD4 T cells
CGACTTCCAAAGCGGT-1,CD4 T cells
CGACTTCCACGACGAA-1,CD8 T cells
CGACTTCCACGGCTAC-1,CD4 T cells
CGACTTCCATACTCTT-1,B cells
CGACTTCCATCCGCGA-1,CD4 T cells
CGACTTCGTAGATTAG-1,CD4 T cells
CGACTTCGTATGAAAC-1,CD8 T cells
CGACTTCGTTCCACAA-1,FCGR3A+ Monocytes
CGACTTCTCAGGTTCA-1,CD4 T cells
CGACTTCTCGATCCCT-1,CD4 T cells
CGACTTCTCGGAAACG-1,B cells
CGACTTCTCGTGGTCG-1,CD4 T cells
CGAGAAGAGATATGGT-1,CD4 T cells
CGAGAAGAGCGGCTTC-1,CD4 T cells
CGAGAAGAGGTACTCT-1,B cells
CGAGAAGAGTACGCCC-1,CD8 T cells
CGAGAAGCAGTAAGCG-1,B cells
CGAGAAGCATCTGGTA-1,CD4 T cells
CGAGAAGGTAAGTAGT-1,CD8 T cells
CGAGAAGGTACCCAAT-1,B cells
CGAGAAGGTACCGTTA-1,CD14+ Monocytes
CGAGAAGGTAGGACAC-1,CD4 T cells
CGAGAAGGTGTTTGGT-1,B cells
CGAGAAGGTTATCACG-1,CD8 T cells
CGAGAAGTCACGGTTA-1,NK cells
CGAGAAGTCACTTCAT-1,NK cells
CGAGAAGTCAGTGTTG-1,CD4 T cells
CGAGAAGTCATCTGTT-1,CD4 T cells
CGAGAAGTCTGACCTC-1,CD14+ Monocytes
CGAGCACAGGCTCATT-1,CD14+ Monocytes
CGAGCACAGTCGTTTG-1,NK cells
CGAGCACCAACTTGAC-1,B cells
CGAGCACCAAGGACAC-1,CD14+ Monocytes
CGAGCACCACGGTAAG-1,B cells
CGAGCACCAGATAATG-1,CD14+ Monocytes
CGAGCACCAGTGACAG-1,CD14+ Monocytes
CGAGCACGTAAGGATT-1,CD8 T cells
CGAGCACGTGCACCAC-1,B cells
CGAGCACGTGTAAGTA-1,CD8 T cells
CGAGCACTCAGCTCGG-1,CD4 T cells
CGAGCACTCGACCAGC-1,CD8 T cells
CGAGCACTCGCGATCG-1,FCGR3A+ Monocytes
CGAGCCAAGATAGTCA-1,B cells
CGAGCCAAGATGCGAC-1,Other
CGAGCCAAGCCACGTC-1,CD4 T cells
CGAGCCAAGGAATTAC-1,CD14+ Monocytes
CGAGCCAAGTGGACGT-1,CD4 T cells
CGAGCCACACCCTATC-1,B cells
CGAGCCACACGTGAGA-1,Megakaryocytes
CGAGCCACAGGAACGT-1,B cells
CGAGCCACAGGTGGAT-1,CD14+ Monocytes
CGAGCCACATGAACCT-1,B cells
CGAGCCACATGCCCGA-1,CD4 T cells
CGAGCCACATGTTGAC-1,CD4 T cells
CGAGCCAGTAAGTGGC-1,B cells
CGAGCCAGTAGCCTCG-1,CD8 T cells
CGAGCCAGTCCATCCT-1,CD14+ Monocytes
CGAGCCAGTCCGAGTC-1,CD4 T cells
CGAGCCAGTGACGGTA-1,CD14+ Monocytes
CGAGCCATCACGATGT-1,B cells
CGAGCCATCCATTCTA-1,CD4 T cells
CGAGCCATCCCTAACC-1,CD4 T cells
CGAGCCATCCCTGACT-1,CD8 T cells
CGAGCCATCCTTGACC-1,CD4 T cells
CGAGCCATCGCTTGTC-1,CD4 T cells
CGAGCCATCGGAGGTA-1,NK cells
CGAGCCATCTCGAGTA-1,CD8 T cells
CGAGCCATCTGGAGCC-1,CD4 T cells
CGAGCCATCTTACCTA-1,CD4 T cells
CGATCGGAGTATCTCG-1,Other
CGATCGGAGTCAAGCG-1,NK cells
CGATCGGAGTCCAGGA-1,Megakaryocytes
CGATCGGAGTGAACAT-1,CD14+ Monocytes
CGATCGGCACAAGACG-1,B cells
CGATCGGCACACCGAC-1,CD14+ Monocytes
CGATCGGCACACCGCA-1,Other
CGATCGGCACATCCAA-1,B cells
CGATCGGCATTGGTAC-1,B cells
CGATCGGGTACCGGCT-1,CD4 T cells
CGATCGGGTAGAGGAA-1,CD8 T cells
CGATCGGGTCCAGTAT-1,Other
CGATCGGGTCTAGCCG-1,CD14+ Monocytes
CGATCGGGTGCGCTTG-1,CD4 T cells
CGATCGGTCATAAAGG-1,NK cells
CGATCGGTCTCTGCTG-1,CD4 T cells
CGATGGCAGCACCGTC-1,CD4 T cells
CGATGGCAGGTAGCCA-1,B cells
CGATGGCAGTGAACAT-1,NK cells
CGATGGCAGTTGAGTA-1,CD4 T cells
CGATGGCCACAGACTT-1,B cells
CGATGGCCACATCCAA-1,NK cells
CGATGGCCACGAAAGC-1,B cells
CGATGGCCAGGGAGAG-1,CD4 T cells
CGATGGCCATCACGAT-1,CD4 T cells
CGATGGCCATGGTTGT-1,CD4 T cells
CGATGGCGTAGCGATG-1,CD14+ Monocytes
CGATGGCGTAGCGCTC-1,CD14+ Monocytes
CGATGGCGTCGAACAG-1,CD4 T cells
CGATGGCTCAACACTG-1,CD14+ Monocytes
CGATGGCTCACCAGGC-1,CD4 T cells
CGATGGCTCTTGACGA-1,CD4 T cells
CGATGTAAGAAACCAT-1,B cells
CGATGTAAGCTAGTGG-1,B cells
CGATGTAAGGGCTTCC-1,CD14+ Monocytes
CGATGTACACTCAGGC-1,CD14+ Monocytes
CGATGTAGTAGCTAAA-1,CD4 T cells
CGATGTAGTATCAGTC-1,CD8 T cells
CGATGTATCGTGGGAA-1,FCGR3A+ Monocytes
CGATGTATCTCAACTT-1,CD4 T cells
CGATTGAAGCGTAGTG-1,B cells
CGATTGAAGGTGTTAA-1,CD4 T cells
CGATTGAAGTTCGCAT-1,CD14+ Monocytes
CGATTGACAAGCCGCT-1,CD14+ Monocytes
CGATTGACAGAGTGTG-1,CD8 T cells
CGATTGACATAGAAAC-1,CD4 T cells
CGATTGAGTAAACCTC-1,B cells
CGATTGAGTACAGTGG-1,B cells
CGATTGAGTAGCGATG-1,CD14+ Monocytes
CGATTGAGTCCGAATT-1,CD4 T cells
CGATTGAGTCTGCAAT-1,CD14+ Monocytes
CGATTGAGTCTTTCAT-1,CD4 T cells
CGATTGAGTGACAAAT-1,B cells
CGATTGATCGTAGGAG-1,CD14+ Monocytes
CGATTGATCGTGGACC-1,B cells
CGATTGATCTGTGCAA-1,CD14+ Monocytes
CGCCAAGAGAAGAAGC-1,CD14+ Monocytes
CGCCAAGAGCTAGTCT-1,B cells
CGCCAAGAGCTGAACG-1,CD4 T cells
CGCCAAGAGGCATGTG-1,CD8 T cells
CGCCAAGCACTCTGTC-1,CD4 T cells
CGCCAAGCATATGGTC-1,B cells
CGCCAAGCATCTCGCT-1,CD14+ Monocytes
CGCCAAGCATGAAGTA-1,CD8 T cells
CGCCAAGCATTAGGCT-1,B cells
CGCCAAGGTAAAGGAG-1,CD4 T cells
CGCCAAGGTAGGAGTC-1,CD4 T cells
CGCCAAGGTTACGCGC-1,CD4 T cells
CGCCAAGTCACCCGAG-1,CD4 T cells
CGCCAAGTCAGCGATT-1,B cells
CGCCAAGTCCATGCTC-1,NK cells
CGCCAAGTCCGAACGC-1,CD14+ Monocytes
CGCCAAGTCGGTCTAA-1,B cells
CGCCAAGTCGTACCGG-1,CD4 T cells
CGCCAAGTCTACCAGA-1,CD14+ Monocytes
CGCGGTAAGAAACCAT-1,CD4 T cells
CGCGGTAAGAGTACCG-1,Other
CGCGGTAAGCAAATCA-1,Other
CGCGGTAAGGTGCAAC-1,CD4 T cells
CGCGGTAAGTGCCATT-1,CD4 T cells
CGCGGTACAAGCCATT-1,CD4 T cells
CGCGGTACAAGCCGTC-1,CD4 T cells
CGCGGTACAGTACACT-1,CD8 T cells
CGCGGTAGTACTCGCG-1,CD14+ Monocytes
CGCGGTAGTATCTGCA-1,CD8 T cells
CGCGGTAGTCAACTGT-1,CD4 T cells
CGCGGTAGTGGGTCAA-1,CD14+ Monocytes
CGCGGTATCAGAAATG-1,CD4 T cells
CGCGGTATCGCCAAAT-1,CD4 T cells
CGCGGTATCGTAGGAG-1,CD4 T cells
CGCGGTATCTGCAAGT-1,Dendritic Cells
CGCGGTATCTTTACAC-1,CD14+ Monocytes
CGCGTTTAGACAGACC-1,CD14+ Monocytes
CGCGTTTAGGACATTA-1,FCGR3A+ Monocytes
CGCGTTTAGGTGTTAA-1,CD8 T cells
CGCGTTTAGTTGAGTA-1,CD14+ Monocytes
CGCGTTTCACAGTCGC-1,CD4 T cells
CGCGTTTCACGTCTCT-1,CD4 T cells
CGCGTTTCACTGTCGG-1,CD14+ Monocytes
CGCGTTTCAGAAGCAC-1,CD4 T cells
CGCGTTTCAGCTTAAC-1,CD4 T cells
CGCGTTTCATAACCTG-1,CD4 T cells
CGCGTTTGTCAAACTC-1,CD4 T cells
CGCGTTTGTCACTTCC-1,CD8 T cells
CGCGTTTGTCGCTTCT-1,CD4 T cells
CGCGTTTGTCGGATCC-1,NK cells
CGCGTTTGTCTGCCAG-1,CD4 T cells
CGCGTTTGTCTTGCGG-1,CD8 T cells
CGCGTTTGTGTCGCTG-1,CD4 T cells
CGCGTTTGTGTTCTTT-1,CD8 T cells
CGCGTTTGTTTAGCTG-1,CD4 T cells
CGCGTTTTCCGCGGTA-1,CD8 T cells
CGCGTTTTCGCTGATA-1,FCGR3A+ Monocytes
CGCTATCAGAATTCCC-1,CD4 T cells
CGCTATCAGCAGATCG-1,CD14+ Monocytes
CGCTATCAGCGATATA-1,FCGR3A+ Monocytes
CGCTATCAGTACCGGA-1,B cells
CGCTATCCACTTAACG-1,CD4 T cells
CGCTATCCAGGCTCAC-1,CD4 T cells
CGCTATCCAGTGGAGT-1,CD4 T cells
CGCTATCCATCGGGTC-1,CD4 T cells
CGCTATCCATGCTGGC-1,CD4 T cells
CGCTATCGTATTCGTG-1,CD4 T cells
CGCTATCGTCAGAGGT-1,B cells
CGCTATCGTGAGGGTT-1,CD8 T cells
CGCTATCGTTTGTTGG-1,CD4 T cells
CGCTATCTCTAGCACA-1,CD4 T cells
CGCTATCTCTGGAGCC-1,NK cells
CGCTATCTCTGTCCGT-1,NK cells
CGCTGGAAGCGAAGGG-1,CD14+ Monocytes
CGCTGGAAGCTAGCCC-1,Other
CGCTGGAAGGACAGCT-1,CD4 T cells
CGCTGGAAGGCTACGA-1,CD14+ Monocytes
CGCTGGACACAGCCCA-1,CD4 T cells
CGCTGGACACATAACC-1,CD8 T cells
CGCTGGACATATGGTC-1,B cells
CGCTGGATCGTCTGAA-1,CD4 T cells
CGCTGGATCTCTTGAT-1,CD4 T cells
CGCTGGATCTTGCATT-1,CD4 T cells
CGCTTCAAGTGACATA-1,CD4 T cells
CGCTTCAAGTTCGATC-1,CD14+ Monocytes
CGCTTCACAATCGGTT-1,CD14+ Monocytes
CGCTTCACAGGTCCAC-1,CD8 T cells
CGCTTCACATAGGATA-1,CD8 T cells
CGCTTCACATGAGCGA-1,CD14+ Monocytes
CGCTTCAGTAGCGTGA-1,CD8 T cells
CGCTTCAGTCCGCTGA-1,B cells
CGCTTCAGTGCGCTTG-1,CD14+ Monocytes
CGCTTCAGTTCCACTC-1,CD14+ Monocytes
CGCTTCATCCGGCACA-1,CD14+ Monocytes
CGCTTCATCGCATGAT-1,CD8 T cells
CGCTTCATCTTGTACT-1,CD8 T cells
CGGACACAGAACTGTA-1,B cells
CGGACACAGAATAGGG-1,Dendritic Cells
CGGACACAGATACACA-1,CD8 T cells
CGGACACAGTACGTTC-1,CD8 T cells
CGGACACAGTCCGTAT-1,CD4 T cells
CGGACACCAAATTGCC-1,CD8 T cells
CGGACACCAGGTGGAT-1,CD4 T cells
CGGACACGTAGAAAGG-1,CD4 T cells
CGGACACGTCGAAAGC-1,CD4 T cells
CGGACACGTGTTTGGT-1,CD4 T cells
CGGACACTCAGCTGGC-1,CD14+ Monocytes
CGGACACTCCCTCAGT-1,CD8 T cells
CGGACACTCGCCCTTA-1,CD8 T cells
CGGACACTCTTACCGC-1,CD14+ Monocytes
CGGACGTAGACAAAGG-1,CD4 T cells
CGGACGTAGACACTAA-1,CD14+ Monocytes
CGGACGTAGCGTCTAT-1,CD8 T cells
CGGACGTAGTAACCCT-1,CD4 T cells
CGGACGTAGTGGGCTA-1,Dendritic Cells
CGGACGTCAAATTGCC-1,CD8 T cells
CGGACGTCACAACGTT-1,CD4 T cells
CGGACGTCACATTCGA-1,CD8 T cells
CGGACGTCACCGATAT-1,CD4 T cells
CGGACGTCACCTGGTG-1,Other
CGGACGTCACGGACAA-1,CD4 T cells
CGGACGTCATCTCCCA-1,CD4 T cells
CGGACGTCATGAAGTA-1,CD4 T cells
CGGACGTGTACCATCA-1,CD8 T cells
CGGACGTGTCACCCAG-1,CD4 T cells
CGGACGTGTGCTTCTC-1,CD4 T cells
CGGACGTGTGGGTATG-1,CD14+ Monocytes
CGGACGTGTGTCAATC-1,CD4 T cells
CGGACGTTCACAATGC-1,B cells
CGGACGTTCCATGAGT-1,CD14+ Monocytes
CGGACGTTCCTCATTA-1,CD4 T cells
CGGACGTTCGCGGATC-1,CD8 T cells
CGGACGTTCTTCATGT-1,Dendritic Cells
CGGACTGAGCGATTCT-1,CD4 T cells
CGGACTGAGTACTTGC-1,CD4 T cells
CGGACTGAGTCGCCGT-1,CD4 T cells
CGGACTGCAACTGGCC-1,CD4 T cells
CGGACTGCACACGCTG-1,CD14+ Monocytes
CGGACTGGTAAGGGAA-1,CD4 T cells
CGGACTGTCAACGCTA-1,CD4 T cells
CGGAGCTAGAATTCCC-1,B cells
CGGAGCTAGAGACTTA-1,CD4 T cells
CGGAGCTAGATGTGTA-1,CD4 T cells
CGGAGCTAGCCCAGCT-1,CD14+ Monocytes
CGGAGCTCAAACCCAT-1,CD8 T cells
CGGAGCTGTAACGCGA-1,CD4 T cells
CGGAGCTGTAATTGGA-1,CD8 T cells
CGGAGCTGTAGCGATG-1,B cells
CGGAGCTGTCTCAACA-1,B cells
CGGAGCTGTGCAACGA-1,CD4 T cells
CGGAGCTGTGGACGAT-1,Megakaryocytes
CGGAGCTGTTACCAGT-1,B cells
CGGAGCTGTTATGTGC-1,CD4 T cells
CGGAGCTTCAGTGTTG-1,CD4 T cells
CGGAGTCAGCTGAAAT-1,CD4 T cells
CGGAGTCAGGGAACGG-1,CD4 T cells
CGGAGTCCAAGCCGCT-1,B cells
CGGAGTCCACGAAATA-1,CD4 T cells
CGGAGTCCAGCGTCCA-1,CD4 T cells
CGGAGTCCAGGAATGC-1,CD4 T cells
CGGAGTCCATCCCATC-1,CD4 T cells
CGGAGTCGTAATCACC-1,CD14+ Monocytes
CGGAGTCGTGTGTGCC-1,Other
CGGAGTCTCAGATAAG-1,FCGR3A+ Monocytes
CGGAGTCTCATGCATG-1,CD8 T cells
CGGAGTCTCCAAACAC-1,CD14+ Monocytes
CGGAGTCTCGCAAACT-1,CD4 T cells
CGGAGTCTCTTCGGTC-1,CD4 T cells
CGGCTAGAGACGCAAC-1,B cells
CGGCTAGAGCAATATG-1,B cells
CGGCTAGAGTGATCGG-1,B cells
CGGCTAGAGTGTTGAA-1,CD4 T cells
CGGCTAGCACCATCCT-1,CD4 T cells
CGGCTAGCAGCATGAG-1,Dendritic Cells
CGGCTAGCATCGACGC-1,CD8 T cells
CGGCTAGCATCGGGTC-1,CD4 T cells
CGGCTAGCATTAGGCT-1,Other
CGGCTAGGTACGCTGC-1,B cells
CGGCTAGGTCAGATAA-1,CD14+ Monocytes
CGGCTAGGTCCCTACT-1,NK cells
CGGCTAGGTCGAGTTT-1,Megakaryocytes
CGGCTAGGTGATGATA-1,CD4 T cells
CGGCTAGGTTAAAGAC-1,Dendritic Cells
CGGCTAGGTTGGGACA-1,CD4 T cells
CGGCTAGTCACAACGT-1,CD14+ Monocytes
CGGCTAGTCACCTCGT-1,CD4 T cells
CGGCTAGTCTATCGCC-1,CD4 T cells
CGGCTAGTCTCAACTT-1,CD4 T cells
CGGGTCAAGAGAGCTC-1,B cells
CGGGTCAAGATAGGAG-1,CD14+ Monocytes
CGGGTCAAGATGGCGT-1,CD14+ Monocytes
CGGGTCAAGCTAACAA-1,CD4 T cells
CGGGTCAAGGCACATG-1,CD4 T cells
CGGGTCAAGGGTCGAT-1,CD4 T cells
CGGGTCAAGGGTCTCC-1,CD4 T cells
CGGGTCAAGTATCGAA-1,Other
CGGGTCAAGTATCTCG-1,B cells
CGGGTCAAGTGTACGG-1,CD4 T cells
CGGGTCACAATTCCTT-1,CD4 T cells
CGGGTCACATTGGGCC-1,CD14+ Monocytes
CGGGTCAGTCACTGGC-1,CD4 T cells
CGGGTCAGTCTCTTAT-1,CD8 T cells
CGGGTCAGTCTGATCA-1,CD4 T cells
CGGGTCAGTTCATGGT-1,B cells
CGGGTCATCATCACCC-1,CD4 T cells
CGGTTAAAGAGTAAGG-1,CD4 T cells
CGGTTAAAGCGATTCT-1,B cells
CGGTTAAAGCTACCTA-1,CD4 T cells
CGGTTAAAGTAAGTAC-1,B cells
CGGTTAACAAGTCTAC-1,CD8 T cells
CGGTTAACAATGAATG-1,CD14+ Monocytes
CGGTTAACATCCGGGT-1,CD14+ Monocytes
CGGTTAAGTACTCGCG-1,CD14+ Monocytes
CGGTTAAGTAGTGAAT-1,CD8 T cells
CGGTTAAGTGCAGTAG-1,CD14+ Monocytes
CGGTTAAGTGGTCCGT-1,CD4 T cells
CGGTTAAGTTTGGGCC-1,CD14+ Monocytes
CGGTTAATCAGAAATG-1,CD14+ Monocytes
CGGTTAATCAGCACAT-1,CD4 T cells
CGGTTAATCCAAACAC-1,CD4 T cells
CGGTTAATCCATGAGT-1,Megakaryocytes
CGGTTAATCCCTAATT-1,CD8 T cells
CGGTTAATCCGTAGGC-1,CD14+ Monocytes
CGGTTAATCGAGCCCA-1,B cells
CGGTTAATCGCGTTTC-1,CD14+ Monocytes
CGTAGCGAGAAACGCC-1,CD4 T cells
CGTAGCGAGAACAACT-1,CD14+ Monocytes
CGTAGCGAGCACGCCT-1,CD4 T cells
CGTAGCGAGCGATAGC-1,CD4 T cells
CGTAGCGAGGACAGCT-1,CD4 T cells
CGTAGCGAGTATCTCG-1,CD4 T cells
CGTAGCGCAGGCTCAC-1,B cells
CGTAGCGCAGTACACT-1,CD14+ Monocytes
CGTAGCGGTCCGAGTC-1,CD14+ Monocytes
CGTAGCGGTCGAGATG-1,CD4 T cells
CGTAGCGTCAGAGGTG-1,CD4 T cells
CGTAGCGTCATGTGGT-1,NK cells
CGTAGCGTCATTTGGG-1,CD4 T cells
CGTAGCGTCGTAGGTT-1,CD4 T cells
CGTAGGCAGCCACGTC-1,CD4 T cells
CGTAGGCAGCTCCCAG-1,CD4 T cells
CGTAGGCAGTATCGAA-1,CD14+ Monocytes
CGTAGGCAGTGTGAAT-1,CD4 T cells
CGTAGGCCACAGGTTT-1,CD14+ Monocytes
CGTAGGCCACCAACCG-1,CD8 T cells
CGTAGGCCACGAAATA-1,CD14+ Monocytes
CGTAGGCCAGGACCCT-1,CD4 T cells
CGTAGGCCAGTAAGCG-1,CD14+ Monocytes
CGTAGGCCATAGAAAC-1,Dendritic Cells
CGTAGGCCATATACGC-1,CD8 T cells
CGTAGGCGTACGACCC-1,CD14+ Monocytes
CGTAGGCGTCAGGACA-1,Megakaryocytes
CGTAGGCGTCCGTGAC-1,CD4 T cells
CGTAGGCGTCGGCACT-1,CD4 T cells
CGTAGGCTCGTTACGA-1,CD4 T cells
CGTCACTAGCACGCCT-1,CD14+ Monocytes
CGTCACTAGGAGTAGA-1,Other
CGTCACTAGTGAACGC-1,CD4 T cells
CGTCACTCAAACAACA-1,CD8 T cells
CGTCACTCACTGTGTA-1,CD8 T cells
CGTCACTCAGCTTCGG-1,B cells
CGTCACTGTAAAGTCA-1,CD4 T cells
CGTCACTGTCCAGTAT-1,CD14+ Monocytes
CGTCACTGTCGCTTCT-1,CD4 T cells
CGTCACTGTGATAAGT-1,CD4 T cells
CGTCACTGTGGCGAAT-1,B cells
CGTCACTTCACCTTAT-1,NK cells
CGTCACTTCGGAATCT-1,CD4 T cells
CGTCACTTCGGTTCGG-1,B cells
CGTCACTTCTCCAACC-1,CD4 T cells
CGTCACTTCTCGATGA-1,Dendritic Cells
CGTCACTTCTCTGTCG-1,CD4 T cells
CGTCAGGAGCAGCCTC-1,CD14+ Monocytes
CGTCAGGAGCCACGCT-1,CD4 T cells
CGTCAGGAGGACAGCT-1,B cells
CGTCAGGAGTCTTGCA-1,NK cells
CGTCAGGAGTGGGTTG-1,FCGR3A+ Monocytes
CGTCAGGCAAGGCTCC-1,CD4 T cells
CGTCAGGCAATAGCGG-1,CD4 T cells
CGTCAGGCACCCAGTG-1,CD8 T cells
CGTCAGGCACCTTGTC-1,CD4 T cells
CGTCAGGCACGGCCAT-1,CD4 T cells
CGTCAGGCACTGTCGG-1,CD8 T cells
CGTCAGGGTCATGCCG-1,CD8 T cells
CGTCAGGGTCTCTTTA-1,CD8 T cells
CGTCAGGTCTATGTGG-1,CD4 T cells
CGTCCATAGAAACGCC-1,CD4 T cells
CGTCCATAGATGCCTT-1,CD4 T cells
CGTCCATAGCTTTGGT-1,CD4 T cells
CGTCCATAGTAGCCGA-1,CD4 T cells
CGTCCATAGTTTGCGT-1,CD8 T cells
CGTCCATGTAGCTCCG-1,CD4 T cells
CGTCCATGTCTTCGTC-1,CD4 T cells
CGTCCATGTGACAAAT-1,CD4 T cells
CGTCCATGTGCAACGA-1,CD4 T cells
CGTCCATGTTGGTTTG-1,CD4 T cells
CGTCCATTCAGGTTCA-1,CD8 T cells
CGTCCATTCCAACCAA-1,Other
CGTCCATTCCACTGGG-1,NK cells
CGTCCATTCGGTGTTA-1,CD8 T cells
CGTCCATTCTGCTTGC-1,B cells
CGTCTACAGAGACGAA-1,CD4 T cells
CGTCTACAGCTCAACT-1,CD4 T cells
CGTCTACAGGATGTAT-1,CD4 T cells
CGTCTACAGTGCCATT-1,FCGR3A+ Monocytes
CGTCTACAGTTACCCA-1,CD14+ Monocytes
CGTCTACCAAAGCAAT-1,CD14+ Monocytes
CGTCTACCAAGGACTG-1,CD4 T cells
CGTCTACCAGGTGCCT-1,CD14+ Monocytes
CGTCTACGTAATTGGA-1,CD4 T cells
CGTCTACGTGATAAAC-1,CD4 T cells
CGTCTACGTTAGTGGG-1,CD4 T cells
CGTCTACTCCTATTCA-1,CD4 T cells
CGTCTACTCGCGTAGC-1,B cells
CGTCTACTCTACTTAC-1,CD4 T cells
CGTGAGCAGAGGTTAT-1,CD4 T cells
CGTGAGCAGCCGGTAA-1,B cells
CGTGAGCCACGCCAGT-1,B cells
CGTGAGCCATCACGAT-1,CD14+ Monocytes
CGTGAGCGTATGGTTC-1,CD14+ Monocytes
CGTGAGCGTCTCCACT-1,CD4 T cells
CGTGAGCTCAGTTCGA-1,CD4 T cells
CGTGAGCTCATCTGCC-1,CD4 T cells
CGTGAGCTCCAAACAC-1,CD4 T cells
CGTGAGCTCCAATGGT-1,CD4 T cells
CGTGAGCTCCACGTGG-1,CD4 T cells
CGTGAGCTCGCATGGC-1,Dendritic Cells
CGTGAGCTCGCTTGTC-1,CD4 T cells
CGTGAGCTCTATCGCC-1,NK cells
CGTGAGCTCTCTAAGG-1,CD4 T cells
CGTGTAAAGACTACAA-1,CD8 T cells
CGTGTAAAGCAGGTCA-1,B cells
CGTGTAAAGCGATCCC-1,CD14+ Monocytes
CGTGTAAAGGCAGGTT-1,CD14+ Monocytes
CGTGTAACAACTGCTA-1,Dendritic Cells
CGTGTAACAATGAATG-1,B cells
CGTGTAACACCTGGTG-1,CD4 T cells
CGTGTAACATCTATGG-1,CD8 T cells
CGTGTAACATGGTAGG-1,Dendritic Cells
CGTGTAAGTAAACGCG-1,CD14+ Monocytes
CGTGTAAGTAGCAAAT-1,CD14+ Monocytes
CGTGTAAGTAGCCTAT-1,CD4 T cells
CGTGTAAGTATAATGG-1,NK cells
CGTGTAAGTGATAAAC-1,CD4 T cells
CGTGTAAGTGCCTGCA-1,CD4 T cells
CGTGTAAGTGCTGTAT-1,CD4 T cells
CGTGTAAGTTCACGGC-1,CD4 T cells
CGTGTAATCAGATAAG-1,CD4 T cells
CGTGTAATCCAAAGTC-1,NK cells
CGTGTAATCGGGAGTA-1,CD4 T cells
CGTGTCTAGCGTGAGT-1,CD4 T cells
CGTGTCTAGTAGTGCG-1,CD8 T cells
CGTGTCTCAAAGGAAG-1,B cells
CGTGTCTCAAGTTGTC-1,CD14+ Monocytes
CGTGTCTCACATAACC-1,CD4 T cells
CGTGTCTCACCGAAAG-1,B cells
CGTGTCTCAGCGATCC-1,Other
CGTGTCTCATGGTAGG-1,CD14+ Monocytes
CGTGTCTGTAAGAGAG-1,Other
CGTGTCTGTATTCTCT-1,CD4 T cells
CGTGTCTGTCCGAGTC-1,NK cells
CGTGTCTGTTCATGGT-1,CD14+ Monocytes
CGTGTCTGTTGCCTCT-1,CD8 T cells
CGTGTCTGTTTGTTGG-1,CD14+ Monocytes
CGTGTCTTCATCGATG-1,B cells
CGTGTCTTCCTTAATC-1,CD4 T cells
CGTGTCTTCTACGAGT-1,CD4 T cells
CGTTAGAAGATAGGAG-1,CD4 T cells
CGTTAGAAGCTGGAAC-1,CD4 T cells
CGTTAGACAACACGCC-1,CD4 T cells
CGTTAGACACTCGACG-1,CD4 T cells
CGTTAGACAGGCAGTA-1,CD14+ Monocytes
CGTTAGACAGGGCATA-1,CD4 T cells
CGTTAGACATCTCCCA-1,CD14+ Monocytes
CGTTAGACATGTCGAT-1,CD14+ Monocytes
CGTTAGACATTCTCAT-1,B cells
CGTTAGAGTACTTAGC-1,CD4 T cells
CGTTAGAGTGACGCCT-1,CD4 T cells
CGTTAGATCATGCTCC-1,CD4 T cells
CGTTCTGAGAGCCCAA-1,CD4 T cells
CGTTCTGAGGGTCGAT-1,CD14+ Monocytes
CGTTCTGAGTAGCGGT-1,CD8 T cells
CGTTCTGAGTATCGAA-1,CD4 T cells
CGTTCTGAGTCCGTAT-1,CD4 T cells
CGTTCTGCAAGTTCTG-1,NK cells
CGTTCTGCAGACAGGT-1,CD4 T cells
CGTTCTGCAGTAGAGC-1,CD4 T cells
CGTTCTGGTCACCTAA-1,CD14+ Monocytes
CGTTCTGGTCGTTGTA-1,Other
CGTTCTGGTCTGGTCG-1,CD8 T cells
CGTTCTGGTTGCTCCT-1,B cells
CGTTCTGTCACAAACC-1,CD8 T cells
CGTTCTGTCACCGGGT-1,CD14+ Monocytes
CGTTCTGTCACGACTA-1,CD4 T cells
CGTTCTGTCAGGCGAA-1,CD4 T cells
CGTTCTGTCCTGTACC-1,CD8 T cells
CGTTCTGTCGCCCTTA-1,CD4 T cells
CGTTGGGAGAAACCTA-1,CD8 T cells
CGTTGGGAGAACAATC-1,CD4 T cells
CGTTGGGAGAAGGTGA-1,CD4 T cells
CGTTGGGAGAGCCTAG-1,CD14+ Monocytes
CGTTGGGAGCTCTCGG-1,B cells
CGTTGGGAGGTGATTA-1,NK cells
CGTTGGGCAATGGAAT-1,B cells
CGTTGGGCACGTGAGA-1,FCGR3A+ Monocytes
CGTTGGGCAGGCTGAA-1,CD8 T cells
CGTTGGGCATCCGTGG-1,CD8 T cells
CGTTGGGCATTTCACT-1,CD8 T cells
CGTTGGGGTGAGGCTA-1,CD4 T cells
CGTTGGGGTGAGGGTT-1,FCGR3A+ Monocytes
CGTTGGGGTGTAAGTA-1,CD4 T cells
CGTTGGGGTTCAGTAC-1,B cells
CGTTGGGGTTCCGTCT-1,CD4 T cells
CGTTGGGTCAAACAAG-1,CD14+ Monocytes
CGTTGGGTCCAGGGCT-1,CD14+ Monocytes
CGTTGGGTCCGGCACA-1,CD14+ Monocytes
CGTTGGGTCTGAGTGT-1,CD4 T cells
CTAACTTAGACTTTCG-1,CD4 T cells
CTAACTTAGAGAGCTC-1,Other
CTAACTTAGATAGGAG-1,CD8 T cells
CTAACTTAGCCCGAAA-1,Other
CTAACTTAGCTTATCG-1,FCGR3A+ Monocytes
CTAACTTAGGTGATAT-1,CD4 T cells
CTAACTTAGTCATCCA-1,CD4 T cells
CTAACTTAGTCCCACG-1,CD4 T cells
CTAACTTAGTGTACGG-1,CD4 T cells
CTAACTTCAGATGAGC-1,B cells
CTAACTTCAGTCGTGC-1,CD4 T cells
CTAACTTCATGAAGTA-1,B cells
CTAACTTGTCAACTGT-1,CD4 T cells
CTAACTTGTCTCGTTC-1,FCGR3A+ Monocytes
CTAACTTTCCTCCTAG-1,CD4 T cells
CTAACTTTCCTTGGTC-1,CD4 T cells
CTAACTTTCGAGGTAG-1,Other
CTAACTTTCTCGTATT-1,CD14+ Monocytes
CTAACTTTCTGATTCT-1,CD4 T cells
CTAACTTTCTTCGAGA-1,CD4 T cells
CTAAGACAGATATGCA-1,CD4 T cells
CTAAGACAGCAGCGTA-1,NK cells
CTAAGACAGCTGCCCA-1,CD4 T cells
CTAAGACAGGGTATCG-1,Other
CTAAGACCAACACGCC-1,CD14+ Monocytes
CTAAGACCAATCGAAA-1,CD14+ Monocytes
CTAAGACCAGTCTTCC-1,CD4 T cells
CTAAGACCAGTTCCCT-1,CD4 T cells
CTAAGACCATTAGCCA-1,CD14+ Monocytes
CTAAGACGTCGACTGC-1,Dendritic Cells
CTAAGACGTCGAGATG-1,Other
CTAAGACGTTAGTGGG-1,CD14+ Monocytes
CTAAGACTCACGCGGT-1,Dendritic Cells
CTAAGACTCCACGTTC-1,CD8 T cells
CTAAGACTCCGTAGGC-1,Other
CTAAGACTCGCCCTTA-1,CD14+ Monocytes
CTAAGACTCTGTCTAT-1,CD4 T cells
CTAATGGAGGTCGGAT-1,CD4 T cells
CTAATGGAGTACGTTC-1,B cells
CTAATGGAGTCGTTTG-1,NK cells
CTAATGGAGTTCGCAT-1,CD4 T cells
CTAATGGCAAGCGATG-1,CD4 T cells
CTAATGGCAATGAAAC-1,B cells
CTAATGGCACCATCCT-1,CD4 T cells
CTAATGGCACGACTCG-1,B cells
CTAATGGCAGATTGCT-1,FCGR3A+ Monocytes
CTAATGGCAGCCAATT-1,CD4 T cells
CTAATGGCATTGAGCT-1,CD14+ Monocytes
CTAATGGGTACCGGCT-1,CD4 T cells
CTAATGGGTCCGTTAA-1,CD8 T cells
CTAATGGGTCGCCATG-1,Other
CTAATGGGTGGGTCAA-1,CD4 T cells
CTAATGGGTTACGTCA-1,CD8 T cells
CTAATGGGTTCAGGCC-1,CD4 T cells
CTAATGGTCCAAACAC-1,CD4 T cells
CTAATGGTCGACAGCC-1,B cells
CTACACCAGAGCTGCA-1,B cells
CTACACCAGCACCGCT-1,CD8 T cells
CTACACCAGCCAGAAC-1,CD4 T cells
CTACACCAGGCAATTA-1,FCGR3A+ Monocytes
CTACACCCAATGTTGC-1,CD4 T cells
CTACACCCACAGCGTC-1,CD14+ Monocytes
CTACACCCATTCCTGC-1,CD4 T cells
CTACACCCATTGTGCA-1,CD4 T cells
CTACACCGTAGGACAC-1,CD8 T cells
CTACACCGTCAGAGGT-1,CD8 T cells
CTACACCGTCGTCTTC-1,CD4 T cells
CTACACCGTCTAAACC-1,CD8 T cells
CTACACCGTGATAAAC-1,CD4 T cells
CTACACCGTGTGCGTC-1,B cells
CTACACCTCAGCTTAG-1,CD8 T cells
CTACACCTCCCATTTA-1,CD4 T cells
CTACACCTCTGTCAAG-1,Other
CTACACCTCTTATCTG-1,B cells
CTACACCTCTTGACGA-1,CD4 T cells
CTACATTAGAATAGGG-1,CD4 T cells
CTACATTAGACTAAGT-1,CD14+ Monocytes
CTACATTAGAGCTTCT-1,CD4 T cells
CTACATTAGCCCGAAA-1,B cells
CTACATTAGCGTGAGT-1,CD4 T cells
CTACATTAGGCTAGGT-1,CD4 T cells
CTACATTAGTTATCGC-1,CD4 T cells
CTACATTCAAGACGTG-1,Other
CTACATTCAAGAGGCT-1,CD14+ Monocytes
CTACATTCACCCAGTG-1,B cells
CTACATTCAGACACTT-1,CD4 T cells
CTACATTGTAAGTGGC-1,CD14+ Monocytes
CTACATTGTAGAGGAA-1,CD4 T cells
CTACATTGTATTAGCC-1,CD4 T cells
CTACATTGTCTAGAGG-1,B cells
CTACATTGTGTTTGGT-1,CD8 T cells
CTACATTGTTACGCGC-1,B cells
CTACATTGTTCGGCAC-1,B cells
CTACATTTCACTCTTA-1,CD8 T cells
CTACATTTCTGGCGAC-1,CD4 T cells
CTACCCAAGAAACCTA-1,CD8 T cells
CTACCCAAGACGCACA-1,CD4 T cells
CTACCCAAGAGCTTCT-1,CD4 T cells
CTACCCAAGATGGCGT-1,CD4 T cells
CTACCCAAGCCAGTAG-1,B cells
CTACCCAAGCGACGTA-1,CD4 T cells
CTACCCAAGTGAACAT-1,FCGR3A+ Monocytes
CTACCCACAACTGCTA-1,FCGR3A+ Monocytes
CTACCCACAAGTACCT-1,CD4 T cells
CTACCCACACCCATGG-1,CD14+ Monocytes
CTACCCACAGTGACAG-1,CD14+ Monocytes
CTACCCAGTAATCACC-1,CD4 T cells
CTACCCAGTCAGGACA-1,CD4 T cells
CTACCCAGTGCAGACA-1,CD4 T cells
CTACCCAGTGGCCCTA-1,CD4 T cells
CTACCCAGTTTAGGAA-1,B cells
CTACCCATCCGAATGT-1,CD14+ Monocytes
CTACCCATCGATAGAA-1,CD14+ Monocytes
CTACCCATCTGATTCT-1,CD14+ Monocytes
CTACGTCAGGCTAGGT-1,CD4 T cells
CTACGTCAGTAGCCGA-1,CD8 T cells
CTACGTCAGTATGACA-1,CD4 T cells
CTACGTCCAATGACCT-1,CD4 T cells
CTACGTCCACGACTCG-1,Dendritic Cells
CTACGTCCATGCAATC-1,NK cells
CTACGTCCATGTAAGA-1,CD4 T cells
CTACGTCGTACCAGTT-1,CD4 T cells
CTACGTCGTCGGCACT-1,CD4 T cells
CTACGTCGTGAGGGAG-1,CD14+ Monocytes
CTACGTCGTTAAGACA-1,CD4 T cells
CTACGTCGTTGTCGCG-1,NK cells
CTACGTCGTTTGGGCC-1,CD4 T cells
CTACGTCTCAACACTG-1,CD4 T cells
CTACGTCTCCCAACGG-1,CD8 T cells
CTAGAGTAGACGCACA-1,CD4 T cells
CTAGAGTAGCCAGGAT-1,CD14+ Monocytes
CTAGAGTAGGTTCCTA-1,CD4 T cells
CTAGAGTAGTAGGTGC-1,CD4 T cells
CTAGAGTCAACTGGCC-1,CD4 T cells
CTAGAGTCAAGCGATG-1,CD4 T cells
CTAGAGTCAAGCGCTC-1,CD4 T cells
CTAGAGTCAAGCTGTT-1,CD4 T cells
CTAGAGTCAAGTACCT-1,CD4 T cells
CTAGAGTCAATGGTCT-1,CD8 T cells
CTAGAGTCACGTAAGG-1,CD4 T cells
CTAGAGTCACTTCGAA-1,CD4 T cells
CTAGAGTGTCATGCAT-1,B cells
CTAGAGTGTCTAGCCG-1,CD4 T cells
CTAGAGTGTGTTGGGA-1,CD4 T cells
CTAGAGTTCATCATTC-1,CD14+ Monocytes
CTAGAGTTCCGTTGTC-1,CD4 T cells
CTAGAGTTCCTAGTGA-1,CD4 T cells
CTAGCCTAGAGTAAGG-1,B cells
CTAGCCTAGCGATATA-1,B cells
CTAGCCTAGCTTCGCG-1,B cells
CTAGCCTAGTACACCT-1,NK cells
CTAGCCTGTCAAACTC-1,CD4 T cells
CTAGCCTGTCATATGC-1,Other
CTAGCCTGTCTCGTTC-1,CD14+ Monocytes
CTAGCCTTCACAAACC-1,CD4 T cells
CTAGCCTTCACTTCAT-1,CD4 T cells
CTAGCCTTCCAAAGTC-1,CD14+ Monocytes
CTAGCCTTCCTTCAAT-1,CD14+ Monocytes
CTAGCCTTCGATCCCT-1,B cells
CTAGCCTTCGCGCCAA-1,CD4 T cells
CTAGCCTTCGGTCTAA-1,CD4 T cells
CTAGCCTTCGTGGTCG-1,CD4 T cells
CTAGTGAAGTGTCCAT-1,CD14+ Monocytes
CTAGTGACAAACCTAC-1,Dendritic Cells
CTAGTGACACGAAGCA-1,B cells
CTAGTGAGTAAGCACG-1,CD4 T cells
CTAGTGAGTCAGTGGA-1,CD4 T cells
CTAGTGAGTTGTCGCG-1,CD4 T cells
CTAGTGATCTCGAGTA-1,CD8 T cells
CTAGTGATCTTGTACT-1,CD4 T cells
CTCACACAGATGTCGG-1,CD4 T cells
CTCACACAGTGTCCCG-1,CD4 T cells
CTCACACAGTGTGAAT-1,CD4 T cells
CTCACACCAAAGAATC-1,CD4 T cells
CTCACACCAAGGTGTG-1,CD14+ Monocytes
CTCACACCACAAGCCC-1,CD4 T cells
CTCACACCACTGTCGG-1,CD14+ Monocytes
CTCACACCATGTCTCC-1,CD4 T cells
CTCACACGTACTTAGC-1,Other
CTCACACGTGGCTCCA-1,CD4 T cells
CTCACACGTGGTCCGT-1,CD4 T cells
CTCACACGTTGTTTGG-1,CD4 T cells
CTCACACTCCACGAAT-1,CD4 T cells
CTCACACTCGAATGCT-1,CD4 T cells
CTCACACTCGCGATCG-1,CD4 T cells
CTCACACTCTAGAGTC-1,CD4 T cells
CTCACACTCTGGTTCC-1,FCGR3A+ Monocytes
CTCAGAAAGACAATAC-1,CD8 T cells
CTCAGAAAGCCACTAT-1,CD4 T cells
CTCAGAAAGGTGCACA-1,B cells
CTCAGAAAGTCATGCT-1,B cells
CTCAGAAAGTCTTGCA-1,CD14+ Monocytes
CTCAGAACAAATACAG-1,Other
CTCAGAACACGAAAGC-1,CD4 T cells
CTCAGAACAGCGTAAG-1,CD14+ Monocytes
CTCAGAAGTACTCGCG-1,CD4 T cells
CTCAGAATCCGTTGTC-1,B cells
CTCAGAATCCTAGGGC-1,CD4 T cells
CTCATTAAGTCTTGCA-1,FCGR3A+ Monocytes
CTCATTAAGTGGAGAA-1,CD14+ Monocytes
CTCATTAAGTTACCCA-1,CD4 T cells
CTCATTAAGTTCGATC-1,CD4 T cells
CTCATTACAAATTGCC-1,CD4 T cells
CTCATTACAAGTAATG-1,CD14+ Monocytes
CTCATTACAATCCAAC-1,CD4 T cells
CTCATTACACCTGGTG-1,CD4 T cells
CTCATTACACGGCTAC-1,B cells
CTCATTACACGTGAGA-1,FCGR3A+ Monocytes
CTCATTACAGCTCGCA-1,CD14+ Monocytes
CTCATTACAGCTGTGC-1,B cells
CTCATTACATATGAGA-1,CD4 T cells
CTCATTACATGCCTTC-1,CD8 T cells
CTCATTACATTCACTT-1,CD14+ Monocytes
CTCATTAGTAGGACAC-1,CD4 T cells
CTCATTAGTCGGCTCA-1,CD8 T cells
CTCATTAGTTCAGGCC-1,CD4 T cells
CTCATTATCTTCGGTC-1,Other
CTCCTAGAGGAATCGC-1,CD4 T cells
CTCCTAGAGGACATTA-1,CD4 T cells
CTCCTAGAGTAAGTAC-1,CD8 T cells
CTCCTAGAGTGGTAGC-1,B cells
CTCCTAGCATAAGACA-1,CD8 T cells
CTCCTAGGTCCGAAGA-1,CD8 T cells
CTCCTAGGTCTCCATC-1,CD4 T cells
CTCCTAGGTGAGTGAC-1,FCGR3A+ Monocytes
CTCCTAGTCAATACCG-1,CD14+ Monocytes
CTCCTAGTCGAGAGCA-1,CD4 T cells
CTCCTAGTCGTGGTCG-1,CD14+ Monocytes
CTCCTAGTCTAACTGG-1,CD8 T cells
CTCGAAAAGACTAGGC-1,CD14+ Monocytes
CTCGAAAAGCAGGTCA-1,CD14+ Monocytes
CTCGAAAAGGCCCGTT-1,CD8 T cells
CTCGAAACACTGTGTA-1,Other
CTCGAAACAGTAACGG-1,CD14+ Monocytes
CTCGAAACATGTCTCC-1,CD14+ Monocytes
CTCGAAAGTACAGTTC-1,CD4 T cells
CTCGAAAGTACTCTCC-1,CD8 T cells
CTCGAAAGTAGAGCTG-1,B cells
CTCGAAAGTCTCCATC-1,CD14+ Monocytes
CTCGAAAGTGCTTCTC-1,B cells
CTCGAAAGTGGCTCCA-1,B cells
CTCGAAAGTTGGAGGT-1,B cells
CTCGAAAGTTTCCACC-1,CD4 T cells
CTCGAAATCGTTGCCT-1,CD4 T cells
CTCGAAATCGTTTGCC-1,CD14+ Monocytes
CTCGAAATCTCGCATC-1,CD4 T cells
CTCGAGGAGAGGTTGC-1,B cells
CTCGAGGAGCTACCTA-1,CD4 T cells
CTCGAGGAGTGTCTCA-1,B cells
CTCGAGGCACTGTCGG-1,Other
CTCGAGGGTAAACCTC-1,CD14+ Monocytes
CTCGAGGGTCTTGATG-1,CD14+ Monocytes
CTCGAGGGTGCTCTTC-1,CD4 T cells
CTCGAGGGTTGAGTTC-1,Dendritic Cells
CTCGAGGTCCTCCTAG-1,CD4 T cells
CTCGAGGTCCTGTACC-1,Other
CTCGAGGTCGCCAGCA-1,CD8 T cells
CTCGAGGTCGTTACAG-1,CD4 T cells
CTCGAGGTCTCTTATG-1,CD4 T cells
CTCGGAGAGACAAAGG-1,Other
CTCGGAGAGGACATTA-1,CD4 T cells
CTCGGAGAGGGCTCTC-1,CD4 T cells
CTCGGAGAGTAGCCGA-1,CD4 T cells
CTCGGAGCAACTTGAC-1,CD4 T cells
CTCGGAGCACCACGTG-1,CD8 T cells
CTCGGAGCAGGCTCAC-1,CD4 T cells
CTCGGAGCAGTTCATG-1,CD4 T cells
CTCGGAGGTAACGCGA-1,CD8 T cells
CTCGGAGGTCAGTGGA-1,CD14+ Monocytes
CTCGGAGGTGGCCCTA-1,NK cells
CTCGGAGGTTGATTCG-1,CD4 T cells
CTCGGAGGTTGGGACA-1,CD4 T cells
CTCGGAGGTTGTCGCG-1,CD4 T cells
CTCGGAGTCGCCTGAG-1,CD14+ Monocytes
CTCGGAGTCGGCGCAT-1,B cells
CTCGGAGTCTATCCCG-1,CD8 T cells
CTCGGGAAGAATAGGG-1,CD4 T cells
CTCGGGAAGTGCGATG-1,B cells
CTCGGGACAAGCCATT-1,CD14+ Monocytes
CTCGGGACACTAAGTC-1,CD4 T cells
CTCGGGACAGTTAACC-1,CD4 T cells
CTCGGGACATAAAGGT-1,CD14+ Monocytes
CTCGGGACATCCCATC-1,CD4 T cells
CTCGGGACATTCCTCG-1,B cells
CTCGGGAGTCGAGTTT-1,B cells
CTCGGGAGTGAAAGAG-1,CD4 T cells
CTCGGGAGTTAAAGAC-1,CD8 T cells
CTCGGGAGTTCTGAAC-1,CD4 T cells
CTCGGGATCCATGAGT-1,B cells
CTCGGGATCCCAGGTG-1,CD4 T cells
CTCGGGATCTGCTGCT-1,CD4 T cells
CTCGGGATCTGTGCAA-1,B cells
CTCGGGATCTTACCGC-1,CD4 T cells
CTCGTACAGAAACCTA-1,Other
CTCGTACAGTCACGCC-1,CD4 T cells
CTCGTACAGTTCGCGC-1,B cells
CTCGTACCAACGATCT-1,B cells
CTCGTACCAAGGACAC-1,CD8 T cells
CTCGTACCACTATCTT-1,CD4 T cells
CTCGTACCAGTAAGAT-1,Dendritic Cells
CTCGTACCATAGACTC-1,CD4 T cells
CTCGTACGTACAGACG-1,CD4 T cells
CTCGTACGTAGCGTCC-1,B cells
CTCGTACGTCAGTGGA-1,CD4 T cells
CTCGTACGTCCGAACC-1,B cells
CTCGTACGTGACGGTA-1,CD4 T cells
CTCGTACGTTAAGTAG-1,B cells
CTCGTACGTTATGTGC-1,CD8 T cells
CTCGTACTCCGAGCCA-1,CD14+ Monocytes
CTCGTACTCCTAGTGA-1,CD14+ Monocytes
CTCGTACTCGCGCCAA-1,CD14+ Monocytes
CTCGTACTCTACTATC-1,CD4 T cells
CTCGTCAAGACACTAA-1,CD4 T cells
CTCGTCAAGATATGGT-1,CD4 T cells
CTCGTCAAGCGATCCC-1,CD8 T cells
CTCGTCAAGCTAGTTC-1,CD4 T cells
CTCGTCAAGGAACTGC-1,B cells
CTCGTCACAAAGGTGC-1,CD4 T cells
CTCGTCACAACTGGCC-1,CD4 T cells
CTCGTCACAATAGCAA-1,CD4 T cells
CTCGTCACAATGTTGC-1,CD14+ Monocytes
CTCGTCACACGAAAGC-1,CD4 T cells
CTCGTCACACGTGAGA-1,Dendritic Cells
CTCGTCACAGGACCCT-1,CD14+ Monocytes
CTCGTCACATCTCGCT-1,CD8 T cells
CTCGTCAGTACCATCA-1,NK cells
CTCGTCAGTCATCCCT-1,CD4 T cells
CTCGTCAGTCTTTCAT-1,B cells
CTCGTCATCCAAACTG-1,CD4 T cells
CTCGTCATCCATGAAC-1,CD8 T cells
CTCGTCATCCCTGACT-1,B cells
CTCGTCATCCTAGAAC-1,CD8 T cells
CTCGTCATCGGATGTT-1,CD14+ Monocytes
CTCGTCATCGGTCCGA-1,CD4 T cells
CTCGTCATCTGTCCGT-1,CD4 T cells
CTCTAATAGTGGAGAA-1,B cells
CTCTAATCACACGCTG-1,B cells
CTCTAATCACCCATGG-1,CD14+ Monocytes
CTCTAATCACGCTTTC-1,CD4 T cells
CTCTAATCAGCTGTGC-1,CD14+ Monocytes
CTCTAATCAGGATCGA-1,CD14+ Monocytes
CTCTAATCATCGGAAG-1,B cells
CTCTAATCATGACGGA-1,CD14+ Monocytes
CTCTAATGTACCTACA-1,CD14+ Monocytes
CTCTAATGTAGCGTCC-1,CD14+ Monocytes
CTCTAATGTATTAGCC-1,CD4 T cells
CTCTAATGTCAATGTC-1,B cells
CTCTAATGTCAGTGGA-1,CD4 T cells
CTCTAATGTGCTTCTC-1,CD4 T cells
CTCTAATGTGTAATGA-1,CD4 T cells
CTCTAATGTGTGAAAT-1,Dendritic Cells
CTCTAATGTTGAGTTC-1,CD8 T cells
CTCTAATGTTTGTTGG-1,B cells
CTCTAATTCATCGCTC-1,CD4 T cells
CTCTAATTCTCTGAGA-1,CD4 T cells
CTCTACGAGGTGTGGT-1,CD14+ Monocytes
CTCTACGCAAGCTGAG-1,CD8 T cells
CTCTACGCACAAGCCC-1,CD14+ Monocytes
CTCTACGCAGTGACAG-1,Megakaryocytes
CTCTACGGTCAGAGGT-1,CD4 T cells
CTCTACGGTGGTAACG-1,B cells
CTCTACGGTTTAGCTG-1,NK cells
CTCTACGTCAGGATCT-1,CD4 T cells
CTCTACGTCGGTTAAC-1,Other
CTCTACGTCGTCGTTC-1,Other
CTCTACGTCTGCGGCA-1,CD4 T cells
CTCTGGTAGCTCCTTC-1,B cells
CTCTGGTAGTTTGCGT-1,NK cells
CTCTGGTCACAAGCCC-1,Other
CTCTGGTCACCTTGTC-1,CD4 T cells
CTCTGGTCATGGTCAT-1,B cells
CTCTGGTGTAAGTAGT-1,B cells
CTCTGGTGTCATGCAT-1,CD4 T cells
CTCTGGTTCCACGACG-1,B cells
CTCTGGTTCTCTAGGA-1,CD8 T cells
CTCTGGTTCTGGTGTA-1,CD4 T cells
CTCTGGTTCTTGTTTG-1,CD8 T cells
CTGAAACAGAACAATC-1,CD4 T cells
CTGAAACAGAGGACGG-1,CD4 T cells
CTGAAACAGATGTTAG-1,CD8 T cells
CTGAAACAGCCACTAT-1,CD4 T cells
CTGAAACCAAACAACA-1,B cells
CTGAAACCAACTGGCC-1,CD4 T cells
CTGAAACCACACTGCG-1,Dendritic Cells
CTGAAACCACATTAGC-1,CD4 T cells
CTGAAACCATTAGGCT-1,CD4 T cells
CTGAAACCATTTCACT-1,Dendritic Cells
CTGAAACGTATAGGTA-1,CD8 T cells
CTGAAACGTCTCACCT-1,CD4 T cells
CTGAAACGTGGTGTAG-1,CD4 T cells
CTGAAACGTTCCGGCA-1,NK cells
CTGAAACTCCCTTGCA-1,Other
CTGAAACTCTTGAGGT-1,CD4 T cells
CTGAAGTAGCAGCCTC-1,CD4 T cells
CTGAAGTAGGCGCTCT-1,CD14+ Monocytes
CTGAAGTAGGCTACGA-1,CD4 T cells
CTGAAGTCAACTGGCC-1,CD4 T cells
CTGAAGTCAATAGAGT-1,CD4 T cells
CTGAAGTCATCATCCC-1,CD8 T cells
CTGAAGTCATGGAATA-1,CD4 T cells
CTGAAGTCATGTTCCC-1,CD14+ Monocytes
CTGAAGTGTAAAGGAG-1,CD8 T cells
CTGAAGTGTAGCTAAA-1,NK cells
CTGAAGTTCATGCTCC-1,CD14+ Monocytes
CTGAAGTTCCCATTTA-1,NK cells
CTGATAGAGATCCCGC-1,CD14+ Monocytes
CTGATAGAGCGCCTCA-1,B cells
CTGATAGAGGACCACA-1,CD4 T cells
CTGATAGAGTGATCGG-1,CD4 T cells
CTGATAGCAAGAGTCG-1,CD4 T cells
CTGATAGCATGGGACA-1,CD4 T cells
CTGATAGGTACAGCAG-1,CD4 T cells
CTGATAGGTAGCCTAT-1,CD14+ Monocytes
CTGATAGGTATCACCA-1,CD8 T cells
CTGATAGGTCATGCAT-1,B cells
CTGATAGGTTGAGGTG-1,FCGR3A+ Monocytes
CTGATAGTCAAACCAC-1,CD4 T cells
CTGATAGTCACAGGCC-1,FCGR3A+ Monocytes
CTGATAGTCACCCGAG-1,Dendritic Cells
CTGATAGTCAGCACAT-1,CD14+ Monocytes
CTGATAGTCCGTCAAA-1,CD4 T cells
CTGATCCAGAAGGCCT-1,CD4 T cells
CTGATCCAGACGCTTT-1,CD14+ Monocytes
CTGATCCAGCGTTGCC-1,CD4 T cells
CTGATCCAGGACATTA-1,CD4 T cells
CTGATCCAGGCCCGTT-1,CD4 T cells
CTGATCCCACATCTTT-1,CD4 T cells
CTGATCCCACGAAAGC-1,CD4 T cells
CTGATCCCACTTCTGC-1,CD4 T cells
CTGATCCCAGACAGGT-1,CD4 T cells
CTGATCCCAGACTCGC-1,CD4 T cells
CTGATCCGTACCCAAT-1,CD14+ Monocytes
CTGATCCGTGAGCGAT-1,B cells
CTGATCCGTTTCCACC-1,B cells
CTGATCCGTTTCGCTC-1,CD4 T cells
CTGATCCGTTTGTTGG-1,CD8 T cells
CTGATCCTCAAACGGG-1,B cells
CTGATCCTCCTCATTA-1,CD8 T cells
CTGCCTAAGAAACGCC-1,Other
CTGCCTAAGAGGGCTT-1,CD14+ Monocytes
CTGCCTAAGCGGATCA-1,CD4 T cells
CTGCCTAAGCTAGGCA-1,Megakaryocytes
CTGCCTAAGCTGAAAT-1,CD8 T cells
CTGCCTAAGGACAGCT-1,CD4 T cells
CTGCCTAAGGCTAGAC-1,CD4 T cells
CTGCCTAAGGGCTTCC-1,CD4 T cells
CTGCCTACAAAGGAAG-1,NK cells
CTGCCTACAAAGGCGT-1,B cells
CTGCCTACAACACCTA-1,NK cells
CTGCCTACACTCGACG-1,CD8 T cells
CTGCCTACACTGTCGG-1,CD4 T cells
CTGCCTACATGGAATA-1,CD4 T cells
CTGCCTACATTAGCCA-1,CD14+ Monocytes
CTGCCTAGTAGCACGA-1,B cells
CTGCCTAGTCGGGTCT-1,CD14+ Monocytes
CTGCCTATCCGTTGCT-1,CD4 T cells
CTGCCTATCCTGCAGG-1,NK cells
CTGCCTATCCTTGGTC-1,B cells
CTGCCTATCTGTTTGT-1,CD4 T cells
CTGCCTATCTTTAGTC-1,CD4 T cells
CTGCGGAAGAGTGACC-1,CD4 T cells
CTGCGGAAGATATGCA-1,CD14+ Monocytes
CTGCGGAAGCGATCCC-1,CD4 T cells
CTGCGGAAGCTAAACA-1,CD4 T cells
CTGCGGAAGGACTGGT-1,CD14+ Monocytes
CTGCGGAAGGGTTTCT-1,FCGR3A+ Monocytes
CTGCGGAAGTGGACGT-1,CD4 T cells
CTGCGGACAAACCCAT-1,CD4 T cells
CTGCGGACAGATAATG-1,NK cells
CTGCGGACAGGGTATG-1,CD14+ Monocytes
CTGCGGACATCCCACT-1,FCGR3A+ Monocytes
CTGCGGACATGCGCAC-1,B cells
CTGCGGAGTACTCAAC-1,Dendritic Cells
CTGCGGAGTCGCTTCT-1,CD4 T cells
CTGCGGAGTCGCTTTC-1,CD14+ Monocytes
CTGCGGAGTCTCTTAT-1,CD8 T cells
CTGCGGAGTTATCGGT-1,CD8 T cells
CTGCGGATCAATCACG-1,CD4 T cells
CTGCGGATCAGTTGAC-1,CD4 T cells
CTGCGGATCCACTGGG-1,CD14+ Monocytes
CTGCGGATCCGCTGTT-1,CD4 T cells
CTGCGGATCGTTTATC-1,CD8 T cells
CTGCGGATCTAACGGT-1,CD8 T cells
CTGCTGTAGATAGGAG-1,CD8 T cells
CTGCTGTAGATTACCC-1,CD8 T cells
CTGCTGTAGGCCCGTT-1,NK cells
CTGCTGTAGGGATACC-1,CD4 T cells
CTGCTGTAGTCCATAC-1,CD4 T cells
CTGCTGTCAATCCAAC-1,CD4 T cells
CTGCTGTCACAACGCC-1,CD4 T cells
CTGCTGTCACGAAACG-1,CD4 T cells
CTGCTGTCACGGTTTA-1,CD14+ Monocytes
CTGCTGTCAGATCGGA-1,Other
CTGCTGTGTCAACATC-1,Dendritic Cells
CTGCTGTGTCGGCACT-1,CD14+ Monocytes
CTGCTGTGTCTGGAGA-1,CD4 T cells
CTGCTGTGTGATGTCT-1,CD4 T cells
CTGCTGTTCCAAGCCG-1,CD4 T cells
CTGCTGTTCTTTACGT-1,NK cells
CTGGTCTAGAGAGCTC-1,CD8 T cells
CTGGTCTAGCTAAGAT-1,CD8 T cells
CTGGTCTAGGAGCGAG-1,CD8 T cells
CTGGTCTAGGCTCTTA-1,CD14+ Monocytes
CTGGTCTAGGGATCTG-1,CD8 T cells
CTGGTCTAGTCCCACG-1,CD4 T cells
CTGGTCTAGTGGGCTA-1,B cells
CTGGTCTCAAACCCAT-1,CD14+ Monocytes
CTGGTCTCAAAGCAAT-1,CD4 T cells
CTGGTCTCACGGCTAC-1,CD4 T cells
CTGGTCTCATTCCTGC-1,CD4 T cells
CTGGTCTCATTCTCAT-1,CD8 T cells
CTGGTCTGTGCAACTT-1,CD14+ Monocytes
CTGGTCTGTGCCTTGG-1,CD14+ Monocytes
CTGGTCTGTGCGGTAA-1,CD4 T cells
CTGGTCTGTTGTCTTT-1,CD4 T cells
CTGGTCTTCAGAGCTT-1,CD4 T cells
CTGGTCTTCAGCCTAA-1,CD14+ Monocytes
CTGGTCTTCCAAGTAC-1,CD4 T cells
CTGGTCTTCTGCGACG-1,CD4 T cells
CTGGTCTTCTTTACAC-1,CD4 T cells
CTGTGCTAGAGTGAGA-1,CD14+ Monocytes
CTGTGCTAGATCCCAT-1,CD8 T cells
CTGTGCTAGATCGATA-1,FCGR3A+ Monocytes
CTGTGCTAGCCCAGCT-1,CD14+ Monocytes
CTGTGCTAGCCGTCGT-1,CD4 T cells
CTGTGCTAGCGTCTAT-1,CD14+ Monocytes
CTGTGCTAGGACACCA-1,CD4 T cells
CTGTGCTCACGCATCG-1,CD8 T cells
CTGTGCTCAGTGAGTG-1,CD8 T cells
CTGTGCTCATCATCCC-1,CD4 T cells
CTGTGCTGTATGGTTC-1,FCGR3A+ Monocytes
CTGTGCTGTGTTTGGT-1,CD4 T cells
CTGTGCTGTTACAGAA-1,CD4 T cells
CTGTGCTGTTCAGGCC-1,CD4 T cells
CTGTGCTTCAGCTTAG-1,CD8 T cells
CTGTGCTTCGTCGTTC-1,CD4 T cells
CTGTTTAAGGGTCGAT-1,B cells
CTGTTTAAGGTAGCCA-1,CD4 T cells
CTGTTTAAGTCACGCC-1,Other
CTGTTTAAGTGGGATC-1,CD4 T cells
CTGTTTACAAGTCATC-1,CD14+ Monocytes
CTGTTTACATCGTCGG-1,CD8 T cells
CTGTTTACATTAACCG-1,CD4 T cells
CTGTTTAGTCAAAGCG-1,B cells
CTGTTTAGTCCCGACA-1,CD8 T cells
CTGTTTAGTCGCATCG-1,CD4 T cells
CTGTTTAGTCGCGAAA-1,CD4 T cells
CTGTTTAGTCGGGTCT-1,CD14+ Monocytes
CTGTTTAGTCTAGAGG-1,CD4 T cells
CTGTTTAGTGATGATA-1,Other
CTGTTTAGTTATCACG-1,B cells
CTGTTTATCAACGGCC-1,CD4 T cells
CTGTTTATCGGAAATA-1,Dendritic Cells
CTGTTTATCTGCTTGC-1,CD4 T cells
CTTAACTAGACACGAC-1,CD4 T cells
CTTAACTAGCGATATA-1,CD14+ Monocytes
CTTAACTAGCTGCAAG-1,CD4 T cells
CTTAACTAGTGTTTGC-1,CD4 T cells
CTTAACTCAAGGTGTG-1,CD4 T cells
CTTAACTCACGCCAGT-1,CD14+ Monocytes
CTTAACTCACGGTGTC-1,CD4 T cells
CTTAACTCAGTGGGAT-1,CD4 T cells
CTTAACTGTAAGTGTA-1,CD4 T cells
CTTAACTGTCGACTGC-1,B cells
CTTAACTTCACGCGGT-1,B cells
CTTAACTTCAGCTCTC-1,CD4 T cells
CTTAACTTCCAGTATG-1,B cells
CTTAACTTCGACGGAA-1,CD8 T cells
CTTAACTTCGCTTGTC-1,CD4 T cells
CTTAACTTCGTGGGAA-1,CD4 T cells
CTTAACTTCTGCGGCA-1,CD8 T cells
CTTACCGAGAAGGTTT-1,CD4 T cells
CTTACCGAGCGTAGTG-1,B cells
CTTACCGAGGAGTTTA-1,CD8 T cells
CTTACCGCAGCCTATA-1,Other
CTTACCGCAGGACCCT-1,CD4 T cells
CTTACCGCATTACCTT-1,CD4 T cells
CTTACCGGTAAACACA-1,CD4 T cells
CTTACCGGTACCGGCT-1,CD4 T cells
CTTACCGGTCGTTGTA-1,CD4 T cells
CTTACCGTCACGACTA-1,CD4 T cells
CTTACCGTCAGCATGT-1,CD4 T cells
CTTACCGTCAGCTCGG-1,CD8 T cells
CTTACCGTCATAGCAC-1,CD4 T cells
CTTACCGTCCACGAAT-1,CD4 T cells
CTTACCGTCCTTTCTC-1,B cells
CTTACCGTCGACCAGC-1,CD14+ Monocytes
CTTACCGTCGCCAAAT-1,CD14+ Monocytes
CTTAGGAAGAAGCCCA-1,CD4 T cells
CTTAGGAAGCGATATA-1,CD4 T cells
CTTAGGAAGCTACCTA-1,FCGR3A+ Monocytes
CTTAGGACACTAAGTC-1,CD14+ Monocytes
CTTAGGATCAGCTCGG-1,Other
CTTAGGATCCACTCCA-1,CD4 T cells
CTTAGGATCGCGGATC-1,Dendritic Cells
CTTAGGATCGGAAACG-1,CD4 T cells
CTTAGGATCGTTTGCC-1,CD4 T cells
CTTAGGATCTACCTGC-1,CD14+ Monocytes
CTTAGGATCTAGAGTC-1,CD4 T cells
CTTAGGATCTCCCTGA-1,B cells
CTTCTCTAGAGGTAGA-1,CD14+ Monocytes
CTTCTCTAGGCATTGG-1,B cells
CTTCTCTAGGCTCAGA-1,Other
CTTCTCTCAGATGGCA-1,B cells
CTTCTCTCATCAGTCA-1,CD4 T cells
CTTCTCTGTAAACGCG-1,CD14+ Monocytes
CTTCTCTGTACCGTTA-1,B cells
CTTCTCTGTCAGATAA-1,B cells
CTTCTCTGTTCCATGA-1,CD14+ Monocytes
CTTCTCTTCCAAATGC-1,B cells
CTTCTCTTCGGAGGTA-1,CD14+ Monocytes
CTTGGCTAGATAGTCA-1,NK cells
CTTGGCTAGATATGCA-1,CD14+ Monocytes
CTTGGCTAGGGTGTGT-1,CD4 T cells
CTTGGCTAGGTTCCTA-1,CD4 T cells
CTTGGCTCAACTGCTA-1,CD4 T cells
CTTGGCTCACAGACAG-1,CD8 T cells
CTTGGCTCACGAAACG-1,CD4 T cells
CTTGGCTCACGGATAG-1,CD14+ Monocytes
CTTGGCTCACTAAGTC-1,CD8 T cells
CTTGGCTCAGGCTCAC-1,B cells
CTTGGCTGTGGCCCTA-1,B cells
CTTGGCTGTGTTTGGT-1,CD4 T cells
CTTGGCTGTTAAGTAG-1,CD4 T cells
CTTGGCTGTTCCACTC-1,CD4 T cells
CTTGGCTTCAGAGCTT-1,B cells
CTTGGCTTCATTTGGG-1,B cells
CTTGGCTTCCCAGGTG-1,CD8 T cells
CTTTGCGAGAAGGCCT-1,CD14+ Monocytes
CTTTGCGAGAGTACCG-1,CD14+ Monocytes
CTTTGCGAGCATCATC-1,CD8 T cells
CTTTGCGAGCCCAATT-1,B cells
CTTTGCGAGCCTATGT-1,B cells
CTTTGCGAGGCATGGT-1,CD4 T cells
CTTTGCGAGTGTGAAT-1,B cells
CTTTGCGCAGCGATCC-1,Dendritic Cells
CTTTGCGCAGTCAGAG-1,CD8 T cells
CTTTGCGGTACATCCA-1,CD8 T cells
CTTTGCGGTAGCTAAA-1,CD8 T cells
CTTTGCGGTCCAACTA-1,Other
CTTTGCGGTGTTTGTG-1,CD14+ Monocytes
CTTTGCGGTTACAGAA-1,CD4 T cells
CTTTGCGTCACTCTTA-1,B cells
CTTTGCGTCACTTCAT-1,CD4 T cells
CTTTGCGTCATCTGCC-1,B cells
CTTTGCGTCATGTCTT-1,CD14+ Monocytes
CTTTGCGTCCGTCAAA-1,B cells
CTTTGCGTCTGACCTC-1,CD8 T cells
GAAACTCAGTATTGGA-1,CD4 T cells
GAAACTCAGTTGCAGG-1,Dendritic Cells
GAAACTCCAACGATCT-1,CD4 T cells
GAAACTCCAAGACACG-1,CD4 T cells
GAAACTCCACACGCTG-1,CD4 T cells
GAAACTCCAGATCTGT-1,CD4 T cells
GAAACTCCATCGTCGG-1,CD14+ Monocytes
GAAACTCCATTGGGCC-1,CD4 T cells
GAAACTCGTCATATCG-1,CD4 T cells
GAAACTCGTGAGCGAT-1,NK cells
GAAACTCGTGCGGTAA-1,CD14+ Monocytes
GAAACTCGTTACGGAG-1,CD4 T cells
GAAACTCGTTGATTGC-1,CD4 T cells
GAAACTCGTTGTCTTT-1,B cells
GAAACTCTCAAACAAG-1,CD14+ Monocytes
GAAACTCTCAAACGGG-1,CD4 T cells
GAAACTCTCACTATTC-1,B cells
GAAACTCTCCAGATCA-1,CD8 T cells
GAAACTCTCGGAATCT-1,CD4 T cells
GAAACTCTCTATCCCG-1,Dendritic Cells
GAAACTCTCTTATCTG-1,B cells
GAAATGAAGATCCGAG-1,CD14+ Monocytes
GAAATGAAGGCATGGT-1,CD14+ Monocytes
GAAATGAAGTAGCGGT-1,CD4 T cells
GAAATGACAAACGCGA-1,CD8 T cells
GAAATGACACGAAAGC-1,CD4 T cells
GAAATGACACTGAAGG-1,B cells
GAAATGACATCACGTA-1,CD4 T cells
GAAATGACATGGGACA-1,CD8 T cells
GAAATGACATGTAGTC-1,CD8 T cells
GAAATGAGTAGGGACT-1,CD4 T cells
GAAATGAGTATAATGG-1,B cells
GAAATGAGTATAGTAG-1,CD8 T cells
GAAATGAGTCAGATAA-1,CD14+ Monocytes
GAAATGATCAAACGGG-1,CD4 T cells
GAAATGATCACGATGT-1,NK cells
GAAATGATCATTATCC-1,CD4 T cells
GAAATGATCTCCAACC-1,CD4 T cells
GAACATCAGATGTTAG-1,NK cells
GAACATCAGCAATCTC-1,CD8 T cells
GAACATCAGCGTGTCC-1,CD14+ Monocytes
GAACATCCAACTGCGC-1,B cells
GAACATCCAGTTCATG-1,CD14+ Monocytes
GAACATCGTAATCACC-1,CD4 T cells
GAACATCGTAGCAAAT-1,B cells
GAACATCGTAGCGATG-1,B cells
GAACATCGTATGCTTG-1,CD4 T cells
GAACATCGTGGCGAAT-1,B cells
GAACATCGTGTGACGA-1,CD8 T cells
GAACATCGTTAGAACA-1,CD4 T cells
GAACATCGTTAGGGTG-1,CD4 T cells
GAACATCTCTAACGGT-1,CD8 T cells
GAACATCTCTGCAAGT-1,CD14+ Monocytes
GAACCTAAGCCAACAG-1,CD14+ Monocytes
GAACCTAAGCTAAGAT-1,CD4 T cells
GAACCTAAGGACCACA-1,CD8 T cells
GAACCTAAGGCAAAGA-1,CD14+ Monocytes
GAACCTAAGTTTCCTT-1,CD4 T cells
GAACCTACAAACAACA-1,CD4 T cells
GAACCTACAAGCTGAG-1,CD4 T cells
GAACCTACAATCAGAA-1,CD8 T cells
GAACCTACAGCCTGTG-1,CD4 T cells
GAACCTACATGCAATC-1,CD4 T cells
GAACCTACATTACCTT-1,CD14+ Monocytes
GAACCTAGTAGCGCAA-1,CD4 T cells
GAACCTAGTATAGGTA-1,NK cells
GAACCTAGTATGGTTC-1,CD14+ Monocytes
GAACCTAGTCTTGATG-1,CD14+ Monocytes
GAACCTAGTGTTCTTT-1,CD4 T cells
GAACCTAGTTGTTTGG-1,Dendritic Cells
GAACCTAGTTTAAGCC-1,Other
GAACCTATCAACTCTT-1,CD4 T cells
GAACCTATCAGTGCAT-1,CD8 T cells
GAACCTATCATGTCTT-1,CD14+ Monocytes
GAACCTATCCAAATGC-1,CD4 T cells
GAACCTATCCCAACGG-1,CD4 T cells
GAACCTATCGCCTGTT-1,CD4 T cells
GAACCTATCGGAATCT-1,CD4 T cells
GAACCTATCGGAGGTA-1,CD4 T cells
GAACGGAAGGATGTAT-1,CD4 T cells
GAACGGAAGGCTCAGA-1,CD14+ Monocytes
GAACGGAAGGGCTTGA-1,Other
GAACGGACAATGGATA-1,NK cells
GAACGGACACAACTGT-1,CD8 T cells
GAACGGACAGCCAATT-1,CD14+ Monocytes
GAACGGACAGTAAGAT-1,FCGR3A+ Monocytes
GAACGGACATAAGACA-1,CD4 T cells
GAACGGAGTAGAAAGG-1,CD8 T cells
GAACGGAGTCGCGTGT-1,CD14+ Monocytes
GAACGGAGTTAGATGA-1,B cells
GAACGGAGTTCCCGAG-1,CD8 T cells
GAACGGATCATAACCG-1,CD4 T cells
GAACGGATCGAATCCA-1,CD14+ Monocytes
GAACGGATCTAACTCT-1,CD14+ Monocytes
GAACGGATCTGAGTGT-1,CD14+ Monocytes
GAACGGATCTGTCAAG-1,CD4 T cells
GAAGCAGAGAACTGTA-1,CD14+ Monocytes
GAAGCAGAGACGCAAC-1,CD14+ Monocytes
GAAGCAGAGAGAGCTC-1,CD4 T cells
GAAGCAGAGAGCAATT-1,CD14+ Monocytes
GAAGCAGAGGGCTTGA-1,CD4 T cells
GAAGCAGAGGTGCACA-1,CD4 T cells
GAAGCAGAGTCATGCT-1,FCGR3A+ Monocytes
GAAGCAGGTAGAGTGC-1,Other
GAAGCAGGTCAATACC-1,CD4 T cells
GAAGCAGTCAGCTCTC-1,CD4 T cells
GAAGCAGTCATCTGCC-1,CD8 T cells
GAAGCAGTCGCCAAAT-1,CD14+ Monocytes
GAAGCAGTCTCTTGAT-1,CD14+ Monocytes
GAAGCAGTCTTGTATC-1,CD4 T cells
GAATAAGAGCTATGCT-1,CD14+ Monocytes
GAATAAGAGGCATTGG-1,B cells
GAATAAGAGGGCTTCC-1,CD14+ Monocytes
GAATAAGAGTCCATAC-1,Other
GAATAAGAGTGCGATG-1,CD4 T cells
GAATAAGCAATAGCAA-1,CD4 T cells
GAATAAGCACGTGAGA-1,Other
GAATAAGCACTACAGT-1,CD14+ Monocytes
GAATAAGCATTGGGCC-1,Other
GAATAAGGTCAGCTAT-1,CD4 T cells
GAATAAGGTCGCGTGT-1,CD4 T cells
GAATAAGGTGAAATCA-1,NK cells
GAATAAGGTGAAGGCT-1,B cells
GAATAAGGTGACGCCT-1,CD8 T cells
GAATAAGGTGCAACTT-1,CD4 T cells
GAATAAGGTTAGAACA-1,FCGR3A+ Monocytes
GAATAAGGTTCCACTC-1,CD14+ Monocytes
GAATAAGTCACAAACC-1,CD4 T cells
GAATAAGTCATGTCCC-1,B cells
GAATAAGTCCGCATCT-1,CD4 T cells
GAATAAGTCTATCCCG-1,CD4 T cells
GAATAAGTCTGGAGCC-1,CD4 T cells
GAATGAAAGAAACGCC-1,CD4 T cells
GAATGAACAAATCCGT-1,Dendritic Cells
GAATGAACAACAACCT-1,FCGR3A+ Monocytes
GAATGAACACACCGAC-1,B cells
GAATGAACACCTGGTG-1,CD4 T cells
GAATGAACAGGGCATA-1,NK cells
GAATGAACAGGGTACA-1,B cells
GAATGAACAGTTCCCT-1,CD14+ Monocytes
GAATGAACATATGGTC-1,Other
GAATGAACATGCTAGT-1,CD4 T cells
GAATGAAGTATATGAG-1,CD8 T cells
GAATGAAGTATTACCG-1,CD14+ Monocytes
GAATGAAGTTGCGCAC-1,NK cells
GAATGAATCAACACGT-1,CD4 T cells
GAATGAATCAGCATGT-1,Other
GAATGAATCCAAGCCG-1,CD4 T cells
GAATGAATCCAAGTAC-1,CD8 T cells
GAATGAATCCACGACG-1,CD8 T cells
GAATGAATCGTACCGG-1,CD4 T cells
GAATGAATCGTCACGG-1,CD4 T cells
GAATGAATCTCCAGGG-1,CD4 T cells
GAATGAATCTGCGACG-1,B cells
GAATGAATCTGTCTCG-1,B cells
GAATGAATCTTGAGAC-1,CD8 T cells
GACACGCAGAGTTGGC-1,CD14+ Monocytes
GACACGCAGATTACCC-1,CD8 T cells
GACACGCAGCTATGCT-1,FCGR3A+ Monocytes
GACACGCAGGCATTGG-1,CD8 T cells
GACACGCAGTACTTGC-1,B cells
GACACGCCAGCCTTGG-1,CD4 T cells
GACACGCGTAGAGCTG-1,Dendritic Cells
GACACGCGTCACACGC-1,CD4 T cells
GACACGCGTGACAAAT-1,CD4 T cells
GACACGCGTTACTGAC-1,CD4 T cells
GACACGCGTTATTCTC-1,CD14+ Monocytes
GACACGCGTTTGCATG-1,CD8 T cells
GACACGCTCGTTTATC-1,CD8 T cells
GACACGCTCTGAGGGA-1,CD14+ Monocytes
GACAGAGAGACGCAAC-1,CD4 T cells
GACAGAGAGCGATATA-1,CD4 T cells
GACAGAGAGTCGTACT-1,Dendritic Cells
GACAGAGCAATGGTCT-1,CD14+ Monocytes
GACAGAGCACGCGAAA-1,CD14+ Monocytes
GACAGAGCAGATCTGT-1,CD4 T cells
GACAGAGCAGCCTGTG-1,B cells
GACAGAGGTACATCCA-1,CD4 T cells
GACAGAGGTAGCTAAA-1,CD4 T cells
GACAGAGGTCTAAAGA-1,B cells
GACAGAGGTCTGCGGT-1,CD8 T cells
GACAGAGGTTCGGGCT-1,CD14+ Monocytes
GACAGAGGTTGGTGGA-1,CD4 T cells
GACAGAGTCCACTGGG-1,CD14+ Monocytes
GACAGAGTCTGATACG-1,CD14+ Monocytes
GACCAATAGCCTCGTG-1,Other
GACCAATAGTACGTTC-1,B cells
GACCAATCACCGTTGG-1,CD4 T cells
GACCAATCACTTAACG-1,CD4 T cells
GACCAATCAGGGTACA-1,FCGR3A+ Monocytes
GACCAATCATCGGGTC-1,B cells
GACCAATGTCCGTGAC-1,CD4 T cells
GACCAATGTCTTGTCC-1,CD14+ Monocytes
GACCAATGTGGTCCGT-1,Dendritic Cells
GACCAATGTGGTCTCG-1,Dendritic Cells
GACCAATGTTTGTTGG-1,CD4 T cells
GACCAATTCCTATGTT-1,CD4 T cells
GACCAATTCTCTGTCG-1,Other
GACCAATTCTGCAAGT-1,CD4 T cells
GACCTGGAGAAACGAG-1,CD4 T cells
GACCTGGAGACGCAAC-1,CD4 T cells
GACCTGGAGACTCGGA-1,Other
GACCTGGAGATCGGGT-1,FCGR3A+ Monocytes
GACCTGGAGCTAACAA-1,CD8 T cells
GACCTGGCACTTAACG-1,CD8 T cells
GACCTGGCAGGGAGAG-1,B cells
GACCTGGCAGTCAGAG-1,CD14+ Monocytes
GACCTGGCATCCTTGC-1,CD4 T cells
GACCTGGGTACCGTTA-1,CD4 T cells
GACCTGGGTCTTTCAT-1,CD4 T cells
GACCTGGGTGGTGTAG-1,CD4 T cells
GACCTGGTCGGTTCGG-1,CD4 T cells
GACCTGGTCTTCATGT-1,CD14+ Monocytes
GACGCGTAGCGATGAC-1,CD4 T cells
GACGCGTAGTTAACGA-1,NK cells
GACGCGTCAAGGTGTG-1,CD14+ Monocytes
GACGCGTCAATCCGAT-1,CD14+ Monocytes
GACGCGTCACAACTGT-1,B cells
GACGCGTCACGCATCG-1,CD4 T cells
GACGCGTCAGGGTACA-1,Dendritic Cells
GACGCGTGTAGAGTGC-1,CD4 T cells
GACGCGTGTGAGTGAC-1,CD14+ Monocytes
GACGCGTGTGCACTTA-1,CD8 T cells
GACGCGTGTTGAGTTC-1,CD4 T cells
GACGCGTTCATGTAGC-1,CD4 T cells
GACGCGTTCCAAAGTC-1,CD14+ Monocytes
GACGCGTTCGTTTAGG-1,CD4 T cells
GACGCGTTCTTGTACT-1,CD4 T cells
GACGGCTAGAGATGAG-1,CD8 T cells
GACGGCTAGCCTATGT-1,CD4 T cells
GACGGCTAGTCACGCC-1,CD4 T cells
GACGGCTCACAACGCC-1,CD4 T cells
GACGGCTCATCACGAT-1,CD4 T cells
GACGGCTCATCACGTA-1,FCGR3A+ Monocytes
GACGGCTCATCTCCCA-1,CD14+ Monocytes
GACGGCTCATGTCTCC-1,Other
GACGGCTCATTAGCCA-1,CD4 T cells
GACGGCTCATTGGTAC-1,Other
GACGGCTGTCTACCTC-1,CD4 T cells
GACGGCTGTGCGGTAA-1,CD14+ Monocytes
GACGGCTGTGGACGAT-1,B cells
GACGGCTGTTCGTTGA-1,CD14+ Monocytes
GACGGCTGTTGAGTTC-1,CD4 T cells
GACGGCTTCAGCTCGG-1,CD4 T cells
GACGGCTTCAGGTTCA-1,CD4 T cells
GACGGCTTCCATTCTA-1,CD4 T cells
GACGTGCAGCGCCTTG-1,CD4 T cells
GACGTGCAGCGTTCCG-1,CD4 T cells
GACGTGCAGGATATAC-1,CD14+ Monocytes
GACGTGCAGTGGGTTG-1,CD4 T cells
GACGTGCCAAATCCGT-1,CD14+ Monocytes
GACGTGCCAGGATTGG-1,B cells
GACGTGCGTACCAGTT-1,NK cells
GACGTGCGTCGAACAG-1,CD14+ Monocytes
GACGTGCGTGCGGTAA-1,CD4 T cells
GACGTGCGTTACCGAT-1,CD4 T cells
GACGTGCGTTCTGTTT-1,CD14+ Monocytes
GACGTGCTCAGAGACG-1,CD4 T cells
GACGTGCTCGTACCGG-1,CD4 T cells
GACGTGCTCGTTTGCC-1,CD14+ Monocytes
GACGTTAAGAATCTCC-1,CD14+ Monocytes
GACGTTAAGACACTAA-1,Other
GACGTTAAGCGCTTAT-1,CD8 T cells
GACGTTAAGGTGATAT-1,CD14+ Monocytes
GACGTTAAGTCATGCT-1,B cells
GACGTTAGTCACACGC-1,CD4 T cells
GACGTTAGTCCTGCTT-1,B cells
GACGTTAGTCGTGGCT-1,CD4 T cells
GACGTTAGTCTTCAAG-1,CD14+ Monocytes
GACGTTAGTTGCCTCT-1,CD4 T cells
GACGTTATCACTCTTA-1,CD4 T cells
GACGTTATCTTCATGT-1,Megakaryocytes
GACTAACAGGCCGAAT-1,CD4 T cells
GACTAACAGGGCATGT-1,CD14+ Monocytes
GACTAACCAATCTGCA-1,B cells
GACTAACCACCAGGCT-1,CD8 T cells
GACTAACCAGTCCTTC-1,NK cells
GACTAACCAGTGACAG-1,CD4 T cells
GACTAACCATGGTCTA-1,CD4 T cells
GACTAACGTCCCGACA-1,CD4 T cells
GACTAACGTCGGCATC-1,NK cells
GACTAACGTCTAAAGA-1,B cells
GACTAACGTCTAACGT-1,CD14+ Monocytes
GACTAACGTCTGCAAT-1,CD4 T cells
GACTAACGTTCCACGG-1,NK cells
GACTAACGTTGTGGCC-1,CD4 T cells
GACTAACTCCTGTACC-1,CD4 T cells
GACTAACTCTAACGGT-1,B cells
GACTAACTCTGCGTAA-1,CD14+ Monocytes
GACTACAAGATGGGTC-1,CD4 T cells
GACTACAAGATGTGTA-1,CD4 T cells
GACTACAAGGCTAGAC-1,CD14+ Monocytes
GACTACAAGTACGCGA-1,CD4 T cells
GACTACACAAGCGCTC-1,CD4 T cells
GACTACACAATGGTCT-1,CD4 T cells
GACTACACACCATCCT-1,CD14+ Monocytes
GACTACACAGCCAGAA-1,CD14+ Monocytes
GACTACAGTCTCTTAT-1,NK cells
GACTACAGTGTGCGTC-1,CD14+ Monocytes
GACTACATCGAATGGG-1,CD4 T cells
GACTACATCGCGATCG-1,Dendritic Cells
GACTACATCTCTAGGA-1,NK cells
GACTGCGAGACTAAGT-1,B cells
GACTGCGAGATCCCGC-1,CD4 T cells
GACTGCGAGCGTTCCG-1,CD14+ Monocytes
GACTGCGAGGTAAACT-1,NK cells
GACTGCGAGTTGCAGG-1,B cells
GACTGCGCAAGTCTAC-1,CD4 T cells
GACTGCGCAAGTTCTG-1,Other
GACTGCGCAATGGAGC-1,B cells
GACTGCGCATAGTAAG-1,CD14+ Monocytes
GACTGCGCATTGAGCT-1,CD14+ Monocytes
GACTGCGGTCCGACGT-1,Dendritic Cells
GACTGCGGTCGCCATG-1,Other
GACTGCGGTTCCCTTG-1,CD4 T cells
GACTGCGGTTTAAGCC-1,CD4 T cells
GACTGCGTCACGCGGT-1,CD4 T cells
GACTGCGTCAGGCAAG-1,CD4 T cells
GACTGCGTCATCACCC-1,CD14+ Monocytes
GACTGCGTCTTCTGGC-1,CD8 T cells
GAGCAGAAGAAACGCC-1,CD4 T cells
GAGCAGAAGAGCCCAA-1,B cells
GAGCAGAAGAGCTGCA-1,NK cells
GAGCAGAAGAGTAATC-1,CD14+ Monocytes
GAGCAGAAGCAAATCA-1,CD14+ Monocytes
GAGCAGAAGCAGCCTC-1,CD8 T cells
GAGCAGAAGCCACCTG-1,CD4 T cells
GAGCAGAAGTCGTTTG-1,CD4 T cells
GAGCAGAAGTTTAGGA-1,CD8 T cells
GAGCAGACACACCGCA-1,CD4 T cells
GAGCAGACAGACTCGC-1,CD4 T cells
GAGCAGACATAAAGGT-1,CD4 T cells
GAGCAGACATTCCTCG-1,CD4 T cells
GAGCAGAGTACAGACG-1,CD14+ Monocytes
GAGCAGAGTAGAGTGC-1,CD14+ Monocytes
GAGCAGAGTATAATGG-1,B cells
GAGCAGAGTCCGAAGA-1,B cells
GAGCAGAGTCTGATTG-1,CD4 T cells
GAGCAGAGTTGATTCG-1,CD8 T cells
GAGCAGATCAAGGCTT-1,Other
GAGGTGAAGATACACA-1,CD4 T cells
GAGGTGAAGATCACGG-1,CD4 T cells
GAGGTGAAGGACAGCT-1,CD14+ Monocytes
GAGGTGAAGTACGTAA-1,FCGR3A+ Monocytes
GAGGTGACAAGCCGTC-1,CD4 T cells
GAGGTGACAAGGACTG-1,B cells
GAGGTGACAAGTCTGT-1,CD8 T cells
GAGGTGACACAGACTT-1,CD8 T cells
GAGGTGACAGTAAGAT-1,CD4 T cells
GAGGTGACAGTGAGTG-1,CD14+ Monocytes
GAGGTGACAGTGGGAT-1,Megakaryocytes
GAGGTGACAGTTTACG-1,CD14+ Monocytes
GAGGTGAGTACCGAGA-1,B cells
GAGGTGAGTATCACCA-1,CD4 T cells
GAGGTGAGTCAACTGT-1,CD4 T cells
GAGGTGAGTCATGCAT-1,CD4 T cells
GAGGTGAGTGGCAAAC-1,CD4 T cells
GAGGTGAGTTCAGGCC-1,Dendritic Cells
GAGGTGATCAGCACAT-1,CD4 T cells
GAGGTGATCCTGTAGA-1,B cells
GAGGTGATCGCATGGC-1,CD4 T cells
GAGGTGATCTAACTGG-1,CD4 T cells
GAGGTGATCTGCCCTA-1,NK cells
GAGTCCGAGAGCAATT-1,CD8 T cells
GAGTCCGAGAGCCCAA-1,CD14+ Monocytes
GAGTCCGAGCGCTTAT-1,CD4 T cells
GAGTCCGAGGAGTTGC-1,CD4 T cells
GAGTCCGAGTGCAAGC-1,CD14+ Monocytes
GAGTCCGCAACTTGAC-1,CD4 T cells
GAGTCCGCACACATGT-1,CD8 T cells
GAGTCCGCAGCAGTTT-1,CD8 T cells
GAGTCCGCAGCATACT-1,CD4 T cells
GAGTCCGCATAAAGGT-1,CD8 T cells
GAGTCCGCATGAGCGA-1,CD4 T cells
GAGTCCGCATTAGCCA-1,B cells
GAGTCCGCATTCGACA-1,CD14+ Monocytes
GAGTCCGGTAACGCGA-1,CD4 T cells
GAGTCCGGTATATCCG-1,CD14+ Monocytes
GAGTCCGGTATCACCA-1,NK cells
GAGTCCGGTCCGCTGA-1,CD4 T cells
GAGTCCGGTCTGCCAG-1,CD8 T cells
GAGTCCGGTTTGTGTG-1,CD4 T cells
GAGTCCGTCACTGGGC-1,CD14+ Monocytes
GAGTCCGTCATGCATG-1,B cells
GAGTCCGTCCGATATG-1,CD14+ Monocytes
GAGTCCGTCGTCGTTC-1,CD8 T cells
GATCAGTAGCAGGTCA-1,NK cells
GATCAGTAGCCCGAAA-1,CD4 T cells
GATCAGTCAAGGTTTC-1,B cells
GATCAGTCACCACCAG-1,Dendritic Cells
GATCAGTCAGCCACCA-1,CD4 T cells
GATCAGTCAGCGATCC-1,CD4 T cells
GATCAGTCAGGCTCAC-1,CD4 T cells
GATCAGTCAGTAGAGC-1,CD4 T cells
GATCAGTCAGTCCTTC-1,CD14+ Monocytes
GATCAGTCATGCCTTC-1,CD4 T cells
GATCAGTCATTCTCAT-1,B cells
GATCAGTGTACCTACA-1,CD8 T cells
GATCAGTGTCCAGTAT-1,CD4 T cells
GATCAGTGTCCAGTTA-1,CD4 T cells
GATCAGTGTGTAATGA-1,CD4 T cells
GATCAGTTCCTAAGTG-1,CD4 T cells
GATCAGTTCGCTTAGA-1,CD4 T cells
GATCGATAGAAACGCC-1,CD4 T cells
GATCGATAGAGTGACC-1,CD8 T cells
GATCGATAGATCACGG-1,CD4 T cells
GATCGATAGCCACGCT-1,CD4 T cells
GATCGATAGCTAACAA-1,CD4 T cells
GATCGATAGTGGGATC-1,CD14+ Monocytes
GATCGATCAACTGGCC-1,B cells
GATCGATCACAACGCC-1,Dendritic Cells
GATCGATCACAGAGGT-1,B cells
GATCGATCACTTACGA-1,CD14+ Monocytes
GATCGATCATTACGAC-1,CD8 T cells
GATCGATGTCTGCCAG-1,Megakaryocytes
GATCGATGTCTTTCAT-1,CD8 T cells
GATCGATGTGCACGAA-1,CD14+ Monocytes
GATCGATGTTCCACTC-1,CD14+ Monocytes
GATCGATTCACCGTAA-1,CD4 T cells
GATCGATTCCAGTATG-1,CD4 T cells
GATCGATTCTGTGCAA-1,CD14+ Monocytes
GATCGCGAGACCGGAT-1,B cells
GATCGCGAGCGGCTTC-1,Other
GATCGCGAGGTAAACT-1,B cells
GATCGCGAGTCTTGCA-1,FCGR3A+ Monocytes
GATCGCGCAAGCTGGA-1,NK cells
GATCGCGCACTTGGAT-1,CD14+ Monocytes
GATCGCGCAGTATCTG-1,CD4 T cells
GATCGCGCATTACGAC-1,CD4 T cells
GATCGCGGTAGGGACT-1,NK cells
GATCGCGGTCGAAAGC-1,CD4 T cells
GATCGCGGTGAAAGAG-1,Other
GATCGCGTCCGGGTGT-1,B cells
GATCGCGTCCTGCTTG-1,Dendritic Cells
GATCGTAAGGCCCTTG-1,FCGR3A+ Monocytes
GATCGTAAGGTAAACT-1,CD4 T cells
GATCGTACAAAGGTGC-1,CD4 T cells
GATCGTACAAGCTGAG-1,NK cells
GATCGTACACATCCAA-1,CD4 T cells
GATCGTACACCGAAAG-1,B cells
GATCGTACAGAGCCAA-1,CD14+ Monocytes
GATCGTAGTCACAAGG-1,CD4 T cells
GATCGTAGTCTAACGT-1,B cells
GATCGTATCAATAAGG-1,CD14+ Monocytes
GATCTAGAGAATGTGT-1,CD4 T cells
GATCTAGAGCAAATCA-1,B cells
GATCTAGAGCCCAACC-1,Other
GATCTAGAGCTACCTA-1,CD4 T cells
GATCTAGAGTGATCGG-1,CD14+ Monocytes
GATCTAGCAAGCCGCT-1,B cells
GATCTAGCAAGGTGTG-1,CD14+ Monocytes
GATCTAGCACCGCTAG-1,CD4 T cells
GATCTAGCATACGCCG-1,CD14+ Monocytes
GATCTAGCATTGGCGC-1,B cells
GATCTAGGTGCAACTT-1,CD4 T cells
GATCTAGGTGTAACGG-1,FCGR3A+ Monocytes
GATCTAGTCAGCATGT-1,CD14+ Monocytes
GATCTAGTCAGTCCCT-1,CD4 T cells
GATCTAGTCCTTGACC-1,CD8 T cells
GATCTAGTCTATCGCC-1,CD14+ Monocytes
GATGAAAAGACAATAC-1,CD4 T cells
GATGAAAAGATAGGAG-1,CD4 T cells
GATGAAAAGGAATCGC-1,CD4 T cells
GATGAAACACCCAGTG-1,FCGR3A+ Monocytes
GATGAAACAGACGCTC-1,NK cells
GATGAAACAGATGGCA-1,CD14+ Monocytes
GATGAAAGTAATCGTC-1,CD14+ Monocytes
GATGAAAGTGGAAAGA-1,CD14+ Monocytes
GATGAAAGTGTCTGAT-1,CD14+ Monocytes
GATGAAAGTTGACGTT-1,CD4 T cells
GATGAAATCCCTTGTG-1,CD14+ Monocytes
GATGAGGAGACAAGCC-1,CD8 T cells
GATGAGGAGACAGACC-1,CD4 T cells
GATGAGGAGCAATCTC-1,CD4 T cells
GATGAGGAGCAGCGTA-1,CD14+ Monocytes
GATGAGGAGTACGTAA-1,Dendritic Cells
GATGAGGAGTCCGGTC-1,CD14+ Monocytes
GATGAGGAGTTGTAGA-1,CD14+ Monocytes
GATGAGGCAATAGCGG-1,CD14+ Monocytes
GATGAGGGTAGCGCTC-1,CD14+ Monocytes
GATGAGGGTCCGTTAA-1,Other
GATGAGGGTTAAGAAC-1,CD4 T cells
GATGAGGTCCACGCAG-1,CD14+ Monocytes
GATGAGGTCCGCAAGC-1,CD4 T cells
GATGAGGTCGCACTCT-1,NK cells
GATGAGGTCTCTGAGA-1,CD4 T cells
GATGCTAAGAAGGACA-1,Dendritic Cells
GATGCTAAGGCTATCT-1,B cells
GATGCTAAGTCGCCGT-1,B cells
GATGCTAAGTGGGCTA-1,CD4 T cells
GATGCTACAACCGCCA-1,B cells
GATGCTACAGAGCCAA-1,CD4 T cells
GATGCTACATTGGTAC-1,CD4 T cells
GATGCTAGTCGCATCG-1,CD4 T cells
GATGCTAGTCTTCAAG-1,CD14+ Monocytes
GATGCTAGTGTGACGA-1,CD8 T cells
GATGCTAGTTCAGGCC-1,CD4 T cells
GATGCTAGTTGCTCCT-1,CD4 T cells
GATGCTATCAACACTG-1,CD8 T cells
GATGCTATCATACGGT-1,CD4 T cells
GATGCTATCCTCCTAG-1,CD4 T cells
GATGCTATCCTTTCTC-1,CD4 T cells
GATGCTATCGAGAACG-1,CD8 T cells
GATGCTATCGGAAACG-1,CD14+ Monocytes
GATTCAGAGCACCGCT-1,CD14+ Monocytes
GATTCAGCAAGCCGTC-1,CD14+ Monocytes
GATTCAGCAATGGTCT-1,CD4 T cells
GATTCAGCACAGGCCT-1,Other
GATTCAGCAGTAAGAT-1,CD14+ Monocytes
GATTCAGCATGCCTAA-1,CD14+ Monocytes
GATTCAGCATTCCTCG-1,CD4 T cells
GATTCAGGTAGCTCCG-1,CD4 T cells
GATTCAGGTATAGGGC-1,CD4 T cells
GATTCAGGTCTCACCT-1,B cells
GATTCAGGTCTTCTCG-1,B cells
GATTCAGGTGACTACT-1,CD4 T cells
GATTCAGTCAGTGCAT-1,B cells
GATTCAGTCCCAAGTA-1,Megakaryocytes
GATTCAGTCGATCCCT-1,CD4 T cells
GATTCAGTCTGTCCGT-1,CD4 T cells
GATTCAGTCTGTTGAG-1,CD4 T cells
GCAAACTAGCCACCTG-1,CD4 T cells
GCAAACTAGCCCAGCT-1,CD14+ Monocytes
GCAAACTCAAAGGTGC-1,CD4 T cells
GCAAACTCAAGAGGCT-1,CD4 T cells
GCAAACTCAAGGCTCC-1,CD4 T cells
GCAAACTCAATCTACG-1,CD4 T cells
GCAAACTCAATGGAAT-1,CD4 T cells
GCAAACTCACATGTGT-1,B cells
GCAAACTCACGGACAA-1,CD14+ Monocytes
GCAAACTCAGGTCCAC-1,CD14+ Monocytes
GCAAACTGTAAAGTCA-1,B cells
GCAAACTGTAAGGGCT-1,CD4 T cells
GCAAACTGTAGCTGCC-1,CD4 T cells
GCAAACTGTCACTGGC-1,CD4 T cells
GCAAACTGTCCTCCAT-1,CD4 T cells
GCAAACTGTCGAAAGC-1,CD14+ Monocytes
GCAAACTGTGCATCTA-1,CD4 T cells
GCAAACTGTTCCACAA-1,NK cells
GCAAACTTCGATGAGG-1,B cells
GCAAACTTCTAGAGTC-1,CD4 T cells
GCAATCAAGATCCCAT-1,CD4 T cells
GCAATCAAGGCCATAG-1,Other
GCAATCACAATCTGCA-1,CD4 T cells
GCAATCACAATGTTGC-1,Other
GCAATCACACCACCAG-1,CD14+ Monocytes
GCAATCACATGGATGG-1,Other
GCAATCAGTACCGTTA-1,Other
GCAATCAGTATTACCG-1,Other
GCAATCAGTCACTGGC-1,B cells
GCAATCAGTCTAACGT-1,B cells
GCAATCAGTTCTGGTA-1,CD8 T cells
GCAATCATCAGAGACG-1,CD4 T cells
GCAATCATCCAGTATG-1,CD14+ Monocytes
GCAATCATCCGCGCAA-1,B cells
GCAATCATCCTTTACA-1,CD4 T cells
GCAATCATCGTAGATC-1,B cells
GCAATCATCGTCACGG-1,CD4 T cells
GCAATCATCTTGGGTA-1,CD14+ Monocytes
GCACATAAGCGATCCC-1,CD14+ Monocytes
GCACATACATCCCATC-1,Other
GCACATACATTAACCG-1,CD14+ Monocytes
GCACATACATTACGAC-1,CD4 T cells
GCACATAGTACTTAGC-1,CD4 T cells
GCACATAGTCATGCAT-1,CD14+ Monocytes
GCACATAGTTTGTTTC-1,CD4 T cells
GCACATATCAACCATG-1,CD4 T cells
GCACATATCAACGGCC-1,CD8 T cells
GCACATATCCAGGGCT-1,CD4 T cells
GCACATATCGTTTGCC-1,CD4 T cells
GCACATATCTTACCTA-1,CD4 T cells
GCACTCTAGCTAAGAT-1,CD4 T cells
GCACTCTAGGACAGCT-1,CD4 T cells
GCACTCTCAAAGGCGT-1,CD4 T cells
GCACTCTCACACCGAC-1,CD4 T cells
GCACTCTCATCACGTA-1,CD4 T cells
GCACTCTGTACTTGAC-1,CD14+ Monocytes
GCACTCTGTATTCTCT-1,CD4 T cells
GCACTCTGTCAAAGAT-1,CD4 T cells
GCACTCTGTCCAAGTT-1,CD14+ Monocytes
GCACTCTGTCGTCTTC-1,CD4 T cells
GCACTCTGTTCAGGCC-1,CD4 T cells
GCACTCTGTTGAACTC-1,CD4 T cells
GCACTCTTCCTGCTTG-1,B cells
GCACTCTTCTGTCCGT-1,CD4 T cells
GCACTCTTCTTAGCCC-1,CD14+ Monocytes
GCAGCCAAGAAGCCCA-1,CD8 T cells
GCAGCCAAGATATACG-1,CD4 T cells
GCAGCCAAGATCTGCT-1,CD4 T cells
GCAGCCAAGTCCGTAT-1,Dendritic Cells
GCAGCCAAGTTAAGTG-1,FCGR3A+ Monocytes
GCAGCCAAGTTACCCA-1,CD4 T cells
GCAGCCACAAAGAATC-1,B cells
GCAGCCACAACACGCC-1,CD14+ Monocytes
GCAGCCACAAGCCGCT-1,CD4 T cells
GCAGCCACAAGGACAC-1,CD8 T cells
GCAGCCACATCCGCGA-1,CD8 T cells
GCAGCCACATTAGGCT-1,CD8 T cells
GCAGCCAGTAAATACG-1,CD4 T cells
GCAGCCAGTAGTGAAT-1,CD4 T cells
GCAGCCAGTCTCCCTA-1,CD4 T cells
GCAGCCAGTGCATCTA-1,CD14+ Monocytes
GCAGCCAGTGTTAAGA-1,CD4 T cells
GCAGCCAGTTGAACTC-1,CD14+ Monocytes
GCAGCCATCATAAAGG-1,Other
GCAGCCATCCAATGGT-1,CD14+ Monocytes
GCAGCCATCGCGCCAA-1,NK cells
GCAGTTAAGAGACTAT-1,CD14+ Monocytes
GCAGTTAAGAGAGCTC-1,CD4 T cells
GCAGTTAAGCAACGGT-1,CD4 T cells
GCAGTTAAGGAATTAC-1,Other
GCAGTTAAGTGTCCAT-1,CD8 T cells
GCAGTTACAAGAGTCG-1,B cells
GCAGTTAGTAGGGTAC-1,CD4 T cells
GCAGTTAGTATTACCG-1,CD14+ Monocytes
GCAGTTAGTTCCATGA-1,Dendritic Cells
GCAGTTATCAACCATG-1,B cells
GCAGTTATCACAGGCC-1,CD8 T cells
GCAGTTATCAGCACAT-1,CD8 T cells
GCAGTTATCATGTCCC-1,CD4 T cells
GCAGTTATCCCGACTT-1,FCGR3A+ Monocytes
GCAGTTATCCGCATCT-1,CD4 T cells
GCAGTTATCGAACGGA-1,CD4 T cells
GCAGTTATCTAACGGT-1,CD14+ Monocytes
GCATACAAGAGGGCTT-1,CD4 T cells
GCATACAAGAGTGAGA-1,CD4 T cells
GCATACAAGCGATGAC-1,CD14+ Monocytes
GCATACAAGTTACCCA-1,CD4 T cells
GCATACAAGTTGAGAT-1,CD8 T cells
GCATACACAAGAGGCT-1,CD4 T cells
GCATACACAAGCCATT-1,CD4 T cells
GCATACACAAGCGATG-1,CD4 T cells
GCATACACAATGGATA-1,CD14+ Monocytes
GCATACACACTACAGT-1,CD4 T cells
GCATACACAGATGAGC-1,CD8 T cells
GCATACACATATACCG-1,CD8 T cells
GCATACACATTATCTC-1,CD14+ Monocytes
GCATACAGTCTAAAGA-1,CD4 T cells
GCATACATCCGGCACA-1,B cells
GCATACATCGCAAGCC-1,CD4 T cells
GCATGATAGACTGGGT-1,CD14+ Monocytes
GCATGATAGCGATAGC-1,CD4 T cells
GCATGATAGCTAAACA-1,CD4 T cells
GCATGATAGTTGTCGT-1,B cells
GCATGATCAAGTTAAG-1,CD8 T cells
GCATGATCACTACAGT-1,FCGR3A+ Monocytes
GCATGATCAGGTCCAC-1,Other
GCATGATCAGTGGGAT-1,CD4 T cells
GCATGATCATCACAAC-1,CD4 T cells
GCATGATGTAAGTGGC-1,CD4 T cells
GCATGATTCATCGCTC-1,CD4 T cells
GCATGATTCGAGCCCA-1,B cells
GCATGATTCGGCTTGG-1,CD14+ Monocytes
GCATGATTCTGCGTAA-1,CD4 T cells
GCATGCGAGAGTGACC-1,CD4 T cells
GCATGCGAGCTCAACT-1,CD4 T cells
GCATGCGAGGATGCGT-1,B cells
GCATGCGAGGGTCTCC-1,FCGR3A+ Monocytes
GCATGCGCACCATCCT-1,CD4 T cells
GCATGCGCATCAGTCA-1,CD14+ Monocytes
GCATGCGCATGTCTCC-1,B cells
GCATGCGGTACCATCA-1,CD4 T cells
GCATGCGGTGTGTGCC-1,CD4 T cells
GCATGCGGTTAGTGGG-1,CD8 T cells
GCATGCGGTTATGCGT-1,B cells
GCATGCGTCAAAGACA-1,CD4 T cells
GCATGCGTCAATACCG-1,CD8 T cells
GCATGCGTCCACGTGG-1,B cells
GCATGCGTCCCATTTA-1,CD14+ Monocytes
GCATGCGTCTTAACCT-1,B cells
GCATGCGTCTTCGAGA-1,CD14+ Monocytes
GCATGCGTCTTTACGT-1,B cells
GCATGTAAGAGCTGGT-1,CD14+ Monocytes
GCATGTAAGATTACCC-1,CD4 T cells
GCATGTAAGGCTAGAC-1,CD4 T cells
GCATGTACACCCTATC-1,CD8 T cells
GCATGTACAGATCCAT-1,NK cells
GCATGTACAGGCTGAA-1,NK cells
GCATGTACATGCCTTC-1,CD4 T cells
GCATGTAGTTAAGATG-1,CD14+ Monocytes
GCATGTATCACCGGGT-1,CD8 T cells
GCATGTATCAGTCCCT-1,CD14+ Monocytes
GCATGTATCATAACCG-1,CD14+ Monocytes
GCATGTATCCACTGGG-1,CD4 T cells
GCATGTATCCGTTGCT-1,CD4 T cells
GCATGTATCTCGATGA-1,CD14+ Monocytes
GCCAAATAGATAGTCA-1,Other
GCCAAATAGTCAAGCG-1,CD8 T cells
GCCAAATCAAGTTAAG-1,B cells
GCCAAATCAATCGAAA-1,CD8 T cells
GCCAAATCACGAAGCA-1,CD4 T cells
GCCAAATCATATACCG-1,NK cells
GCCAAATCATGCCTTC-1,CD4 T cells
GCCAAATGTACAGTGG-1,CD14+ Monocytes
GCCAAATGTACTCTCC-1,CD8 T cells
GCCAAATGTTACGGAG-1,CD8 T cells
GCCTCTAAGAAGAAGC-1,FCGR3A+ Monocytes
GCCTCTAAGAATTCCC-1,CD4 T cells
GCCTCTAAGACACGAC-1,CD8 T cells
GCCTCTAAGCCTATGT-1,CD4 T cells
GCCTCTAAGCGTGAAC-1,CD14+ Monocytes
GCCTCTAAGCTAGTTC-1,B cells
GCCTCTAAGTGGGATC-1,B cells
GCCTCTACAACGATGG-1,CD4 T cells
GCCTCTACAATGCCAT-1,CD4 T cells
GCCTCTACAATGGACG-1,CD8 T cells
GCCTCTACATCTCCCA-1,B cells
GCCTCTACATGCTAGT-1,CD4 T cells
GCCTCTAGTCAATGTC-1,CD14+ Monocytes
GCCTCTAGTGCATCTA-1,CD8 T cells
GCCTCTAGTGGTAACG-1,CD4 T cells
GCCTCTAGTTCTGTTT-1,CD8 T cells
GCCTCTATCAACACAC-1,CD4 T cells
GCCTCTATCATGTCCC-1,CD4 T cells
GCCTCTATCCATTCTA-1,CD4 T cells
GCCTCTATCCCTGACT-1,B cells
GCCTCTATCGGTTAAC-1,NK cells
GCGACCAAGCCAGTAG-1,CD14+ Monocytes
GCGACCAAGCTCCCAG-1,CD4 T cells
GCGACCACACCCATTC-1,FCGR3A+ Monocytes
GCGACCACAGGCAGTA-1,CD4 T cells
GCGACCACATCGGTTA-1,CD4 T cells
GCGACCAGTAGCCTAT-1,CD4 T cells
GCGACCAGTAGCCTCG-1,CD14+ Monocytes
GCGACCAGTAGGCTGA-1,CD4 T cells
GCGACCAGTCCGAACC-1,B cells
GCGACCAGTGCCTGCA-1,CD4 T cells
GCGACCAGTGCGATAG-1,Other
GCGACCAGTTCAGTAC-1,CD4 T cells
GCGACCATCACCCGAG-1,CD4 T cells
GCGACCATCCGAGCCA-1,CD4 T cells
GCGAGAAAGACTAAGT-1,CD8 T cells
GCGAGAAAGCCACGCT-1,CD8 T cells
GCGAGAAAGCCTTGAT-1,CD8 T cells
GCGAGAAAGTTAGCGG-1,CD4 T cells
GCGAGAACAAACGTGG-1,CD4 T cells
GCGAGAACAATAGAGT-1,CD4 T cells
GCGAGAACACCTCGGA-1,Other
GCGAGAACAGGGTATG-1,CD14+ Monocytes
GCGAGAACATAGAAAC-1,CD14+ Monocytes
GCGAGAACATGTAAGA-1,CD14+ Monocytes
GCGAGAAGTAAACGCG-1,CD4 T cells
GCGAGAAGTACGCACC-1,CD14+ Monocytes
GCGAGAAGTAGCTAAA-1,CD4 T cells
GCGAGAAGTCCGACGT-1,CD8 T cells
GCGAGAATCCTCAATT-1,CD4 T cells
GCGAGAATCGCTTGTC-1,CD4 T cells
GCGAGAATCGTTTATC-1,B cells
GCGCAACAGAAGGTGA-1,CD4 T cells
GCGCAACAGACGCAAC-1,CD4 T cells
GCGCAACAGTGAAGAG-1,CD14+ Monocytes
GCGCAACCAAGGACAC-1,CD4 T cells
GCGCAACCACGTCTCT-1,CD4 T cells
GCGCAACCAGCCTTGG-1,CD4 T cells
GCGCAACCATCCGGGT-1,B cells
GCGCAACCATCGACGC-1,CD4 T cells
GCGCAACCATGACGGA-1,CD8 T cells
GCGCAACCATTGGTAC-1,CD4 T cells
GCGCAACGTAAACACA-1,CD4 T cells
GCGCAACGTCCAGTAT-1,CD4 T cells
GCGCAACGTCGCGGTT-1,B cells
GCGCAACGTCTCTTTA-1,CD4 T cells
GCGCAACTCTGGGCCA-1,CD4 T cells
GCGCAGTAGACCACGA-1,CD4 T cells
GCGCAGTAGACCTAGG-1,CD4 T cells
GCGCAGTAGGCCGAAT-1,CD4 T cells
GCGCAGTAGTAGGCCA-1,CD8 T cells
GCGCAGTAGTCCGGTC-1,B cells
GCGCAGTAGTCGTTTG-1,CD4 T cells
GCGCAGTAGTGATCGG-1,CD8 T cells
GCGCAGTCAATCGGTT-1,B cells
GCGCAGTCACTTGGAT-1,B cells
GCGCAGTCAGTTCCCT-1,NK cells
GCGCAGTCATTTGCTT-1,B cells
GCGCAGTGTAAGAGAG-1,CD8 T cells
GCGCAGTGTAATCGTC-1,B cells
GCGCAGTGTAGAAGGA-1,CD8 T cells
GCGCAGTGTCCATCCT-1,CD4 T cells
GCGCAGTGTCCGTTAA-1,B cells
GCGCAGTGTCTCCATC-1,CD14+ Monocytes
GCGCAGTGTCTGCGGT-1,CD8 T cells
GCGCAGTGTGAAAGAG-1,CD8 T cells
GCGCAGTGTGCGCTTG-1,CD14+ Monocytes
GCGCAGTTCCATTCTA-1,CD4 T cells
GCGCAGTTCGAGGTAG-1,B cells
GCGCAGTTCTCGTTTA-1,CD8 T cells
GCGCCAAAGAGGTAGA-1,CD4 T cells
GCGCCAAAGCTACCGC-1,Dendritic Cells
GCGCCAAAGCTGCGAA-1,CD8 T cells
GCGCCAAAGCTTTGGT-1,CD14+ Monocytes
GCGCCAAAGTACGTTC-1,CD4 T cells
GCGCCAAAGTGTCCAT-1,B cells
GCGCCAACAACTTGAC-1,Other
GCGCCAACAAGTTCTG-1,CD8 T cells
GCGCCAACACAGGCCT-1,CD8 T cells
GCGCCAACACCAGTTA-1,B cells
GCGCCAACACGTTGGC-1,CD14+ Monocytes
GCGCCAACATAGACTC-1,B cells
GCGCCAACATCTACGA-1,B cells
GCGCCAACATCTGGTA-1,CD4 T cells
GCGCCAAGTTCGCTAA-1,CD8 T cells
GCGCCAAGTTTCCACC-1,CD8 T cells
GCGCCAATCATTGCGA-1,CD8 T cells
GCGCCAATCTACCAGA-1,CD14+ Monocytes
GCGCGATAGACACGAC-1,CD4 T cells
GCGCGATAGATCCGAG-1,CD4 T cells
GCGCGATAGATCGATA-1,CD4 T cells
GCGCGATAGGACACCA-1,Dendritic Cells
GCGCGATAGGATCGCA-1,CD4 T cells
GCGCGATCAATCTACG-1,CD4 T cells
GCGCGATCAATGGAGC-1,CD4 T cells
GCGCGATCACATCTTT-1,CD8 T cells
GCGCGATCAGCTGCAC-1,CD8 T cells
GCGCGATGTACAGTTC-1,CD14+ Monocytes
GCGCGATGTAGTGAAT-1,CD14+ Monocytes
GCGCGATGTCAAAGAT-1,CD14+ Monocytes
GCGCGATGTCTGGTCG-1,CD4 T cells
GCGCGATGTGCACTTA-1,CD4 T cells
GCGCGATGTTGAACTC-1,CD4 T cells
GCGCGATGTTTCGCTC-1,CD4 T cells
GCGCGATTCCCACTTG-1,CD14+ Monocytes
GCGCGATTCGCAAACT-1,CD4 T cells
GCGCGATTCGTTACAG-1,CD4 T cells
GCGCGATTCTTTCCTC-1,CD14+ Monocytes
GCGGGTTAGAGTCGGT-1,CD4 T cells
GCGGGTTAGGATATAC-1,CD14+ Monocytes
GCGGGTTAGTACCGGA-1,Dendritic Cells
GCGGGTTCAGTGACAG-1,CD4 T cells
GCGGGTTCATTCACTT-1,CD4 T cells
GCGGGTTCATTCCTCG-1,CD8 T cells
GCGGGTTGTACTCTCC-1,NK cells
GCGGGTTGTCATGCCG-1,CD14+ Monocytes
GCGGGTTGTCCCTTGT-1,CD14+ Monocytes
GCGGGTTGTCTCTCGT-1,CD4 T cells
GCGGGTTGTGTCAATC-1,B cells
GCGGGTTTCATGCAAC-1,CD8 T cells
GCGGGTTTCCGCATAA-1,CD8 T cells
GCGGGTTTCCTGTACC-1,CD4 T cells
GCGGGTTTCTGATACG-1,CD14+ Monocytes
GCTCCTAAGACACGAC-1,CD4 T cells
GCTCCTAAGCCACGCT-1,CD14+ Monocytes
GCTCCTAAGCTGTCTA-1,B cells
GCTCCTAAGGACAGAA-1,B cells
GCTCCTAAGTCGTTTG-1,CD4 T cells
GCTCCTACAGCCTGTG-1,CD14+ Monocytes
GCTCCTACAGCGTAAG-1,Other
GCTCCTACAGGTCTCG-1,Dendritic Cells
GCTCCTAGTCACTGGC-1,CD8 T cells
GCTCCTAGTGACAAAT-1,CD14+ Monocytes
GCTCCTAGTTCGGCAC-1,CD14+ Monocytes
GCTCCTATCACCAGGC-1,CD14+ Monocytes
GCTCCTATCATCGATG-1,CD4 T cells
GCTCCTATCCAAGTAC-1,CD4 T cells
GCTCCTATCCTATGTT-1,CD4 T cells
GCTCCTATCCTTAATC-1,CD8 T cells
GCTCCTATCTTCCTTC-1,CD8 T cells
GCTCTGTAGAAGGGTA-1,B cells
GCTCTGTAGATATGCA-1,CD14+ Monocytes
GCTCTGTAGATGTAAC-1,CD4 T cells
GCTCTGTAGGTGCAAC-1,CD4 T cells
GCTCTGTAGTAGTGCG-1,CD4 T cells
GCTCTGTCAAGAGGCT-1,CD4 T cells
GCTCTGTCAAGAGTCG-1,Other
GCTCTGTCAATCCAAC-1,CD4 T cells
GCTCTGTCAATGGAAT-1,CD14+ Monocytes
GCTCTGTCACAACTGT-1,NK cells
GCTCTGTCATTTCAGG-1,Other
GCTCTGTGTACCAGTT-1,FCGR3A+ Monocytes
GCTCTGTGTCGCGGTT-1,CD4 T cells
GCTCTGTGTGTGACGA-1,Other
GCTCTGTTCAGTTAGC-1,B cells
GCTCTGTTCATCGGAT-1,CD4 T cells
GCTCTGTTCCGAGCCA-1,Megakaryocytes
GCTCTGTTCCTTGCCA-1,CD14+ Monocytes
GCTCTGTTCGTAGGTT-1,CD4 T cells
GCTGCAGAGCCAGGAT-1,Other
GCTGCAGAGCCGGTAA-1,CD4 T cells
GCTGCAGAGCTAAACA-1,Other
GCTGCAGAGTACACCT-1,B cells
GCTGCAGCAAAGTCAA-1,B cells
GCTGCAGCACACATGT-1,CD4 T cells
GCTGCAGCACGGATAG-1,CD4 T cells
GCTGCAGCACTCTGTC-1,NK cells
GCTGCAGCAGAGCCAA-1,CD4 T cells
GCTGCAGCATACTACG-1,CD14+ Monocytes
GCTGCAGCATATACGC-1,B cells
GCTGCAGGTACAGCAG-1,CD8 T cells
GCTGCAGGTATCGCAT-1,CD4 T cells
GCTGCAGTCAGCGACC-1,CD8 T cells
GCTGCAGTCGAGCCCA-1,Dendritic Cells
GCTGCAGTCGGAGGTA-1,Other
GCTGCAGTCTGCTTGC-1,CD4 T cells
GCTGCGAAGACGACGT-1,CD14+ Monocytes
GCTGCGAAGAGACGAA-1,CD4 T cells
GCTGCGAAGCAGGCTA-1,CD4 T cells
GCTGCGAAGTAGATGT-1,CD4 T cells
GCTGCGAAGTGTTTGC-1,CD4 T cells
GCTGCGACAGCGAACA-1,CD4 T cells
GCTGCGACAGGCTCAC-1,CD14+ Monocytes
GCTGCGACAGTCTTCC-1,FCGR3A+ Monocytes
GCTGCGAGTACTCTCC-1,NK cells
GCTGCGAGTCGAGTTT-1,NK cells
GCTGCGATCCAGGGCT-1,B cells
GCTGCGATCCGCAAGC-1,CD4 T cells
GCTGCGATCTAAGCCA-1,CD14+ Monocytes
GCTGCTTAGGATCGCA-1,CD14+ Monocytes
GCTGCTTAGGCTAGGT-1,CD4 T cells
GCTGCTTAGGTCATCT-1,CD4 T cells
GCTGCTTAGTCCTCCT-1,NK cells
GCTGCTTCAAGTCATC-1,Other
GCTGCTTCACAGTCGC-1,CD8 T cells
GCTGCTTCACCGATAT-1,CD8 T cells
GCTGCTTCACCGTTGG-1,Other
GCTGCTTCAGTACACT-1,CD4 T cells
GCTGCTTGTACAGACG-1,B cells
GCTGCTTGTTCGCGAC-1,NK cells
GCTGCTTTCCCTAATT-1,Dendritic Cells
GCTGCTTTCCTATTCA-1,CD4 T cells
GCTGCTTTCCTTGGTC-1,CD8 T cells
GCTGCTTTCGTGGACC-1,CD4 T cells
GCTGGGTAGAATCTCC-1,CD4 T cells
GCTGGGTAGATATGGT-1,CD4 T cells
GCTGGGTAGCCAGTAG-1,CD14+ Monocytes
GCTGGGTAGCGATTCT-1,CD14+ Monocytes
GCTGGGTAGCTAGTCT-1,B cells
GCTGGGTAGTCGTACT-1,CD4 T cells
GCTGGGTCAATGTTGC-1,B cells
GCTGGGTCACGTCAGC-1,CD14+ Monocytes
GCTGGGTCACTTAAGC-1,FCGR3A+ Monocytes
GCTGGGTCATTGTGCA-1,B cells
GCTGGGTGTAGCTGCC-1,B cells
GCTGGGTGTCATATCG-1,CD4 T cells
GCTGGGTGTCGGCATC-1,B cells
GCTGGGTGTGACGGTA-1,CD14+ Monocytes
GCTGGGTGTGTTCTTT-1,CD4 T cells
GCTGGGTGTTCCGTCT-1,CD4 T cells
GCTGGGTTCATAAAGG-1,CD8 T cells
GCTGGGTTCTCACATT-1,B cells
GCTTCCAAGAATAGGG-1,B cells
GCTTCCAAGAGTACCG-1,CD14+ Monocytes
GCTTCCAAGTGACTCT-1,B cells
GCTTCCACAAATCCGT-1,CD14+ Monocytes
GCTTCCACAAGCCGCT-1,B cells
GCTTCCACAGATCTGT-1,Dendritic Cells
GCTTCCAGTAAAGTCA-1,CD4 T cells
GCTTCCAGTAAGAGAG-1,CD4 T cells
GCTTCCAGTCGCATCG-1,CD8 T cells
GCTTCCAGTGACAAAT-1,B cells
GCTTCCATCCATTCTA-1,Dendritic Cells
GCTTCCATCCCAGGTG-1,Dendritic Cells
GCTTCCATCCTACAGA-1,CD14+ Monocytes
GCTTCCATCTATCCCG-1,CD4 T cells
GCTTGAAAGACGCACA-1,CD4 T cells
GCTTGAAAGAGTCGGT-1,CD4 T cells
GCTTGAAAGCGTAATA-1,CD8 T cells
GCTTGAAAGCGTTGCC-1,B cells
GCTTGAAAGGTGATTA-1,B cells
GCTTGAAAGTGAACAT-1,CD4 T cells
GCTTGAAAGTTACCCA-1,NK cells
GCTTGAACAAGGACTG-1,CD14+ Monocytes
GCTTGAACAATAGAGT-1,CD14+ Monocytes
GCTTGAACACAGACAG-1,CD4 T cells
GCTTGAACACATTTCT-1,CD4 T cells
GCTTGAACACCGCTAG-1,Other
GCTTGAACACTATCTT-1,CD4 T cells
GCTTGAACACTTGGAT-1,B cells
GCTTGAACAGCGTAAG-1,CD14+ Monocytes
GCTTGAACAGCTTCGG-1,CD14+ Monocytes
GCTTGAACATACGCTA-1,B cells
GCTTGAACATTAACCG-1,CD4 T cells
GCTTGAAGTACCGTTA-1,Other
GCTTGAAGTAGCTTGT-1,CD8 T cells
GCTTGAAGTCCATCCT-1,CD4 T cells
GCTTGAAGTCTTGTCC-1,CD4 T cells
GCTTGAAGTGGTAACG-1,B cells
GCTTGAAGTTTAAGCC-1,B cells
GCTTGAATCACCTTAT-1,CD14+ Monocytes
GGAAAGCAGCCGTCGT-1,B cells
GGAAAGCAGCTATGCT-1,CD4 T cells
GGAAAGCAGTTGAGAT-1,CD14+ Monocytes
GGAAAGCCACTGTTAG-1,CD4 T cells
GGAAAGCGTCTAGCCG-1,B cells
GGAAAGCTCACTGGGC-1,CD4 T cells
GGAAAGCTCATGTGGT-1,CD4 T cells
GGAAAGCTCGGTCTAA-1,CD8 T cells
GGAACTTAGCTAGTCT-1,CD4 T cells
GGAACTTAGTACACCT-1,FCGR3A+ Monocytes
GGAACTTAGTTGCAGG-1,CD8 T cells
GGAACTTCAACGATCT-1,CD14+ Monocytes
GGAACTTCACTCGACG-1,CD4 T cells
GGAACTTCATGACATC-1,CD4 T cells
GGAACTTCATGCCTTC-1,CD4 T cells
GGAACTTCATTTGCTT-1,CD4 T cells
GGAACTTGTACACCGC-1,CD4 T cells
GGAACTTGTACAGCAG-1,B cells
GGAACTTGTACTCAAC-1,Other
GGAACTTGTCGTGGCT-1,CD4 T cells
GGAACTTGTGCACGAA-1,CD4 T cells
GGAACTTTCAATCTCT-1,B cells
GGAACTTTCAGCCTAA-1,CD4 T cells
GGAACTTTCAGCTCGG-1,CD4 T cells
GGAACTTTCATGTGGT-1,CD4 T cells
GGAACTTTCCTAAGTG-1,CD4 T cells
GGAACTTTCGCCATAA-1,CD8 T cells
GGAACTTTCGTTTAGG-1,CD14+ Monocytes
GGAACTTTCTGTCTCG-1,CD8 T cells
GGAATAAAGGACATTA-1,CD14+ Monocytes
GGAATAAAGGACTGGT-1,CD4 T cells
GGAATAAAGGCTATCT-1,NK cells
GGAATAAAGTAACCCT-1,CD4 T cells
GGAATAAAGTGGTAAT-1,CD14+ Monocytes
GGAATAAAGTTCGATC-1,CD8 T cells
GGAATAACACTCAGGC-1,B cells
GGAATAACAGCATACT-1,B cells
GGAATAACAGCCACCA-1,CD14+ Monocytes
GGAATAACATGGTCAT-1,CD4 T cells
GGAATAAGTACGCTGC-1,B cells
GGAATAAGTAGTACCT-1,B cells
GGAATAAGTATGAATG-1,CD4 T cells
GGAATAAGTGACAAAT-1,CD4 T cells
GGAATAAGTGGCCCTA-1,CD4 T cells
GGAATAAGTGGTACAG-1,CD8 T cells
GGAATAATCAACGAAA-1,B cells
GGAATAATCATATCGG-1,CD4 T cells
GGAATAATCATCGGAT-1,Dendritic Cells
GGAATAATCCCATTTA-1,CD4 T cells
GGACAAGAGAGAACAG-1,CD14+ Monocytes
GGACAAGAGCATGGCA-1,Dendritic Cells
GGACAAGAGTCTCGGC-1,CD4 T cells
GGACAAGCAAAGTGCG-1,CD4 T cells
GGACAAGCAAATCCGT-1,CD4 T cells
GGACAAGCAATTGCTG-1,CD4 T cells
GGACAAGCACGTTGGC-1,B cells
GGACAAGCACTAGTAC-1,CD8 T cells
GGACAAGCATGCAACT-1,CD14+ Monocytes
GGACAAGGTCTTGCGG-1,CD4 T cells
GGACAAGGTGCATCTA-1,CD4 T cells
GGACAAGGTGCTGTAT-1,CD4 T cells
GGACAAGGTGTTTGGT-1,CD4 T cells
GGACAAGGTTATCCGA-1,CD14+ Monocytes
GGACAAGGTTATGTGC-1,CD8 T cells
GGACAAGGTTCGCTAA-1,B cells
GGACAAGTCAAACGGG-1,CD4 T cells
GGACAAGTCCCACTTG-1,CD14+ Monocytes
GGACAGAAGACAAGCC-1,Dendritic Cells
GGACAGAAGACAGACC-1,B cells
GGACAGAAGACCTAGG-1,CD4 T cells
GGACAGAAGAGCCCAA-1,CD4 T cells
GGACAGAAGCTGAAAT-1,CD4 T cells
GGACAGAAGGCGCTCT-1,CD4 T cells
GGACAGAAGGTAGCCA-1,B cells
GGACAGAAGTCGTACT-1,CD8 T cells
GGACAGAAGTCTTGCA-1,CD14+ Monocytes
GGACAGACACGGCGTT-1,CD4 T cells
GGACAGACAGCCAATT-1,CD4 T cells
GGACAGACATTGAGCT-1,CD14+ Monocytes
GGACAGAGTTGAGGTG-1,CD14+ Monocytes
GGACAGATCCAAAGTC-1,B cells
GGACAGATCGTCCAGG-1,CD4 T cells
GGACAGATCTTGTATC-1,CD4 T cells
GGACATTAGTTGTAGA-1,B cells
GGACATTCACAGCCCA-1,CD4 T cells
GGACATTCACCATCCT-1,B cells
GGACATTCAGACACTT-1,CD4 T cells
GGACATTCAGGGTACA-1,CD4 T cells
GGACATTCATCGATTG-1,CD8 T cells
GGACATTCATGGATGG-1,Megakaryocytes
GGACATTGTAACGCGA-1,CD8 T cells
GGACATTGTCTCAACA-1,Other
GGACATTGTGACCAAG-1,CD4 T cells
GGACATTGTTTCGCTC-1,NK cells
GGACATTTCAACACTG-1,CD14+ Monocytes
GGACATTTCAATACCG-1,CD4 T cells
GGACATTTCACCATAG-1,Other
GGACATTTCATTCACT-1,B cells
GGACATTTCGAATGCT-1,FCGR3A+ Monocytes
GGACATTTCTAACCGA-1,CD4 T cells
GGACGTCAGCATGGCA-1,CD4 T cells
GGACGTCCAAGGACTG-1,B cells
GGACGTCCACAGACAG-1,B cells
GGACGTCCAGCGAACA-1,B cells
GGACGTCCAGTTAACC-1,CD8 T cells
GGACGTCGTACAGACG-1,CD14+ Monocytes
GGACGTCGTAGAAAGG-1,CD8 T cells
GGACGTCGTAGCGCTC-1,CD14+ Monocytes
GGACGTCGTCCGAATT-1,CD4 T cells
GGACGTCGTCTTGCGG-1,CD4 T cells
GGACGTCGTGACCAAG-1,CD4 T cells
GGACGTCGTGAGCGAT-1,CD4 T cells
GGACGTCGTGATAAGT-1,NK cells
GGACGTCGTTAAGGGC-1,CD4 T cells
GGACGTCGTTCCACGG-1,B cells
GGACGTCTCAAACGGG-1,CD4 T cells
GGACGTCTCGACCAGC-1,CD8 T cells
GGACGTCTCGGCGGTT-1,CD8 T cells
GGACGTCTCTTGTACT-1,Megakaryocytes
GGAGCAAAGACCGGAT-1,CD4 T cells
GGAGCAAAGCGAAGGG-1,CD4 T cells
GGAGCAAAGCGCTTAT-1,CD4 T cells
GGAGCAAAGCTATGCT-1,B cells
GGAGCAACAAGCCCAC-1,CD8 T cells
GGAGCAACAAGTAGTA-1,CD4 T cells
GGAGCAACACATGGGA-1,CD4 T cells
GGAGCAAGTCGCTTCT-1,Dendritic Cells
GGAGCAAGTTTCCACC-1,CD14+ Monocytes
GGAGCAATCACTCTTA-1,CD14+ Monocytes
GGAGCAATCACTTACT-1,CD4 T cells
GGAGCAATCAGTGTTG-1,CD4 T cells
GGAGCAATCGGTGTTA-1,CD4 T cells
GGATGTTAGAGGTACC-1,CD8 T cells
GGATGTTAGCGTTGCC-1,CD4 T cells
GGATGTTAGGGAGTAA-1,CD4 T cells
GGATGTTAGTTTCCTT-1,CD4 T cells
GGATGTTCAAGAAGAG-1,CD4 T cells
GGATGTTCAATCGGTT-1,CD4 T cells
GGATGTTCACACATGT-1,CD4 T cells
GGATGTTCACACTGCG-1,CD4 T cells
GGATGTTCACATGTGT-1,CD4 T cells
GGATGTTCACGGCTAC-1,CD14+ Monocytes
GGATGTTCAGGACCCT-1,CD14+ Monocytes
GGATGTTCATGAACCT-1,NK cells
GGATGTTGTAAGTGTA-1,CD14+ Monocytes
GGATGTTGTAGCGATG-1,CD4 T cells
GGATGTTGTATCACCA-1,CD4 T cells
GGATGTTGTTCACCTC-1,CD14+ Monocytes
GGATGTTTCAACGGGA-1,CD8 T cells
GGATGTTTCACATGCA-1,NK cells
GGATGTTTCACCATAG-1,CD14+ Monocytes
GGATGTTTCCAGGGCT-1,CD14+ Monocytes
GGATGTTTCCATGAAC-1,B cells
GGATTACAGAGCTGCA-1,NK cells
GGATTACAGCAATCTC-1,CD14+ Monocytes
GGATTACAGCCAACAG-1,B cells
GGATTACAGCCAGTAG-1,CD4 T cells
GGATTACAGTGTTGAA-1,CD4 T cells
GGATTACCAATCTGCA-1,CD8 T cells
GGATTACCAGAGCCAA-1,CD8 T cells
GGATTACCAGTATGCT-1,CD4 T cells
GGATTACGTCAGGACA-1,CD4 T cells
GGATTACGTCCGTTAA-1,CD4 T cells
GGATTACTCACCCGAG-1,CD4 T cells
GGATTACTCATGCAAC-1,CD4 T cells
GGATTACTCCATGCTC-1,Megakaryocytes
GGATTACTCCCTAACC-1,CD4 T cells
GGATTACTCCGTACAA-1,CD14+ Monocytes
GGATTACTCTTTACGT-1,FCGR3A+ Monocytes
GGCAATTAGAGAGCTC-1,CD14+ Monocytes
GGCAATTAGGCTATCT-1,CD14+ Monocytes
GGCAATTAGTAATCCC-1,CD14+ Monocytes
GGCAATTAGTGAATTG-1,CD4 T cells
GGCAATTCAAAGTGCG-1,CD4 T cells
GGCAATTCAACTGCGC-1,CD8 T cells
GGCAATTCACGCGAAA-1,CD14+ Monocytes
GGCAATTCACGGCGTT-1,B cells
GGCAATTCACGGTGTC-1,CD8 T cells
GGCAATTCACTGAAGG-1,CD4 T cells
GGCAATTTCACCCGAG-1,B cells
GGCAATTTCAGTGTTG-1,CD14+ Monocytes
GGCAATTTCGTTGCCT-1,B cells
GGCAATTTCTCGATGA-1,B cells
GGCAATTTCTGTTGAG-1,CD8 T cells
GGCCGATAGCAATATG-1,B cells
GGCCGATAGCGTAGTG-1,CD4 T cells
GGCCGATAGCTCCTCT-1,CD4 T cells
GGCCGATAGGCTAGGT-1,NK cells
GGCCGATAGTACGACG-1,CD4 T cells
GGCCGATAGTGCGATG-1,CD4 T cells
GGCCGATCACACTGCG-1,CD4 T cells
GGCCGATCACCACCAG-1,CD8 T cells
GGCCGATCAGCTTCGG-1,CD14+ Monocytes
GGCCGATCAGTGGGAT-1,B cells
GGCCGATCATGAAGTA-1,CD4 T cells
GGCCGATCATTGGCGC-1,CD8 T cells
GGCCGATGTAACGCGA-1,CD8 T cells
GGCCGATGTAAGGGAA-1,CD8 T cells
GGCCGATGTGATGTGG-1,Dendritic Cells
GGCCGATGTTGAACTC-1,NK cells
GGCCGATGTTGCGCAC-1,CD4 T cells
GGCCGATGTTGCTCCT-1,CD4 T cells
GGCCGATTCCGTAGTA-1,CD4 T cells
GGCCGATTCCTTGGTC-1,B cells
GGCCGATTCGGCTACG-1,CD14+ Monocytes
GGCGACTAGCGTTCCG-1,CD4 T cells
GGCGACTAGGGCATGT-1,CD4 T cells
GGCGACTAGGTAAACT-1,CD4 T cells
GGCGACTAGTCATCCA-1,CD14+ Monocytes
GGCGACTCAATCACAC-1,CD14+ Monocytes
GGCGACTCACTCAGGC-1,CD4 T cells
GGCGACTCAGAGCCAA-1,CD4 T cells
GGCGACTCAGTATGCT-1,NK cells
GGCGACTCATCGGTTA-1,CD4 T cells
GGCGACTCATGGATGG-1,CD4 T cells
GGCGACTGTACGCACC-1,B cells
GGCGACTGTAGCGTAG-1,CD4 T cells
GGCGACTGTCCGAAGA-1,B cells
GGCGACTGTGAGTATA-1,FCGR3A+ Monocytes
GGCGACTTCACGGTTA-1,CD4 T cells
GGCGACTTCAGCTCTC-1,B cells
GGCGACTTCCTCAATT-1,CD4 T cells
GGCGACTTCGCGGATC-1,B cells
GGCGACTTCGTCCAGG-1,CD4 T cells
GGCGACTTCTTTACGT-1,FCGR3A+ Monocytes
GGCGTGTAGCCAACAG-1,CD4 T cells
GGCGTGTAGCGCTTAT-1,CD4 T cells
GGCGTGTCACCATGTA-1,CD4 T cells
GGCGTGTCACGACGAA-1,B cells
GGCGTGTCACGGCCAT-1,CD8 T cells
GGCGTGTCAGACTCGC-1,CD4 T cells
GGCGTGTCATCCGTGG-1,Other
GGCGTGTCATGCTGGC-1,CD4 T cells
GGCGTGTCATTGGCGC-1,B cells
GGCGTGTGTAAACGCG-1,B cells
GGCGTGTGTCAATACC-1,CD14+ Monocytes
GGCGTGTGTCGGCTCA-1,CD4 T cells
GGCGTGTGTGCAGTAG-1,CD14+ Monocytes
GGCGTGTGTTCTGAAC-1,CD4 T cells
GGCGTGTTCACTATTC-1,CD4 T cells
GGCGTGTTCGACGGAA-1,CD4 T cells
GGCGTGTTCGTACCGG-1,CD14+ Monocytes
GGCGTGTTCTCGGACG-1,B cells
GGCTCGAAGAGGACGG-1,CD14+ Monocytes
GGCTCGAAGAGGTAGA-1,Dendritic Cells
GGCTCGAAGATGCCAG-1,CD14+ Monocytes
GGCTCGAAGGCATGGT-1,CD14+ Monocytes
GGCTCGAAGGTCGGAT-1,CD4 T cells
GGCTCGAAGTCGAGTG-1,CD14+ Monocytes
GGCTCGAAGTTATCGC-1,B cells
GGCTCGACAACTGGCC-1,NK cells
GGCTCGACACATTCGA-1,B cells
GGCTCGACACCACCAG-1,CD14+ Monocytes
GGCTCGACAGCTGTAT-1,CD4 T cells
GGCTCGACAGGATTGG-1,CD4 T cells
GGCTCGACAGTCGATT-1,Other
GGCTCGACATGAGCGA-1,CD14+ Monocytes
GGCTCGACATTAGGCT-1,CD4 T cells
GGCTCGAGTACAAGTA-1,B cells
GGCTCGAGTCGCGAAA-1,CD4 T cells
GGCTCGAGTCTACCTC-1,Other
GGCTCGAGTCTTCTCG-1,Other
GGCTCGAGTGCGATAG-1,CD14+ Monocytes
GGCTCGAGTGCGGTAA-1,CD14+ Monocytes
GGCTCGATCGGATGTT-1,CD14+ Monocytes
GGCTCGATCTCTGCTG-1,B cells
GGCTGGTAGAAACGCC-1,CD14+ Monocytes
GGCTGGTAGACAGACC-1,CD8 T cells
GGCTGGTAGGGATCTG-1,CD14+ Monocytes
GGCTGGTAGTGTTAGA-1,CD14+ Monocytes
GGCTGGTCAACGATGG-1,CD8 T cells
GGCTGGTCACCGTTGG-1,CD8 T cells
GGCTGGTCAGCTTCGG-1,CD8 T cells
GGCTGGTCAGTTCCCT-1,FCGR3A+ Monocytes
GGCTGGTCATCGGAAG-1,CD14+ Monocytes
GGCTGGTCATTCCTCG-1,CD14+ Monocytes
GGCTGGTGTACAAGTA-1,B cells
GGCTGGTGTATAGGTA-1,CD8 T cells
GGCTGGTGTCCTCCAT-1,CD4 T cells
GGCTGGTGTGCGAAAC-1,CD8 T cells
GGCTGGTGTTTCGCTC-1,CD4 T cells
GGCTGGTTCAGCAACT-1,CD4 T cells
GGCTGGTTCGCCTGTT-1,CD4 T cells
GGCTGGTTCGTTGCCT-1,FCGR3A+ Monocytes
GGCTGGTTCTATGTGG-1,Dendritic Cells
GGCTGGTTCTGCAGTA-1,CD4 T cells
GGGAATGAGAAGGCCT-1,CD4 T cells
GGGAATGAGATGGCGT-1,CD8 T cells
GGGAATGAGCCTATGT-1,B cells
GGGAATGCAAGCTGTT-1,CD14+ Monocytes
GGGAATGCACCAGGCT-1,NK cells
GGGAATGCATAGTAAG-1,CD4 T cells
GGGAATGCATGCAACT-1,CD8 T cells
GGGAATGGTAAAGGAG-1,CD14+ Monocytes
GGGAATGGTTCGTCTC-1,CD4 T cells
GGGAATGTCACTTACT-1,CD4 T cells
GGGAATGTCCTTGGTC-1,CD4 T cells
GGGAATGTCGGTGTCG-1,CD4 T cells
GGGAATGTCTGATTCT-1,CD14+ Monocytes
GGGACCTAGGACGAAA-1,Dendritic Cells
GGGACCTAGTCAATAG-1,CD4 T cells
GGGACCTCAAACTGTC-1,CD14+ Monocytes
GGGACCTCAAGACACG-1,CD4 T cells
GGGACCTCAAGCCGCT-1,CD4 T cells
GGGACCTCATGATCCA-1,CD4 T cells
GGGACCTCATTTGCTT-1,CD4 T cells
GGGACCTGTCAATACC-1,CD14+ Monocytes
GGGACCTGTCACACGC-1,CD8 T cells
GGGACCTGTCTAGCGC-1,B cells
GGGACCTGTCTCCATC-1,B cells
GGGACCTGTTCCTCCA-1,CD4 T cells
GGGACCTGTTGGTTTG-1,CD4 T cells
GGGACCTTCCCGACTT-1,CD14+ Monocytes
GGGACCTTCGATCCCT-1,CD4 T cells
GGGACCTTCGCAGGCT-1,CD4 T cells
GGGACCTTCTCAAGTG-1,CD4 T cells
GGGACCTTCTCTAGGA-1,CD14+ Monocytes
GGGAGATAGAGGACGG-1,CD4 T cells
GGGAGATAGCATGGCA-1,CD4 T cells
GGGAGATAGTGGGATC-1,CD8 T cells
GGGAGATAGTGGTCCC-1,B cells
GGGAGATCAAATTGCC-1,CD8 T cells
GGGAGATCACATCCGG-1,CD4 T cells
GGGAGATCACCTCGTT-1,Megakaryocytes
GGGAGATCAGTGACAG-1,CD4 T cells
GGGAGATCATTATCTC-1,CD4 T cells
GGGAGATTCCAGGGCT-1,CD4 T cells
GGGAGATTCGCGGATC-1,Megakaryocytes
GGGATGAAGTGGTCCC-1,CD4 T cells
GGGATGACATGAAGTA-1,CD14+ Monocytes
GGGATGACATGCTAGT-1,CD14+ Monocytes
GGGATGAGTAGCGATG-1,CD4 T cells
GGGATGAGTAGGGACT-1,B cells
GGGATGAGTGGCTCCA-1,CD4 T cells
GGGATGAGTTCACGGC-1,CD4 T cells
GGGATGATCACAATGC-1,CD4 T cells
GGGATGATCAGAAATG-1,CD4 T cells
GGGATGATCAGAGGTG-1,CD4 T cells
GGGATGATCGCACTCT-1,CD8 T cells
GGGATGATCGCTAGCG-1,B cells
GGGATGATCGTCACGG-1,CD4 T cells
GGGATGATCTGGTGTA-1,CD4 T cells
GGGATGATCTTAGCCC-1,CD4 T cells
GGGCACTAGCTGATAA-1,CD14+ Monocytes
GGGCACTAGTACGACG-1,CD4 T cells
GGGCACTAGTCTCCTC-1,CD4 T cells
GGGCACTAGTTTAGGA-1,CD4 T cells
GGGCACTCACCACGTG-1,CD4 T cells
GGGCACTCAGGCAGTA-1,CD4 T cells
GGGCACTCAGTCACTA-1,CD4 T cells
GGGCACTCATGCAACT-1,B cells
GGGCACTCATGCTGGC-1,B cells
GGGCACTGTAAGAGGA-1,CD4 T cells
GGGCACTGTACGCTGC-1,CD4 T cells
GGGCACTGTGACCAAG-1,B cells
GGGCACTGTGCAGTAG-1,B cells
GGGCACTGTGGAAAGA-1,B cells
GGGCACTTCAGAAATG-1,CD14+ Monocytes
GGGCACTTCCAGTAGT-1,NK cells
GGGCACTTCCCGACTT-1,CD14+ Monocytes
GGGCACTTCCTTGACC-1,B cells
GGGCACTTCTAGCACA-1,CD4 T cells
GGGCACTTCTCGTATT-1,CD8 T cells
GGGCACTTCTGATTCT-1,CD14+ Monocytes
GGGCATCAGATGAGAG-1,CD4 T cells
GGGCATCAGGGAACGG-1,CD4 T cells
GGGCATCAGGTGACCA-1,B cells
GGGCATCCAATGTAAG-1,CD4 T cells
GGGCATCCACACGCTG-1,CD4 T cells
GGGCATCCACCAGGTC-1,CD4 T cells
GGGCATCCATAAAGGT-1,CD4 T cells
GGGCATCGTCGCATAT-1,Other
GGGCATCGTCGCTTCT-1,CD4 T cells
GGGCATCGTCTCACCT-1,B cells
GGGCATCGTCTTGTCC-1,CD4 T cells
GGGCATCGTGGTACAG-1,CD4 T cells
GGGCATCGTTCAGGCC-1,B cells
GGGCATCTCCCGACTT-1,CD8 T cells
GGGCATCTCGAACTGT-1,CD14+ Monocytes
GGGCATCTCTCTAAGG-1,CD4 T cells
GGGCATCTCTGCCAGG-1,CD4 T cells
GGGTCTGAGCCCAGCT-1,CD14+ Monocytes
GGGTCTGAGCTGAACG-1,CD4 T cells
GGGTCTGAGGAGTTTA-1,CD4 T cells
GGGTCTGAGGATCGCA-1,CD4 T cells
GGGTCTGAGGGAGTAA-1,CD4 T cells
GGGTCTGAGGTGCAAC-1,CD4 T cells
GGGTCTGAGTCGAGTG-1,CD14+ Monocytes
GGGTCTGAGTGACTCT-1,CD4 T cells
GGGTCTGCAAGAGGCT-1,B cells
GGGTCTGCACATGGGA-1,CD4 T cells
GGGTCTGCAGACACTT-1,Other
GGGTCTGCAGCTATTG-1,CD4 T cells
GGGTCTGCAGGTCTCG-1,CD14+ Monocytes
GGGTCTGGTAGCGCAA-1,B cells
GGGTCTGGTAGGCATG-1,CD4 T cells
GGGTCTGGTCTGATCA-1,B cells
GGGTCTGGTCTGATTG-1,CD4 T cells
GGGTCTGGTGATAAAC-1,Other
GGGTCTGGTTAAGACA-1,CD4 T cells
GGGTCTGGTTACGCGC-1,B cells
GGGTCTGTCAAACCAC-1,FCGR3A+ Monocytes
GGGTCTGTCACCATAG-1,CD14+ Monocytes
GGGTCTGTCACCTTAT-1,CD4 T cells
GGGTCTGTCCCAAGAT-1,B cells
GGGTCTGTCGAATGGG-1,B cells
GGGTCTGTCGTTACAG-1,CD14+ Monocytes
GGGTCTGTCTGGCGTG-1,Other
GGGTCTGTCTTACCTA-1,B cells
GGGTTGCAGAGCCTAG-1,CD4 T cells
GGGTTGCAGTTCGATC-1,CD4 T cells
GGGTTGCCAAAGTGCG-1,CD4 T cells
GGGTTGCGTACCGTAT-1,CD4 T cells
GGGTTGCGTAGAAAGG-1,B cells
GGGTTGCGTCATATGC-1,CD8 T cells
GGGTTGCGTTCGGCAC-1,CD4 T cells
GGGTTGCTCACCGGGT-1,B cells
GGGTTGCTCACGCATA-1,CD14+ Monocytes
GGGTTGCTCACTCTTA-1,CD14+ Monocytes
GGGTTGCTCAGCATGT-1,CD8 T cells
GGGTTGCTCAGGTAAA-1,CD8 T cells
GGGTTGCTCATGTGGT-1,CD4 T cells
GGGTTGCTCCAAAGTC-1,CD4 T cells
GGGTTGCTCCAGAAGG-1,NK cells
GGGTTGCTCCATGCTC-1,CD4 T cells
GGGTTGCTCTATCCTA-1,CD4 T cells
GGGTTGCTCTTGCAAG-1,CD14+ Monocytes
GGTATTGAGAAACCAT-1,CD4 T cells
GGTATTGAGACCGGAT-1,Dendritic Cells
GGTATTGAGAGTACAT-1,CD4 T cells
GGTATTGAGCTCCCAG-1,Dendritic Cells
GGTATTGAGGTACTCT-1,B cells
GGTATTGAGGTGACCA-1,CD4 T cells
GGTATTGAGTGGGTTG-1,B cells
GGTATTGCAACACCTA-1,CD4 T cells
GGTATTGCAAGAAGAG-1,CD4 T cells
GGTATTGCAATGGAAT-1,CD4 T cells
GGTATTGCATCGGACC-1,CD14+ Monocytes
GGTATTGGTACTCTCC-1,CD4 T cells
GGTATTGGTAGGCTGA-1,CD14+ Monocytes
GGTATTGGTCGCGTGT-1,CD4 T cells
GGTATTGGTGGTCTCG-1,B cells
GGTATTGGTGTTTGGT-1,CD4 T cells
GGTATTGTCGGTTCGG-1,CD14+ Monocytes
GGTGAAGAGACTCGGA-1,CD8 T cells
GGTGAAGAGCCAGAAC-1,CD4 T cells
GGTGAAGAGCGAAGGG-1,CD4 T cells
GGTGAAGAGTCTCGGC-1,CD4 T cells
GGTGAAGAGTGGGTTG-1,CD4 T cells
GGTGAAGAGTTACCCA-1,B cells
GGTGAAGCAGCCAGAA-1,CD4 T cells
GGTGAAGCAGTTAACC-1,CD4 T cells
GGTGAAGGTAAAGGAG-1,CD8 T cells
GGTGAAGGTAACGTTC-1,CD14+ Monocytes
GGTGAAGGTAAGTAGT-1,CD4 T cells
GGTGAAGGTCGAAAGC-1,CD14+ Monocytes
GGTGAAGGTGGTACAG-1,FCGR3A+ Monocytes
GGTGAAGTCACCCTCA-1,CD14+ Monocytes
GGTGAAGTCACGCGGT-1,CD8 T cells
GGTGAAGTCCACTCCA-1,B cells
GGTGAAGTCCGTCATC-1,B cells
GGTGAAGTCGGCGGTT-1,CD8 T cells
GGTGAAGTCTGCTGCT-1,CD4 T cells
GGTGCGTAGCTACCTA-1,CD4 T cells
GGTGCGTAGCTGATAA-1,CD4 T cells
GGTGCGTAGTGAAGAG-1,CD4 T cells
GGTGCGTCACATAACC-1,CD14+ Monocytes
GGTGCGTCACTCGACG-1,B cells
GGTGCGTCAGAGTGTG-1,CD4 T cells
GGTGCGTCAGTAAGAT-1,CD8 T cells
GGTGCGTGTACCGAGA-1,CD4 T cells
GGTGCGTGTCATATGC-1,CD14+ Monocytes
GGTGCGTGTCTCAACA-1,B cells
GGTGCGTGTCTCTCTG-1,CD14+ Monocytes
GGTGCGTGTGAGGCTA-1,CD8 T cells
GGTGCGTTCAAACCGT-1,CD14+ Monocytes
GGTGCGTTCACATGCA-1,B cells
GGTGCGTTCACCATAG-1,NK cells
GGTGCGTTCCAAACAC-1,CD14+ Monocytes
GGTGCGTTCCACGAAT-1,CD4 T cells
GGTGTTAAGCCACGTC-1,B cells
GGTGTTAAGGACATTA-1,CD4 T cells
GGTGTTAAGTATTGGA-1,CD4 T cells
GGTGTTAAGTGAAGTT-1,Dendritic Cells
GGTGTTACAAGAAAGG-1,Dendritic Cells
GGTGTTAGTACAGACG-1,B cells
GGTGTTAGTCGGGTCT-1,Other
GGTGTTATCAATAAGG-1,CD4 T cells
GGTGTTATCACATAGC-1,Dendritic Cells
GGTGTTATCCAAAGTC-1,CD4 T cells
GGTGTTATCGAGCCCA-1,CD14+ Monocytes
GGTGTTATCGGAAATA-1,CD14+ Monocytes
GGTGTTATCGGCCGAT-1,CD4 T cells
GTAACGTAGATCGATA-1,CD8 T cells
GTAACGTCAAGTAGTA-1,CD4 T cells
GTAACGTCACGGATAG-1,CD4 T cells
GTAACGTCAGACAAGC-1,NK cells
GTAACGTCAGCTGTGC-1,CD4 T cells
GTAACGTGTAGCTAAA-1,Other
GTAACGTGTCTTGATG-1,B cells
GTAACGTGTGTGACGA-1,B cells
GTAACGTGTTACTGAC-1,CD14+ Monocytes
GTAACGTTCGTTACAG-1,CD4 T cells
GTAACGTTCTGCCAGG-1,CD4 T cells
GTAACTGAGAAGGTGA-1,CD8 T cells
GTAACTGAGAGCTATA-1,B cells
GTAACTGAGATGTCGG-1,CD8 T cells
GTAACTGAGTCACGCC-1,CD4 T cells
GTAACTGCAAGGTTTC-1,B cells
GTAACTGCACCAGCAC-1,CD14+ Monocytes
GTAACTGCACCAGGCT-1,B cells
GTAACTGCACTCGACG-1,CD14+ Monocytes
GTAACTGCAGCTGCAC-1,CD4 T cells
GTAACTGCATAAGACA-1,CD4 T cells
GTAACTGCATTCCTCG-1,B cells
GTAACTGGTACCTACA-1,CD4 T cells
GTAACTGGTGGACGAT-1,CD4 T cells
GTAACTGTCAACTCTT-1,CD14+ Monocytes
GTAACTGTCCAAGCCG-1,CD14+ Monocytes
GTACGTAAGAGACGAA-1,CD8 T cells
GTACGTACAAGACGTG-1,CD4 T cells
GTACGTACAAGCCATT-1,CD8 T cells
GTACGTACAATCCGAT-1,CD8 T cells
GTACGTACACTTCGAA-1,CD14+ Monocytes
GTACGTAGTCAACTGT-1,CD4 T cells
GTACGTAGTCTTTCAT-1,CD4 T cells
GTACGTAGTGACTACT-1,CD4 T cells
GTACGTAGTTGGTGGA-1,Other
GTACGTATCCTCCTAG-1,CD14+ Monocytes
GTACGTATCTTAGCCC-1,CD4 T cells
GTACTCCAGAAGGTGA-1,CD14+ Monocytes
GTACTCCAGAGCCCAA-1,CD4 T cells
GTACTCCAGAGGACGG-1,CD4 T cells
GTACTCCAGATAGTCA-1,CD4 T cells
GTACTCCCACCGCTAG-1,CD8 T cells
GTACTCCCATCAGTAC-1,B cells
GTACTCCGTAAATGTG-1,CD4 T cells
GTACTCCGTCGCTTCT-1,CD14+ Monocytes
GTACTCCGTTATCCGA-1,CD4 T cells
GTACTCCGTTGCTCCT-1,CD4 T cells
GTACTCCGTTTAAGCC-1,CD4 T cells
GTACTCCTCAGGATCT-1,CD4 T cells
GTACTCCTCAGGCAAG-1,CD4 T cells
GTACTCCTCCACTGGG-1,FCGR3A+ Monocytes
GTACTCCTCCTAGAAC-1,CD4 T cells
GTACTCCTCTTAACCT-1,CD8 T cells
GTACTCCTCTTGCATT-1,CD4 T cells
GTACTTTAGATGTAAC-1,CD8 T cells
GTACTTTAGCACCGCT-1,CD8 T cells
GTACTTTAGCGCCTCA-1,B cells
GTACTTTAGCGCTTAT-1,B cells
GTACTTTAGCTAAGAT-1,CD8 T cells
GTACTTTAGTACGCGA-1,CD4 T cells
GTACTTTCACCGAAAG-1,NK cells
GTACTTTCAGATTGCT-1,CD14+ Monocytes
GTACTTTCAGCCTGTG-1,CD4 T cells
GTACTTTCATACTACG-1,Other
GTACTTTGTAGCACGA-1,CD14+ Monocytes
GTACTTTGTCTGGTCG-1,CD14+ Monocytes
GTACTTTGTCTTGCGG-1,CD4 T cells
GTACTTTGTGGCCCTA-1,CD4 T cells
GTACTTTGTTTGGCGC-1,CD4 T cells
GTACTTTTCAATACCG-1,CD14+ Monocytes
GTACTTTTCCGCAAGC-1,CD4 T cells
GTACTTTTCGGCTACG-1,CD14+ Monocytes
GTACTTTTCTGCAGTA-1,CD4 T cells
GTAGGCCAGCGTGTCC-1,CD4 T cells
GTAGGCCAGCTTCGCG-1,CD4 T cells
GTAGGCCAGTCCGTAT-1,CD4 T cells
GTAGGCCCAATGACCT-1,CD14+ Monocytes
GTAGGCCCAATGCCAT-1,CD4 T cells
GTAGGCCCACGGTAAG-1,CD4 T cells
GTAGGCCCACTTAACG-1,CD4 T cells
GTAGGCCCAGGACCCT-1,CD14+ Monocytes
GTAGGCCGTAACGTTC-1,CD14+ Monocytes
GTAGGCCGTAGCTTGT-1,CD8 T cells
GTAGGCCGTATAGGGC-1,Other
GTAGGCCGTCGCCATG-1,CD4 T cells
GTAGGCCGTTCACCTC-1,B cells
GTAGGCCGTTGCTCCT-1,NK cells
GTAGGCCTCCTAGGGC-1,CD4 T cells
GTAGGCCTCTATCCTA-1,B cells
GTAGTCAAGAGGTTGC-1,CD4 T cells
GTAGTCAAGATAGTCA-1,CD14+ Monocytes
GTAGTCAAGATTACCC-1,CD4 T cells
GTAGTCAAGCTGAAAT-1,CD8 T cells
GTAGTCAAGGACGAAA-1,CD14+ Monocytes
GTAGTCAAGGAGTACC-1,CD14+ Monocytes
GTAGTCAAGGGCACTA-1,NK cells
GTAGTCAAGGGCATGT-1,B cells
GTAGTCAAGGTCGGAT-1,CD8 T cells
GTAGTCAAGTCATCCA-1,CD4 T cells
GTAGTCAAGTTCCACA-1,CD14+ Monocytes
GTAGTCACACCACCAG-1,CD4 T cells
GTAGTCACAGCCTATA-1,CD14+ Monocytes
GTAGTCACAGCCTTTC-1,CD8 T cells
GTAGTCACATCCCATC-1,CD8 T cells
GTAGTCAGTAAAGTCA-1,B cells
GTAGTCAGTACGACCC-1,Other
GTAGTCAGTACGCACC-1,CD4 T cells
GTAGTCAGTATGAAAC-1,CD14+ Monocytes
GTAGTCAGTCCATCCT-1,CD4 T cells
GTAGTCAGTCTCGTTC-1,CD4 T cells
GTAGTCAGTTAAGTAG-1,CD14+ Monocytes
GTAGTCAGTTTGTTTC-1,CD8 T cells
GTAGTCATCCATTCTA-1,CD14+ Monocytes
GTAGTCATCGACCAGC-1,CD8 T cells
GTAGTCATCGTCGTTC-1,CD4 T cells
GTAGTCATCTGGGCCA-1,CD8 T cells
GTAGTCATCTTGCAAG-1,B cells
GTATCTTAGAAGATTC-1,CD4 T cells
GTATCTTAGCCAGTAG-1,CD14+ Monocytes
GTATCTTAGTATCTCG-1,B cells
GTATCTTAGTGAATTG-1,CD4 T cells
GTATCTTAGTGCGTGA-1,CD8 T cells
GTATCTTAGTGTTTGC-1,CD14+ Monocytes
GTATCTTCAATCCGAT-1,CD14+ Monocytes
GTATCTTCACAACGTT-1,CD8 T cells
GTATCTTCACTGTCGG-1,CD4 T cells
GTATCTTCAGTACACT-1,CD4 T cells
GTATCTTCAGTGACAG-1,B cells
GTATCTTGTCACTGGC-1,Other
GTATCTTGTCGTGGCT-1,CD14+ Monocytes
GTATCTTGTCTCTTTA-1,Other
GTATCTTGTGAACCTT-1,Other
GTATCTTGTTTGCATG-1,CD4 T cells
GTATCTTTCAAAGTAG-1,CD4 T cells
GTATCTTTCAGGATCT-1,Dendritic Cells
GTATCTTTCAGTGCAT-1,Dendritic Cells
GTATTCTAGACAAAGG-1,CD4 T cells
GTATTCTAGATATACG-1,CD4 T cells
GTATTCTAGCGTCAAG-1,Other
GTATTCTAGCGTTGCC-1,CD4 T cells
GTATTCTAGGACGAAA-1,CD4 T cells
GTATTCTAGGGTTTCT-1,CD8 T cells
GTATTCTAGTCATCCA-1,CD8 T cells
GTATTCTAGTTGTCGT-1,CD4 T cells
GTATTCTCAACTGCTA-1,Megakaryocytes
GTATTCTCAAGTTCTG-1,CD14+ Monocytes
GTATTCTCACGGCGTT-1,CD4 T cells
GTATTCTCAGCTATTG-1,CD4 T cells
GTATTCTGTCCGAATT-1,CD14+ Monocytes
GTATTCTGTCTAGCGC-1,CD4 T cells
GTATTCTGTGCGGTAA-1,CD8 T cells
GTATTCTTCAGCTCGG-1,CD4 T cells
GTATTCTTCAGTGCAT-1,B cells
GTATTCTTCGGAAATA-1,CD4 T cells
GTATTCTTCGTTGCCT-1,CD4 T cells
GTATTCTTCTGAGTGT-1,CD14+ Monocytes
GTATTCTTCTTCGAGA-1,CD4 T cells
GTCAAGTAGCAATATG-1,CD14+ Monocytes
GTCAAGTAGCCACGCT-1,CD14+ Monocytes
GTCAAGTAGGAGTCTG-1,CD4 T cells
GTCAAGTAGGCAATTA-1,B cells
GTCAAGTAGGGCTCTC-1,B cells
GTCAAGTAGGTGCACA-1,CD14+ Monocytes
GTCAAGTCAAGCGCTC-1,CD4 T cells
GTCAAGTCACAGGTTT-1,CD4 T cells
GTCAAGTCACGCATCG-1,CD4 T cells
GTCAAGTCACTCGACG-1,CD4 T cells
GTCAAGTGTACAGTGG-1,NK cells
GTCAAGTGTATGCTTG-1,CD8 T cells
GTCAAGTTCATAGCAC-1,CD8 T cells
GTCAAGTTCATCGGAT-1,CD8 T cells
GTCAAGTTCTCGGACG-1,Megakaryocytes
GTCAAGTTCTTCGAGA-1,B cells
GTCACAAAGACCCACC-1,CD4 T cells
GTCACAAAGGGTCTCC-1,CD14+ Monocytes
GTCACAAAGTACCGGA-1,FCGR3A+ Monocytes
GTCACAACAACGATGG-1,CD8 T cells
GTCACAACACAGGCCT-1,CD14+ Monocytes
GTCACAACAGTCGTGC-1,CD4 T cells
GTCACAACATACTCTT-1,CD8 T cells
GTCACAACATGCCCGA-1,CD4 T cells
GTCACAAGTACTCAAC-1,CD14+ Monocytes
GTCACAAGTAGATTAG-1,B cells
GTCACAAGTGCAGGTA-1,CD4 T cells
GTCACAAGTGCAGTAG-1,CD14+ Monocytes
GTCACAAGTGTCGCTG-1,CD14+ Monocytes
GTCACAAGTGTTGAGG-1,B cells
GTCACAAGTTGTCGCG-1,CD14+ Monocytes
GTCACAATCTCTTGAT-1,CD4 T cells
GTCACAATCTTTCCTC-1,CD4 T cells
GTCACGGAGGTTACCT-1,CD4 T cells
GTCACGGAGTACGACG-1,B cells
GTCACGGCAAATTGCC-1,CD4 T cells
GTCACGGCAAGAAGAG-1,CD4 T cells
GTCACGGCAAGTCTAC-1,CD4 T cells
GTCACGGGTATGAAAC-1,CD14+ Monocytes
GTCACGGGTCCATCCT-1,CD4 T cells
GTCACGGGTCGCTTTC-1,CD4 T cells
GTCACGGGTCTAAAGA-1,CD4 T cells
GTCACGGGTGCGGTAA-1,B cells
GTCACGGGTTGTTTGG-1,CD4 T cells
GTCACGGTCAACACAC-1,CD8 T cells
GTCACGGTCAGGCAAG-1,CD14+ Monocytes
GTCACGGTCAGTTGAC-1,CD4 T cells
GTCACGGTCGGACAAG-1,CD4 T cells
GTCATTTAGAAACGAG-1,CD14+ Monocytes
GTCATTTAGGATTCGG-1,CD4 T cells
GTCATTTAGTCTCGGC-1,CD4 T cells
GTCATTTAGTTTGCGT-1,CD4 T cells
GTCATTTCAAGCCATT-1,CD4 T cells
GTCATTTGTAATTGGA-1,CD8 T cells
GTCATTTGTACACCGC-1,CD8 T cells
GTCATTTGTCAATACC-1,NK cells
GTCATTTGTCCAGTTA-1,CD4 T cells
GTCATTTTCAGCGACC-1,CD8 T cells
GTCATTTTCAGTACGT-1,CD4 T cells
GTCATTTTCCACGTGG-1,B cells
GTCATTTTCCCATTAT-1,CD14+ Monocytes
GTCCTCAAGAATTGTG-1,CD4 T cells
GTCCTCAAGACGACGT-1,B cells
GTCCTCAAGATATGCA-1,CD14+ Monocytes
GTCCTCAAGCTAGGCA-1,B cells
GTCCTCAAGTACGATA-1,CD4 T cells
GTCCTCAAGTGGTAAT-1,Other
GTCCTCACAATGTAAG-1,CD4 T cells
GTCCTCACACAGGCCT-1,B cells
GTCCTCACAGCTGGCT-1,CD14+ Monocytes
GTCCTCACAGGTCCAC-1,B cells
GTCCTCACAGTCAGAG-1,CD4 T cells
GTCCTCACAGTCAGCC-1,CD4 T cells
GTCCTCAGTCTCAACA-1,Other
GTCCTCAGTCTTGTCC-1,CD4 T cells
GTCCTCAGTGGAAAGA-1,CD4 T cells
GTCCTCATCAACACCA-1,Megakaryocytes
GTCCTCATCAAGCCTA-1,CD8 T cells
GTCCTCATCAAGGCTT-1,CD8 T cells
GTCCTCATCAGTTGAC-1,Other
GTCCTCATCATGCAAC-1,CD4 T cells
GTCCTCATCCATGCTC-1,CD4 T cells
GTCCTCATCGAACTGT-1,CD4 T cells
GTCCTCATCGGCTACG-1,CD8 T cells
GTCCTCATCGTAGGAG-1,Other
GTCGGGTAGACAAAGG-1,NK cells
GTCGGGTAGATGTCGG-1,CD4 T cells
GTCGGGTCAAACAACA-1,B cells
GTCGGGTCAATGGAGC-1,CD4 T cells
GTCGGGTCACCCTATC-1,NK cells
GTCGGGTCAGAGTGTG-1,CD4 T cells
GTCGGGTCATATACCG-1,B cells
GTCGGGTCATCCGGGT-1,CD4 T cells
GTCGGGTCATGGATGG-1,CD14+ Monocytes
GTCGGGTGTAATAGCA-1,CD14+ Monocytes
GTCGGGTGTCGGGTCT-1,CD14+ Monocytes
GTCGGGTGTCTCGTTC-1,CD4 T cells
GTCGGGTGTGGTAACG-1,CD4 T cells
GTCGGGTGTGGTACAG-1,CD4 T cells
GTCGGGTGTTATCACG-1,CD14+ Monocytes
GTCGGGTGTTCAGGCC-1,CD4 T cells
GTCGGGTGTTGAGTTC-1,B cells
GTCGGGTTCAAGGCTT-1,CD14+ Monocytes
GTCGGGTTCACCTCGT-1,CD14+ Monocytes
GTCGGGTTCCAAACTG-1,CD4 T cells
GTCGGGTTCCAATGGT-1,FCGR3A+ Monocytes
GTCGGGTTCGCTAGCG-1,B cells
GTCGGGTTCTGCGGCA-1,CD4 T cells
GTCGTAAAGACAAGCC-1,FCGR3A+ Monocytes
GTCGTAAAGACAGGCT-1,CD14+ Monocytes
GTCGTAAAGCCACCTG-1,B cells
GTCGTAAAGCGTTGCC-1,CD4 T cells
GTCGTAAAGGGAAACA-1,CD4 T cells
GTCGTAACAACTGCGC-1,CD4 T cells
GTCGTAACAACTTGAC-1,CD4 T cells
GTCGTAACAAGAAAGG-1,CD14+ Monocytes
GTCGTAACAAGCTGTT-1,B cells
GTCGTAACAGTCAGAG-1,CD4 T cells
GTCGTAACATAAGACA-1,CD14+ Monocytes
GTCGTAACATACTACG-1,B cells
GTCGTAAGTCTCCCTA-1,Dendritic Cells
GTCGTAAGTGCACTTA-1,CD14+ Monocytes
GTCGTAAGTGCCTGTG-1,CD4 T cells
GTCGTAAGTTGATTCG-1,CD4 T cells
GTCGTAATCACAACGT-1,CD4 T cells
GTCGTAATCACCCTCA-1,CD8 T cells
GTCGTAATCGTGTAGT-1,CD4 T cells
GTCTCGTAGAAACCGC-1,CD14+ Monocytes
GTCTCGTAGAATGTGT-1,CD4 T cells
GTCTCGTAGACCTTTG-1,CD4 T cells
GTCTCGTAGTACGCCC-1,CD8 T cells
GTCTCGTAGTGGGTTG-1,B cells
GTCTCGTAGTTACCCA-1,CD14+ Monocytes
GTCTCGTCAAGCGAGT-1,CD4 T cells
GTCTCGTCAGGCAGTA-1,CD14+ Monocytes
GTCTCGTCATGAGCGA-1,CD4 T cells
GTCTCGTGTATTACCG-1,CD8 T cells
GTCTCGTGTCTCGTTC-1,B cells
GTCTCGTGTCTCTTTA-1,CD14+ Monocytes
GTCTCGTGTCTGATTG-1,B cells
GTCTCGTGTGGCTCCA-1,Other
GTCTCGTTCGGAGGTA-1,CD4 T cells
GTCTCGTTCTGCGACG-1,CD4 T cells
GTCTCGTTCTGTTTGT-1,B cells
GTCTCGTTCTTGCCGT-1,CD4 T cells
GTCTTCGAGATACACA-1,CD4 T cells
GTCTTCGAGATGCCAG-1,CD4 T cells
GTCTTCGAGCAGCCTC-1,B cells
GTCTTCGAGGAACTGC-1,CD14+ Monocytes
GTCTTCGAGGTACTCT-1,CD4 T cells
GTCTTCGAGTTTCCTT-1,CD4 T cells
GTCTTCGCAACACGCC-1,CD14+ Monocytes
GTCTTCGGTAGAGCTG-1,B cells
GTCTTCGGTAGCACGA-1,NK cells
GTCTTCGGTAGCGTCC-1,CD4 T cells
GTCTTCGGTCTCTTAT-1,CD4 T cells
GTCTTCGGTGCACTTA-1,NK cells
GTCTTCGTCAGTACGT-1,B cells
GTCTTCGTCGTAGGTT-1,CD4 T cells
GTCTTCGTCTACCAGA-1,CD14+ Monocytes
GTCTTCGTCTGTCTAT-1,CD4 T cells
GTCTTCGTCTTGAGAC-1,CD14+ Monocytes
GTGAAGGAGAAGGCCT-1,CD4 T cells
GTGAAGGAGAATCTCC-1,CD14+ Monocytes
GTGAAGGAGAATTCCC-1,CD14+ Monocytes
GTGAAGGAGAGCAATT-1,CD14+ Monocytes
GTGAAGGAGCCCAACC-1,B cells
GTGAAGGAGTACATGA-1,CD14+ Monocytes
GTGAAGGCACACAGAG-1,CD8 T cells
GTGAAGGCAGGCAGTA-1,CD4 T cells
GTGAAGGCAGGCTCAC-1,CD14+ Monocytes
GTGAAGGGTATATGAG-1,CD4 T cells
GTGAAGGGTCCCGACA-1,CD4 T cells
GTGAAGGGTCTAGAGG-1,CD14+ Monocytes
GTGAAGGGTTATTCTC-1,CD4 T cells
GTGAAGGTCATCATTC-1,CD4 T cells
GTGAAGGTCCCTTGCA-1,Other
GTGAAGGTCTGTCTCG-1,B cells
GTGCAGCAGACTGTAA-1,CD4 T cells
GTGCAGCAGCGATCCC-1,B cells
GTGCAGCAGCTGCAAG-1,Dendritic Cells
GTGCAGCAGTAACCCT-1,CD4 T cells
GTGCAGCCAAACCTAC-1,FCGR3A+ Monocytes
GTGCAGCCAAAGCGGT-1,CD4 T cells
GTGCAGCCAATGACCT-1,CD14+ Monocytes
GTGCAGCCACTTACGA-1,Other
GTGCAGCCATCTGGTA-1,CD8 T cells
GTGCAGCGTCTTTCAT-1,CD4 T cells
GTGCAGCGTGACCAAG-1,CD4 T cells
GTGCAGCGTGTGAATA-1,CD8 T cells
GTGCAGCGTGTGCGTC-1,CD4 T cells
GTGCAGCGTGTTCTTT-1,CD4 T cells
GTGCAGCGTTAGGGTG-1,CD4 T cells
GTGCAGCTCAGAAATG-1,CD4 T cells
GTGCAGCTCTGGCGAC-1,CD4 T cells
GTGCATAAGAGTAATC-1,CD8 T cells
GTGCATAAGCCACGTC-1,CD14+ Monocytes
GTGCATAAGGAATCGC-1,B cells
GTGCATAAGTAGTGCG-1,CD8 T cells
GTGCATACAAAGAATC-1,CD4 T cells
GTGCATACAAATACAG-1,CD8 T cells
GTGCATACAATCTGCA-1,CD14+ Monocytes
GTGCATACATGGATGG-1,CD4 T cells
GTGCATAGTAGTACCT-1,CD4 T cells
GTGCATAGTCTCCCTA-1,CD14+ Monocytes
GTGCATAGTTAAAGAC-1,CD4 T cells
GTGCATAGTTCCGGCA-1,CD8 T cells
GTGCATATCAAGCCTA-1,CD4 T cells
GTGCATATCACGAAGG-1,CD4 T cells
GTGCATATCAGTTCGA-1,CD14+ Monocytes
GTGCATATCCAACCAA-1,CD4 T cells
GTGCATATCCTTTACA-1,CD8 T cells
GTGCATATCGTTACAG-1,CD4 T cells
GTGCATATCTCGATGA-1,CD4 T cells
GTGCGGTAGAAGGCCT-1,CD14+ Monocytes
GTGCGGTAGAGACGAA-1,CD14+ Monocytes
GTGCGGTAGGCCCGTT-1,CD8 T cells
GTGCGGTCAATAGCGG-1,NK cells
GTGCGGTCACACGCTG-1,CD4 T cells
GTGCGGTCACGCCAGT-1,CD4 T cells
GTGCGGTCAGTCGATT-1,Other
GTGCGGTCATATACCG-1,CD14+ Monocytes
GTGCGGTGTATTAGCC-1,CD4 T cells
GTGCGGTGTCCGTGAC-1,CD8 T cells
GTGCGGTGTGATGTCT-1,Other
GTGCGGTGTTAAGAAC-1,CD14+ Monocytes
GTGCGGTGTTCCACGG-1,CD4 T cells
GTGCGGTGTTTGCATG-1,CD4 T cells
GTGCGGTTCAGCCTAA-1,Other
GTGCGGTTCCTATTCA-1,CD14+ Monocytes
GTGCGGTTCGAGGTAG-1,CD4 T cells
GTGCGGTTCGTGGACC-1,CD4 T cells
GTGCTTCAGGCATGTG-1,CD4 T cells
GTGCTTCAGGCCGAAT-1,CD14+ Monocytes
GTGCTTCAGTCATGCT-1,CD14+ Monocytes
GTGCTTCAGTCCGTAT-1,CD8 T cells
GTGCTTCCACGACGAA-1,CD4 T cells
GTGCTTCCAGGTCCAC-1,CD14+ Monocytes
GTGCTTCCAGTCTTCC-1,CD4 T cells
GTGCTTCCATAGTAAG-1,CD4 T cells
GTGCTTCGTGATGTCT-1,CD4 T cells
GTGCTTCGTGTTTGGT-1,B cells
GTGCTTCGTGTTTGTG-1,CD8 T cells
GTGCTTCTCAAGCCTA-1,B cells
GTGCTTCTCCCTCTTT-1,CD4 T cells
GTGCTTCTCGTTGACA-1,CD4 T cells
GTGCTTCTCTGGTGTA-1,CD8 T cells
GTGCTTCTCTTGACGA-1,CD4 T cells
GTGGGTCAGAAGATTC-1,Dendritic Cells
GTGGGTCAGCTAGTCT-1,Other
GTGGGTCAGGAGTCTG-1,CD4 T cells
GTGGGTCAGGCGTACA-1,B cells
GTGGGTCCAAGTAGTA-1,CD4 T cells
GTGGGTCCAATCCAAC-1,CD8 T cells
GTGGGTCCAGTATAAG-1,Other
GTGGGTCCATCACGTA-1,CD4 T cells
GTGGGTCGTCAAGCGA-1,CD8 T cells
GTGGGTCGTCACCTAA-1,CD4 T cells
GTGGGTCGTCCAACTA-1,CD14+ Monocytes
GTGGGTCGTCCGAGTC-1,NK cells
GTGGGTCGTGTGGTTT-1,CD14+ Monocytes
GTGGGTCGTGTGTGCC-1,CD4 T cells
GTGGGTCGTTTCGCTC-1,CD4 T cells
GTGGGTCTCATAGCAC-1,CD4 T cells
GTGGGTCTCATATCGG-1,B cells
GTGGGTCTCTACTTAC-1,CD8 T cells
GTGGGTCTCTTTACAC-1,CD8 T cells
GTGTGCGAGACACTAA-1,CD4 T cells
GTGTGCGAGCGACGTA-1,CD14+ Monocytes
GTGTGCGAGCGTGAAC-1,CD14+ Monocytes
GTGTGCGAGCTAAGAT-1,CD4 T cells
GTGTGCGAGGACACCA-1,Other
GTGTGCGAGTCGAGTG-1,FCGR3A+ Monocytes
GTGTGCGAGTCTCCTC-1,B cells
GTGTGCGAGTTTCCTT-1,B cells
GTGTGCGCACGAAATA-1,CD4 T cells
GTGTGCGCAGGATTGG-1,CD8 T cells
GTGTGCGCATCTATGG-1,NK cells
GTGTGCGCATGCCACG-1,Dendritic Cells
GTGTGCGGTACCGCTG-1,B cells
GTGTGCGGTCAGATAA-1,CD4 T cells
GTGTGCGGTCTCCACT-1,Other
GTGTGCGGTTTGTTGG-1,CD14+ Monocytes
GTGTGCGTCGAGGTAG-1,CD4 T cells
GTGTGCGTCGCGATCG-1,CD4 T cells
GTGTGCGTCGTTGCCT-1,CD8 T cells
GTGTGCGTCTGGTTCC-1,CD8 T cells
GTGTTAGAGAATGTGT-1,CD14+ Monocytes
GTGTTAGAGACAGACC-1,FCGR3A+ Monocytes
GTGTTAGAGAGCTGGT-1,CD14+ Monocytes
GTGTTAGAGATAGGAG-1,CD14+ Monocytes
GTGTTAGAGCGGATCA-1,CD4 T cells
GTGTTAGAGGCTCATT-1,CD4 T cells
GTGTTAGAGTGGTAAT-1,CD14+ Monocytes
GTGTTAGCAAATCCGT-1,Other
GTGTTAGCAAGGCTCC-1,CD4 T cells
GTGTTAGCAAGGGTCA-1,CD14+ Monocytes
GTGTTAGCACAGATTC-1,CD4 T cells
GTGTTAGCAGGGCATA-1,CD14+ Monocytes
GTGTTAGCATGCAATC-1,CD4 T cells
GTGTTAGGTACGACCC-1,CD4 T cells
GTGTTAGGTAGAAAGG-1,CD8 T cells
GTGTTAGGTAGCACGA-1,CD4 T cells
GTGTTAGGTCCTCCAT-1,NK cells
GTGTTAGGTGTCAATC-1,CD4 T cells
GTGTTAGGTTGATTGC-1,CD14+ Monocytes
GTGTTAGTCAAACCAC-1,CD8 T cells
GTGTTAGTCGTTGCCT-1,CD8 T cells
GTGTTAGTCTTGAGAC-1,B cells
GTTAAGCAGATGCCTT-1,Other
GTTAAGCAGCCAGAAC-1,CD8 T cells
GTTAAGCAGCCCTAAT-1,CD14+ Monocytes
GTTAAGCCAATAGCGG-1,CD4 T cells
GTTAAGCCACATGGGA-1,CD8 T cells
GTTAAGCCAGCTTCGG-1,CD4 T cells
GTTAAGCCATGGGACA-1,CD4 T cells
GTTAAGCCATTGGTAC-1,CD4 T cells
GTTAAGCGTACCTACA-1,Dendritic Cells
GTTAAGCGTAGATTAG-1,CD14+ Monocytes
GTTAAGCGTATATGAG-1,B cells
GTTAAGCGTCCATGAT-1,CD8 T cells
GTTAAGCGTTCCATGA-1,CD14+ Monocytes
GTTAAGCTCATGGTCA-1,CD4 T cells
GTTAAGCTCCTTAATC-1,CD4 T cells
GTTAAGCTCGTTTAGG-1,Dendritic Cells
GTTACAGAGAAACCAT-1,CD14+ Monocytes
GTTACAGAGCAATATG-1,B cells
GTTACAGAGCCCAGCT-1,CD14+ Monocytes
GTTACAGAGGCGCTCT-1,CD4 T cells
GTTACAGAGTGAAGAG-1,CD4 T cells
GTTACAGCAACCGCCA-1,CD8 T cells
GTTACAGCAAGCCTAT-1,CD8 T cells
GTTACAGCAGGATTGG-1,Other
GTTACAGCATACTACG-1,CD4 T cells
GTTACAGGTAAACACA-1,CD4 T cells
GTTACAGGTAACGACG-1,B cells
GTTACAGGTAGGCTGA-1,CD4 T cells
GTTACAGGTCCAAGTT-1,B cells
GTTACAGGTCCTCTTG-1,CD4 T cells
GTTACAGGTCTCTTTA-1,CD4 T cells
GTTACAGGTCTTCTCG-1,CD4 T cells
GTTACAGGTGTTGAGG-1,CD4 T cells
GTTACAGTCCAGGGCT-1,Other
GTTACAGTCCGAAGAG-1,CD14+ Monocytes
GTTACAGTCGCATGAT-1,CD4 T cells
GTTACAGTCGTCGTTC-1,CD14+ Monocytes
GTTACAGTCTATCCTA-1,CD8 T cells
GTTACAGTCTCACATT-1,CD14+ Monocytes
GTTACAGTCTCCCTGA-1,CD14+ Monocytes
GTTCATTAGCTGATAA-1,CD4 T cells
GTTCATTAGGCTATCT-1,Other
GTTCATTAGGGAAACA-1,B cells
GTTCATTCATCGTCGG-1,CD4 T cells
GTTCATTGTACGAAAT-1,CD4 T cells
GTTCATTGTCCAGTTA-1,CD8 T cells
GTTCATTGTCCGAATT-1,CD4 T cells
GTTCATTGTCTTCAAG-1,B cells
GTTCATTGTTCTGAAC-1,CD4 T cells
GTTCATTTCACAAACC-1,CD14+ Monocytes
GTTCATTTCAGCATGT-1,CD4 T cells
GTTCATTTCCAGTAGT-1,CD4 T cells
GTTCATTTCCCTAACC-1,CD4 T cells
GTTCATTTCTTAACCT-1,Dendritic Cells
GTTCGGGAGCAGCGTA-1,CD4 T cells
GTTCGGGAGCCATCGC-1,FCGR3A+ Monocytes
GTTCGGGAGCGGATCA-1,CD4 T cells
GTTCGGGAGGAGTTGC-1,B cells
GTTCGGGAGTAAGTAC-1,Other
GTTCGGGCAAGGACAC-1,CD4 T cells
GTTCGGGCACCAGCAC-1,CD8 T cells
GTTCGGGCACCTCGTT-1,CD4 T cells
GTTCGGGCAGATTGCT-1,CD14+ Monocytes
GTTCGGGCATAACCTG-1,FCGR3A+ Monocytes
GTTCGGGGTAGCGTGA-1,CD8 T cells
GTTCGGGGTCTTCGTC-1,CD14+ Monocytes
GTTCGGGGTGAGGCTA-1,CD14+ Monocytes
GTTCGGGTCAGTTAGC-1,B cells
GTTCTCGAGCGTAATA-1,CD4 T cells
GTTCTCGAGCTTCGCG-1,CD8 T cells
GTTCTCGAGGACCACA-1,CD4 T cells
GTTCTCGAGGGTTTCT-1,CD14+ Monocytes
GTTCTCGAGTCTCAAC-1,NK cells
GTTCTCGAGTGAATTG-1,CD14+ Monocytes
GTTCTCGCACAGATTC-1,CD4 T cells
GTTCTCGCACCGTTGG-1,CD4 T cells
GTTCTCGCAGCCACCA-1,CD4 T cells
GTTCTCGCAGGGTTAG-1,CD4 T cells
GTTCTCGGTGAACCTT-1,B cells
GTTCTCGGTGATAAAC-1,CD4 T cells
GTTCTCGGTGCAACTT-1,Dendritic Cells
GTTCTCGGTTAGAACA-1,CD4 T cells
GTTCTCGTCAGCCTAA-1,CD8 T cells
GTTCTCGTCCGAGCCA-1,CD4 T cells
GTTCTCGTCTGCCCTA-1,CD4 T cells
GTTCTCGTCTTAGCCC-1,CD4 T cells
GTTTCTAAGAGACTTA-1,CD8 T cells
GTTTCTAAGGAGTCTG-1,CD14+ Monocytes
GTTTCTAAGGATATAC-1,CD8 T cells
GTTTCTAAGGTGATTA-1,Other
GTTTCTAAGTCCTCCT-1,CD4 T cells
GTTTCTAAGTGTCCCG-1,CD4 T cells
GTTTCTACACCAGGTC-1,CD4 T cells
GTTTCTACACGAGGTA-1,CD8 T cells
GTTTCTACAGCTATTG-1,CD4 T cells
GTTTCTAGTAACGACG-1,CD4 T cells
GTTTCTAGTCTTGTCC-1,Dendritic Cells
GTTTCTAGTTCGGCAC-1,CD14+ Monocytes
GTTTCTATCCTTTCTC-1,B cells
GTTTCTATCGATGAGG-1,Megakaryocytes
GTTTCTATCGTAGATC-1,B cells
GTTTCTATCTCAAACG-1,Other
GTTTCTATCTGGAGCC-1,CD4 T cells
GTTTCTATCTTAGCCC-1,CD4 T cells
TAAACCGAGAAACCTA-1,CD4 T cells
TAAACCGAGAGGACGG-1,CD14+ Monocytes
TAAACCGAGCGTGAGT-1,CD8 T cells
TAAACCGCAAGTAGTA-1,CD4 T cells
TAAACCGCAGCTCGAC-1,CD8 T cells
TAAACCGCATGTCTCC-1,CD8 T cells
TAAACCGGTCGTGGCT-1,CD14+ Monocytes
TAAACCGGTCTAGCCG-1,CD4 T cells
TAAACCGGTGTGCGTC-1,NK cells
TAAACCGGTGTTAAGA-1,CD4 T cells
TAAACCGGTTCCACGG-1,NK cells
TAAACCGTCAGAGGTG-1,CD4 T cells
TAAACCGTCATCGGAT-1,CD4 T cells
TAAACCGTCCTCTAGC-1,B cells
TAAGAGAAGACCGGAT-1,CD14+ Monocytes
TAAGAGAAGCTGAACG-1,CD8 T cells
TAAGAGAAGGCGATAC-1,CD8 T cells
TAAGAGACAAGAGGCT-1,CD4 T cells
TAAGAGACAATCGGTT-1,CD4 T cells
TAAGAGACACCACGTG-1,CD4 T cells
TAAGAGACACGTTGGC-1,B cells
TAAGAGACAGGCGATA-1,CD4 T cells
TAAGAGACAGGGCATA-1,Dendritic Cells
TAAGAGACAGGTTTCA-1,CD4 T cells
TAAGAGACATCATCCC-1,CD4 T cells
TAAGAGACATGACGGA-1,CD4 T cells
TAAGAGAGTCTTCGTC-1,CD4 T cells
TAAGAGATCAAAGTAG-1,FCGR3A+ Monocytes
TAAGAGATCATAGCAC-1,CD14+ Monocytes
TAAGAGATCGCGCCAA-1,NK cells
TAAGAGATCTGCGGCA-1,NK cells
TAAGAGATCTTGCATT-1,CD14+ Monocytes
TAAGAGATCTTTACGT-1,B cells
TAAGCGTAGATAGCAT-1,Megakaryocytes
TAAGCGTAGGAGTTTA-1,B cells
TAAGCGTAGGATGGTC-1,NK cells
TAAGCGTCAACTTGAC-1,B cells
TAAGCGTCAGATTGCT-1,NK cells
TAAGCGTCAGCTGCAC-1,CD14+ Monocytes
TAAGCGTCATCGATGT-1,CD14+ Monocytes
TAAGCGTCATGGGAAC-1,CD14+ Monocytes
TAAGCGTGTACGACCC-1,CD14+ Monocytes
TAAGCGTGTCAGCTAT-1,CD14+ Monocytes
TAAGCGTGTGAGGGTT-1,CD14+ Monocytes
TAAGCGTGTGCCTGGT-1,CD4 T cells
TAAGCGTTCACTCCTG-1,CD4 T cells
TAAGCGTTCAGCATGT-1,CD14+ Monocytes
TAAGCGTTCGTCACGG-1,CD4 T cells
TAAGTGCAGACACTAA-1,CD4 T cells
TAAGTGCAGCGTTTAC-1,CD14+ Monocytes
TAAGTGCAGGACGAAA-1,CD4 T cells
TAAGTGCCAACTGGCC-1,B cells
TAAGTGCCAATGACCT-1,CD4 T cells
TAAGTGCCACGGTAAG-1,CD14+ Monocytes
TAAGTGCCATGACGGA-1,B cells
TAAGTGCGTCGAGATG-1,CD4 T cells
TAAGTGCGTCTGGTCG-1,CD4 T cells
TAAGTGCTCACCCGAG-1,CD4 T cells
TAAGTGCTCAGTTTGG-1,B cells
TAAGTGCTCGTACCGG-1,CD4 T cells
TAAGTGCTCTACTCAT-1,CD4 T cells
TACACGAAGACACGAC-1,B cells
TACACGAAGCAGACTG-1,CD4 T cells
TACACGAAGCCGGTAA-1,NK cells
TACACGAAGCTAGTCT-1,CD14+ Monocytes
TACACGACAAGTAATG-1,Other
TACACGACATCACGTA-1,B cells
TACACGACATGTTCCC-1,CD4 T cells
TACACGAGTAAGAGGA-1,CD14+ Monocytes
TACACGAGTCTCACCT-1,CD14+ Monocytes
TACACGAGTGATGATA-1,CD4 T cells
TACACGAGTGTCGCTG-1,CD4 T cells
TACACGATCAAACAAG-1,CD14+ Monocytes
TACACGATCATCTGCC-1,CD4 T cells
TACACGATCTAACCGA-1,CD4 T cells
TACAGTGAGCCAGAAC-1,B cells
TACAGTGAGGACGAAA-1,CD4 T cells
TACAGTGAGGGAAACA-1,CD8 T cells
TACAGTGCACACCGAC-1,CD8 T cells
TACAGTGCACGTGAGA-1,CD4 T cells
TACAGTGCATCCGCGA-1,CD4 T cells
TACAGTGTCACATGCA-1,FCGR3A+ Monocytes
TACAGTGTCATATCGG-1,Other
TACAGTGTCATCGGAT-1,CD14+ Monocytes
TACAGTGTCCAACCAA-1,CD4 T cells
TACAGTGTCTTTAGGG-1,CD14+ Monocytes
TACCTATAGAAGGCCT-1,CD8 T cells
TACCTATAGAGGGCTT-1,CD4 T cells
TACCTATAGCTTATCG-1,CD4 T cells
TACCTATCAATGGAGC-1,CD4 T cells
TACCTATGTAAGTAGT-1,CD8 T cells
TACCTATGTATCAGTC-1,FCGR3A+ Monocytes
TACCTATGTCCGAGTC-1,CD14+ Monocytes
TACCTATGTGCAGACA-1,Dendritic Cells
TACCTATGTTCAGCGC-1,Dendritic Cells
TACCTATGTTGCTCCT-1,CD14+ Monocytes
TACCTATTCTTCATGT-1,CD4 T cells
TACCTATTCTTGAGGT-1,Other
TACCTTAAGAAGAAGC-1,CD4 T cells
TACCTTAAGACAGGCT-1,CD4 T cells
TACCTTAAGACCACGA-1,CD14+ Monocytes
TACCTTAAGATGCCTT-1,CD8 T cells
TACCTTAAGCAGACTG-1,CD4 T cells
TACCTTAAGCGCCTTG-1,CD4 T cells
TACCTTAAGGTGCAAC-1,CD4 T cells
TACCTTACAAGGCTCC-1,B cells
TACCTTACACAGATTC-1,CD8 T cells
TACCTTACATACAGCT-1,CD14+ Monocytes
TACCTTACATCACAAC-1,B cells
TACCTTAGTACGACCC-1,B cells
TACCTTAGTCTCACCT-1,B cells
TACCTTAGTGTCCTCT-1,CD4 T cells
TACCTTAGTTCGCTAA-1,B cells
TACCTTATCAACACAC-1,FCGR3A+ Monocytes
TACCTTATCACCGGGT-1,B cells
TACCTTATCACTTCAT-1,Other
TACCTTATCCAAAGTC-1,CD14+ Monocytes
TACCTTATCCAATGGT-1,B cells
TACCTTATCGAATCCA-1,CD14+ Monocytes
TACCTTATCGAGAACG-1,CD8 T cells
TACCTTATCGCCATAA-1,CD8 T cells
TACCTTATCTAACGGT-1,CD8 T cells
TACGGATAGCCCAACC-1,FCGR3A+ Monocytes
TACGGATAGGCTCAGA-1,CD14+ Monocytes
TACGGATAGTAACCCT-1,CD14+ Monocytes
TACGGATAGTCTCAAC-1,Dendritic Cells
TACGGATAGTGCCATT-1,Dendritic Cells
TACGGATCAAGTTGTC-1,CD8 T cells
TACGGATCAATCAGAA-1,CD8 T cells
TACGGATCACGGCCAT-1,NK cells
TACGGATCATGTAGTC-1,CD14+ Monocytes
TACGGATGTAAGTAGT-1,CD4 T cells
TACGGATGTGCTCTTC-1,CD4 T cells
TACGGATGTTCTGAAC-1,CD4 T cells
TACGGATGTTTGGCGC-1,CD8 T cells
TACGGATTCACAAACC-1,CD4 T cells
TACGGATTCACTTACT-1,CD4 T cells
TACGGATTCCGCGGTA-1,FCGR3A+ Monocytes
TACGGATTCCGTCATC-1,CD14+ Monocytes
TACGGGCAGCACACAG-1,CD14+ Monocytes
TACGGGCCAATCACAC-1,CD4 T cells
TACGGGCCACGTCAGC-1,Dendritic Cells
TACGGGCCAGATAATG-1,B cells
TACGGGCCAGCGTTCG-1,CD14+ Monocytes
TACGGGCCATAGTAAG-1,CD4 T cells
TACGGGCGTAGAGTGC-1,CD14+ Monocytes
TACGGGCGTCTCACCT-1,NK cells
TACGGGCGTCTGGAGA-1,FCGR3A+ Monocytes
TACGGGCGTGATAAAC-1,Dendritic Cells
TACGGGCGTTATCCGA-1,NK cells
TACGGTAAGAAACCTA-1,CD14+ Monocytes
TACGGTAAGAGTACCG-1,CD4 T cells
TACGGTAAGCCCTAAT-1,B cells
TACGGTAAGGCATGGT-1,NK cells
TACGGTAAGTGGGTTG-1,CD8 T cells
TACGGTACACATGGGA-1,CD4 T cells
TACGGTACAGCGATCC-1,CD8 T cells
TACGGTACATACTCTT-1,B cells
TACGGTAGTCGGCACT-1,CD4 T cells
TACGGTAGTGTGGCTC-1,CD4 T cells
TACGGTAGTTCACGGC-1,B cells
TACGGTATCAGCAACT-1,CD4 T cells
TACTCATAGAATTGTG-1,CD14+ Monocytes
TACTCATAGTACGACG-1,CD4 T cells
TACTCATCAAACCTAC-1,B cells
TACTCATCAATGTTGC-1,CD14+ Monocytes
TACTCATCAGGTCTCG-1,B cells
TACTCATCATATACGC-1,B cells
TACTCATCATGTCTCC-1,CD4 T cells
TACTCATCATTTGCCC-1,NK cells
TACTCATGTAGGCTGA-1,CD4 T cells
TACTCATGTCAGCTAT-1,CD8 T cells
TACTCATGTCATGCAT-1,CD8 T cells
TACTCATGTGAAGGCT-1,CD14+ Monocytes
TACTCATGTTATGCGT-1,CD8 T cells
TACTCATTCAACGGCC-1,CD4 T cells
TACTCATTCAGGTTCA-1,CD8 T cells
TACTCATTCATTTGGG-1,CD8 T cells
TACTCATTCCACGAAT-1,B cells
TACTCATTCCGTCAAA-1,CD14+ Monocytes
TACTCATTCGCCATAA-1,Other
TACTCATTCGGTTCGG-1,CD14+ Monocytes
TACTCATTCTCCCTGA-1,CD14+ Monocytes
TACTCGCAGAATTCCC-1,CD4 T cells
TACTCGCAGCTCCCAG-1,Other
TACTCGCAGGCCCTTG-1,NK cells
TACTCGCAGTGTTTGC-1,CD14+ Monocytes
TACTCGCCAAGGTTTC-1,CD8 T cells
TACTCGCCAAGTTAAG-1,CD4 T cells
TACTCGCCACTATCTT-1,CD4 T cells
TACTCGCCAGGCAGTA-1,B cells
TACTCGCGTACCTACA-1,CD4 T cells
TACTCGCGTAGCACGA-1,CD14+ Monocytes
TACTCGCGTCATTAGC-1,CD4 T cells
TACTCGCGTGTAAGTA-1,CD14+ Monocytes
TACTCGCGTGTCTGAT-1,CD4 T cells
TACTCGCGTGTTAAGA-1,FCGR3A+ Monocytes
TACTCGCGTTGAGGTG-1,CD14+ Monocytes
TACTCGCTCGTTACAG-1,FCGR3A+ Monocytes
TACTCGCTCTCGGACG-1,CD4 T cells
TACTTACAGAAACGAG-1,CD8 T cells
TACTTACAGAAGGTGA-1,CD4 T cells
TACTTACAGCTACCTA-1,CD14+ Monocytes
TACTTACAGGGATCTG-1,CD4 T cells
TACTTACAGGTACTCT-1,CD4 T cells
TACTTACAGGTCGGAT-1,CD4 T cells
TACTTACAGTAGTGCG-1,B cells
TACTTACCAATGGTCT-1,CD4 T cells
TACTTACCACAAGACG-1,CD14+ Monocytes
TACTTACCACCACCAG-1,B cells
TACTTACCACCCATTC-1,NK cells
TACTTACCAGCTGCAC-1,CD14+ Monocytes
TACTTACCATGGGAAC-1,FCGR3A+ Monocytes
TACTTACCATTGGGCC-1,CD14+ Monocytes
TACTTACGTATGAAAC-1,B cells
TACTTACGTTCGGGCT-1,B cells
TACTTACGTTGGAGGT-1,CD4 T cells
TACTTACTCCCTGACT-1,CD4 T cells
TACTTACTCGATAGAA-1,CD14+ Monocytes
TACTTGTAGTCTTGCA-1,CD8 T cells
TACTTGTCACTTCTGC-1,Other
TACTTGTCAGTAGAGC-1,CD14+ Monocytes
TACTTGTCATACAGCT-1,CD4 T cells
TACTTGTCATCAGTCA-1,Other
TACTTGTCATCCGGGT-1,B cells
TACTTGTGTATTCTCT-1,CD8 T cells
TACTTGTGTCGAAAGC-1,CD4 T cells
TACTTGTGTCGCGGTT-1,CD4 T cells
TACTTGTGTGACGCCT-1,CD4 T cells
TACTTGTGTGTGGCTC-1,FCGR3A+ Monocytes
TACTTGTGTTAAGATG-1,CD14+ Monocytes
TACTTGTGTTAAGGGC-1,FCGR3A+ Monocytes
TACTTGTGTTCCACGG-1,CD4 T cells
TACTTGTGTTCTGAAC-1,CD14+ Monocytes
TACTTGTTCACGCGGT-1,B cells
TACTTGTTCCGAAGAG-1,CD4 T cells
TACTTGTTCCTAGAAC-1,B cells
TACTTGTTCCTCCTAG-1,NK cells
TACTTGTTCCTTGGTC-1,CD14+ Monocytes
TACTTGTTCGAGAGCA-1,CD4 T cells
TACTTGTTCTCGTATT-1,CD4 T cells
TACTTGTTCTGCCAGG-1,CD4 T cells
TAGACCAAGCAAATCA-1,CD4 T cells
TAGACCAAGCCCTAAT-1,CD4 T cells
TAGACCAAGGGCACTA-1,CD4 T cells
TAGACCAAGGTGCACA-1,FCGR3A+ Monocytes
TAGACCAAGTACGCGA-1,Dendritic Cells
TAGACCACACGGTGTC-1,NK cells
TAGACCAGTAAGCACG-1,Other
TAGACCAGTACAGTGG-1,FCGR3A+ Monocytes
TAGACCAGTACCGCTG-1,CD14+ Monocytes
TAGACCAGTCAACATC-1,CD4 T cells
TAGACCAGTCCGAACC-1,CD8 T cells
TAGACCAGTCGCATAT-1,NK cells
TAGACCAGTCGGGTCT-1,Other
TAGACCAGTCTCTTAT-1,CD14+ Monocytes
TAGACCAGTCTGATTG-1,Other
TAGACCAGTGCAGGTA-1,Dendritic Cells
TAGACCAGTGGCAAAC-1,CD8 T cells
TAGACCATCATGTGGT-1,CD14+ Monocytes
TAGACCATCCCGACTT-1,CD14+ Monocytes
TAGAGCTAGAATTGTG-1,Dendritic Cells
TAGAGCTAGAGCCTAG-1,CD14+ Monocytes
TAGAGCTAGCACACAG-1,B cells
TAGAGCTAGCCACGCT-1,CD4 T cells
TAGAGCTAGCCACGTC-1,Other
TAGAGCTAGCTACCGC-1,CD14+ Monocytes
TAGAGCTAGTGTCCAT-1,CD14+ Monocytes
TAGAGCTCAAGTCTGT-1,CD14+ Monocytes
TAGAGCTCACTTAACG-1,CD4 T cells
TAGAGCTCAGCGTAAG-1,CD14+ Monocytes
TAGAGCTCATGGTAGG-1,CD8 T cells
TAGAGCTGTAAGGATT-1,CD4 T cells
TAGAGCTGTCGTCTTC-1,CD8 T cells
TAGCCGGAGCTGATAA-1,CD4 T cells
TAGCCGGAGTAATCCC-1,CD8 T cells
TAGCCGGCAAGACACG-1,CD8 T cells
TAGCCGGCACCACCAG-1,CD4 T cells
TAGCCGGGTAGAGTGC-1,B cells
TAGCCGGGTGAGGCTA-1,CD14+ Monocytes
TAGCCGGGTGTGAAAT-1,CD8 T cells
TAGCCGGTCAACACGT-1,CD14+ Monocytes
TAGCCGGTCTGTACGA-1,B cells
TAGGCATAGCACACAG-1,NK cells
TAGGCATAGCCCGAAA-1,B cells
TAGGCATAGGTGCACA-1,Other
TAGGCATAGTCAAGGC-1,CD8 T cells
TAGGCATAGTGTCTCA-1,CD8 T cells
TAGGCATCAAAGGCGT-1,CD8 T cells
TAGGCATCACATCCAA-1,CD4 T cells
TAGGCATCACATGACT-1,FCGR3A+ Monocytes
TAGGCATCATCAGTCA-1,CD4 T cells
TAGGCATGTACATCCA-1,B cells
TAGGCATGTCATGCAT-1,CD8 T cells
TAGGCATGTCGGCACT-1,Megakaryocytes
TAGGCATGTGACAAAT-1,CD4 T cells
TAGGCATTCAAAGACA-1,CD14+ Monocytes
TAGGCATTCACGACTA-1,CD14+ Monocytes
TAGGCATTCACTCCTG-1,FCGR3A+ Monocytes
TAGGCATTCCGAAGAG-1,Dendritic Cells
TAGGCATTCCGCAGTG-1,CD4 T cells
TAGGCATTCCTTGACC-1,Megakaryocytes
TAGGCATTCTGTCTCG-1,Megakaryocytes
TAGTGGTAGAGTACAT-1,CD4 T cells
TAGTGGTAGCAGACTG-1,CD4 T cells
TAGTGGTAGTGGAGTC-1,CD4 T cells
TAGTGGTAGTTACGGG-1,CD4 T cells
TAGTGGTCACGCCAGT-1,Other
TAGTGGTCAGCGATCC-1,CD14+ Monocytes
TAGTGGTCAGCTGCTG-1,CD4 T cells
TAGTGGTCATGTAGTC-1,Other
TAGTGGTGTCATATGC-1,CD14+ Monocytes
TAGTGGTGTCCAACTA-1,CD4 T cells
TAGTGGTGTGCATCTA-1,CD4 T cells
TAGTGGTTCACATAGC-1,CD4 T cells
TAGTGGTTCCGCGTTT-1,CD4 T cells
TAGTGGTTCCGTACAA-1,CD4 T cells
TAGTGGTTCTCGGACG-1,CD14+ Monocytes
TAGTTGGAGAAACCTA-1,B cells
TAGTTGGAGACTGGGT-1,B cells
TAGTTGGAGAGCCTAG-1,CD4 T cells
TAGTTGGAGATCACGG-1,B cells
TAGTTGGAGATGTCGG-1,CD8 T cells
TAGTTGGAGTGAATTG-1,CD8 T cells
TAGTTGGCACATAACC-1,CD8 T cells
TAGTTGGCACGAAAGC-1,CD4 T cells
TAGTTGGCAGCAGTTT-1,B cells
TAGTTGGCATCTCGCT-1,Other
TAGTTGGGTACAGCAG-1,B cells
TAGTTGGGTATCAGTC-1,CD8 T cells
TAGTTGGGTTACGTCA-1,CD8 T cells
TAGTTGGGTTCAGACT-1,Other
TAGTTGGGTTGGTGGA-1,CD4 T cells
TAGTTGGTCCAGATCA-1,CD4 T cells
TAGTTGGTCTCAACTT-1,CD8 T cells
TAGTTGGTCTGACCTC-1,FCGR3A+ Monocytes
TATCAGGAGAAAGTGG-1,CD4 T cells
TATCAGGAGATCTGAA-1,CD14+ Monocytes
TATCAGGCAACTTGAC-1,CD4 T cells
TATCAGGCAAGGTTTC-1,B cells
TATCAGGCAGGATCGA-1,CD4 T cells
TATCAGGCATCCGCGA-1,CD4 T cells
TATCAGGGTAATCGTC-1,CD14+ Monocytes
TATCAGGGTATATGAG-1,CD4 T cells
TATCAGGGTCCGTTAA-1,CD14+ Monocytes
TATCAGGGTCTCAACA-1,B cells
TATCAGGGTTCAACCA-1,CD4 T cells
TATCAGGTCCCGGATG-1,CD14+ Monocytes
TATCAGGTCGAGAGCA-1,CD14+ Monocytes
TATCAGGTCGGCATCG-1,CD8 T cells
TATCTCAAGCAGCCTC-1,CD4 T cells
TATCTCAAGCGTCTAT-1,B cells
TATCTCACAGATGGGT-1,CD4 T cells
TATCTCACATCGGAAG-1,Dendritic Cells
TATCTCACATGCGCAC-1,CD14+ Monocytes
TATCTCACATGCTAGT-1,B cells
TATCTCAGTAAGGGAA-1,CD8 T cells
TATCTCAGTAGAGCTG-1,CD8 T cells
TATCTCAGTCGCATAT-1,CD4 T cells
TATCTCATCCACTGGG-1,Dendritic Cells
TATCTCATCCCTCAGT-1,B cells
TATCTCATCCTATTCA-1,CD8 T cells
TATGCCCAGACACGAC-1,CD4 T cells
TATGCCCAGACGCAAC-1,CD4 T cells
TATGCCCAGATGTAAC-1,CD4 T cells
TATGCCCAGTATGACA-1,B cells
TATGCCCCACGGCTAC-1,NK cells
TATGCCCCATGTAGTC-1,CD14+ Monocytes
TATGCCCTCAACACCA-1,CD14+ Monocytes
TATGCCCTCAGGATCT-1,CD8 T cells
TATGCCCTCTCATTCA-1,Dendritic Cells
TATTACCAGCCAGAAC-1,CD8 T cells
TATTACCAGCCCAACC-1,CD4 T cells
TATTACCAGGATTCGG-1,CD4 T cells
TATTACCAGGCAGTCA-1,CD4 T cells
TATTACCAGGTGTTAA-1,NK cells
TATTACCAGTCAAGGC-1,CD8 T cells
TATTACCCAAGCTGAG-1,CD4 T cells
TATTACCCAATAGCGG-1,Other
TATTACCCACAAGTAA-1,CD8 T cells
TATTACCCACGAGAGT-1,CD14+ Monocytes
TATTACCCAGCGAACA-1,NK cells
TATTACCCATATACGC-1,CD4 T cells
TATTACCCATGTAGTC-1,CD8 T cells
TATTACCCATGTCCTC-1,CD4 T cells
TATTACCGTACTCAAC-1,CD14+ Monocytes
TATTACCGTTAGGGTG-1,CD8 T cells
TATTACCGTTGTTTGG-1,CD14+ Monocytes
TATTACCTCACTTCAT-1,CD4 T cells
TATTACCTCGGAATCT-1,CD14+ Monocytes
TCAACGAAGAACAATC-1,CD4 T cells
TCAACGAAGCGGCTTC-1,B cells
TCAACGAAGCTCTCGG-1,Other
TCAACGAAGGTTACCT-1,CD8 T cells
TCAACGAAGTCAAGGC-1,CD14+ Monocytes
TCAACGACAGTGACAG-1,FCGR3A+ Monocytes
TCAACGAGTAGAGCTG-1,CD14+ Monocytes
TCAACGAGTCATATGC-1,CD14+ Monocytes
TCAACGAGTGCAGACA-1,Other
TCAACGAGTGCCTTGG-1,CD4 T cells
TCAACGAGTGCTAGCC-1,CD14+ Monocytes
TCAACGAGTGTTCGAT-1,CD14+ Monocytes
TCAACGAGTTCTGGTA-1,CD14+ Monocytes
TCAACGAGTTGGACCC-1,CD14+ Monocytes
TCAACGATCAGTGTTG-1,CD4 T cells
TCAACGATCATGTCCC-1,CD4 T cells
TCAACGATCTGGAGCC-1,FCGR3A+ Monocytes
TCAACGATCTGGTATG-1,CD8 T cells
TCAATCTAGAAGAAGC-1,CD14+ Monocytes
TCAATCTAGATAGTCA-1,CD4 T cells
TCAATCTAGCACCGTC-1,CD14+ Monocytes
TCAATCTAGCCTTGAT-1,CD4 T cells
TCAATCTCAACGCACC-1,CD14+ Monocytes
TCAATCTCAAGCGATG-1,B cells
TCAATCTCAATCAGAA-1,B cells
TCAATCTCAGACAAGC-1,B cells
TCAATCTCAGCTGCAC-1,CD14+ Monocytes
TCAATCTCATCCTAGA-1,CD4 T cells
TCAATCTGTAAACGCG-1,CD4 T cells
TCAATCTGTCATCGGC-1,B cells
TCAATCTGTGAAGGCT-1,CD4 T cells
TCAATCTGTTCCGTCT-1,CD4 T cells
TCAATCTGTTGAGTTC-1,CD14+ Monocytes
TCAATCTTCAACGGGA-1,CD4 T cells
TCAATCTTCACCACCT-1,Other
TCAATCTTCCGAAGAG-1,CD14+ Monocytes
TCAATCTTCTCACATT-1,CD4 T cells
TCACAAGAGAAAGTGG-1,CD14+ Monocytes
TCACAAGAGTCGCCGT-1,CD8 T cells
TCACAAGCAATTCCTT-1,CD14+ Monocytes
TCACAAGCACAACGTT-1,CD4 T cells
TCACAAGCACGAAAGC-1,CD14+ Monocytes
TCACAAGCAGCGTAAG-1,CD4 T cells
TCACAAGCAGTATGCT-1,CD8 T cells
TCACAAGCATGGATGG-1,CD14+ Monocytes
TCACAAGCATTAGGCT-1,Other
TCACAAGGTATAGGTA-1,B cells
TCACAAGGTCGCATCG-1,CD4 T cells
TCACAAGGTGACTCAT-1,FCGR3A+ Monocytes
TCACAAGGTGCTAGCC-1,CD4 T cells
TCACAAGGTTACAGAA-1,CD4 T cells
TCACAAGGTTGACGTT-1,CD8 T cells
TCACAAGTCAAGAAGT-1,CD14+ Monocytes
TCACAAGTCAAGATCC-1,CD8 T cells
TCACAAGTCAATACCG-1,CD4 T cells
TCACAAGTCACATAGC-1,Other
TCACAAGTCCTCATTA-1,Other
TCACAAGTCGGAAACG-1,B cells
TCACGAAAGATCACGG-1,CD14+ Monocytes
TCACGAAAGATCTGCT-1,CD4 T cells
TCACGAAAGCGTCTAT-1,CD4 T cells
TCACGAAAGCTATGCT-1,CD8 T cells
TCACGAAAGGCTCTTA-1,CD8 T cells
TCACGAAAGGTCGGAT-1,B cells
TCACGAACAAGTCATC-1,CD4 T cells
TCACGAACATGCATGT-1,B cells
TCACGAACATGGTCTA-1,CD8 T cells
TCACGAACATGTAAGA-1,CD4 T cells
TCACGAAGTCGAATCT-1,CD8 T cells
TCACGAAGTTCCCTTG-1,B cells
TCACGAATCAAGGTAA-1,CD4 T cells
TCACGAATCGAATCCA-1,B cells
TCACGAATCTAGAGTC-1,B cells
TCAGATGAGCCGATTT-1,Dendritic Cells
TCAGATGAGGAACTGC-1,CD4 T cells
TCAGATGAGGCATTGG-1,CD4 T cells
TCAGATGAGTGAAGAG-1,CD14+ Monocytes
TCAGATGCACGCGAAA-1,CD14+ Monocytes
TCAGATGCACTCAGGC-1,B cells
TCAGATGCAGATTGCT-1,CD4 T cells
TCAGATGCAGGCTGAA-1,CD4 T cells
TCAGATGGTAGCGTCC-1,CD8 T cells
TCAGATGGTATATGAG-1,Megakaryocytes
TCAGATGGTCATATGC-1,CD8 T cells
TCAGATGGTTAGTGGG-1,CD4 T cells
TCAGATGGTTCCCGAG-1,Dendritic Cells
TCAGATGTCTATCGCC-1,B cells
TCAGCAAAGAGCCTAG-1,B cells
TCAGCAAAGCCCAGCT-1,CD4 T cells
TCAGCAAAGGGAGTAA-1,CD4 T cells
TCAGCAAAGTGGGCTA-1,FCGR3A+ Monocytes
TCAGCAACAGCATACT-1,CD4 T cells
TCAGCAACAGCTGTAT-1,B cells
TCAGCAAGTACGCTGC-1,B cells
TCAGCAAGTCTAGAGG-1,CD4 T cells
TCAGCAAGTGGGTCAA-1,Other
TCAGCAAGTTACGACT-1,CD4 T cells
TCAGCAATCAGGATCT-1,CD14+ Monocytes
TCAGCAATCATAAAGG-1,CD14+ Monocytes
TCAGCTCAGACCCACC-1,CD4 T cells
TCAGCTCAGCGATGAC-1,CD4 T cells
TCAGCTCAGGCCCGTT-1,CD4 T cells
TCAGCTCCACAAGCCC-1,CD4 T cells
TCAGCTCCAGACAAAT-1,CD8 T cells
TCAGCTCCAGTAACGG-1,B cells
TCAGCTCCATCGGGTC-1,Other
TCAGCTCCATGCATGT-1,CD4 T cells
TCAGCTCCATTCCTGC-1,CD4 T cells
TCAGCTCGTACAGTTC-1,NK cells
TCAGCTCGTACGACCC-1,CD4 T cells
TCAGCTCGTACGCTGC-1,CD4 T cells
TCAGCTCGTCAGATAA-1,NK cells
TCAGCTCGTCTCCATC-1,CD4 T cells
TCAGCTCGTTCGGCAC-1,CD14+ Monocytes
TCAGCTCGTTGCCTCT-1,NK cells
TCAGCTCGTTTGACTG-1,CD4 T cells
TCAGCTCTCACCGGGT-1,B cells
TCAGCTCTCAGAAATG-1,CD8 T cells
TCAGCTCTCAGTTCGA-1,CD4 T cells
TCAGCTCTCCGTAGTA-1,Other
TCAGCTCTCCTGCAGG-1,Dendritic Cells
TCAGCTCTCGTTACGA-1,CD8 T cells
TCAGCTCTCTGAAAGA-1,CD4 T cells
TCAGGATAGAGTTGGC-1,CD4 T cells
TCAGGATAGATCTGAA-1,CD8 T cells
TCAGGATAGCAGGCTA-1,NK cells
TCAGGATAGCTAGCCC-1,B cells
TCAGGATAGGACCACA-1,CD14+ Monocytes
TCAGGATAGGATGTAT-1,Other
TCAGGATAGGTGGGTT-1,CD4 T cells
TCAGGATAGTCCTCCT-1,CD14+ Monocytes
TCAGGATAGTGGGATC-1,B cells
TCAGGATCAAGCGATG-1,CD4 T cells
TCAGGATCAAGGTTTC-1,CD14+ Monocytes
TCAGGATCAGTCTTCC-1,B cells
TCAGGATCATCATCCC-1,CD8 T cells
TCAGGATCATGGTTGT-1,CD14+ Monocytes
TCAGGATGTACCTACA-1,B cells
TCAGGATGTCTCTTTA-1,CD14+ Monocytes
TCAGGATGTCTTGTCC-1,CD4 T cells
TCAGGATTCAGTGTTG-1,NK cells
TCAGGTAAGCACACAG-1,CD14+ Monocytes
TCAGGTAAGCGCTTAT-1,CD4 T cells
TCAGGTACAAGCCGTC-1,FCGR3A+ Monocytes
TCAGGTACAAGCGATG-1,CD4 T cells
TCAGGTACACATGGGA-1,B cells
TCAGGTAGTAATCGTC-1,CD4 T cells
TCAGGTAGTCGAACAG-1,CD8 T cells
TCAGGTAGTCTTGTCC-1,CD8 T cells
TCAGGTAGTTCGTGAT-1,CD4 T cells
TCAGGTAGTTGTTTGG-1,CD4 T cells
TCAGGTATCAAGGTAA-1,CD4 T cells
TCAGGTATCAGCTCGG-1,B cells
TCAGGTATCATCTGTT-1,CD4 T cells
TCAGGTATCCTCGCAT-1,Dendritic Cells
TCAGGTATCGGCGCAT-1,B cells
TCAGGTATCTACCTGC-1,CD4 T cells
TCAGGTATCTGTGCAA-1,CD8 T cells
TCAGGTATCTTGACGA-1,CD14+ Monocytes
TCAGGTATCTTTACGT-1,CD4 T cells
TCATTACAGTGTGGCA-1,B cells
TCATTACAGTTACGGG-1,FCGR3A+ Monocytes
TCATTACCATGTAAGA-1,CD14+ Monocytes
TCATTACGTAAAGTCA-1,B cells
TCATTACGTCGACTGC-1,CD8 T cells
TCATTACGTCGTCTTC-1,CD14+ Monocytes
TCATTACGTTACGTCA-1,CD4 T cells
TCATTACGTTATCCGA-1,CD8 T cells
TCATTACTCACTTATC-1,FCGR3A+ Monocytes
TCATTACTCATTGCCC-1,CD4 T cells
TCATTACTCCCTTGTG-1,CD4 T cells
TCATTACTCGACAGCC-1,B cells
TCATTTGAGATGAGAG-1,FCGR3A+ Monocytes
TCATTTGAGCTCCTCT-1,CD14+ Monocytes
TCATTTGAGGATGTAT-1,CD14+ Monocytes
TCATTTGAGTGTACTC-1,CD4 T cells
TCATTTGCACGCTTTC-1,B cells
TCATTTGCACTGTCGG-1,NK cells
TCATTTGCAGAGCCAA-1,CD4 T cells
TCATTTGCATTTGCCC-1,CD4 T cells
TCATTTGGTAAGTAGT-1,CD4 T cells
TCATTTGGTCCCTTGT-1,CD4 T cells
TCATTTGGTCTAGCCG-1,CD4 T cells
TCATTTGGTGAACCTT-1,CD4 T cells
TCATTTGGTGAGGCTA-1,B cells
TCATTTGGTGATAAAC-1,CD4 T cells
TCATTTGTCGTTGACA-1,B cells
TCATTTGTCTACTATC-1,B cells
TCATTTGTCTTTACGT-1,CD4 T cells
TCCACACAGCGATAGC-1,CD14+ Monocytes
TCCACACAGCTAGTTC-1,CD14+ Monocytes
TCCACACAGCTTATCG-1,CD8 T cells
TCCACACAGGAATCGC-1,FCGR3A+ Monocytes
TCCACACCAATAAGCA-1,CD4 T cells
TCCACACCAATGCCAT-1,CD4 T cells
TCCACACCACGGCTAC-1,CD14+ Monocytes
TCCACACCACTATCTT-1,CD4 T cells
TCCACACCAGGAATGC-1,Dendritic Cells
TCCACACCATAAGACA-1,CD4 T cells
TCCACACCATCCGTGG-1,CD4 T cells
TCCACACCATGTTGAC-1,B cells
TCCACACCATTGAGCT-1,CD4 T cells
TCCACACGTGGGTCAA-1,CD8 T cells
TCCACACGTGGTACAG-1,B cells
TCCACACGTTATTCTC-1,B cells
TCCACACTCCTGCTTG-1,FCGR3A+ Monocytes
TCCACACTCCTTTACA-1,CD4 T cells
TCCCGATAGCTGATAA-1,CD8 T cells
TCCCGATAGTTACGGG-1,CD4 T cells
TCCCGATCAAGGGTCA-1,B cells
TCCCGATCACCAGTTA-1,CD4 T cells
TCCCGATCACTGTGTA-1,B cells
TCCCGATCAGGACGTA-1,B cells
TCCCGATGTATGGTTC-1,CD14+ Monocytes
TCCCGATGTGATGCCC-1,CD4 T cells
TCCCGATGTTAAGATG-1,CD14+ Monocytes
TCCCGATGTTTAGGAA-1,CD4 T cells
TCCCGATTCATGCTCC-1,CD14+ Monocytes
TCCCGATTCCAAACTG-1,FCGR3A+ Monocytes
TCCCGATTCCGAACGC-1,CD4 T cells
TCGAGGCAGCATCATC-1,CD4 T cells
TCGAGGCAGTGAACGC-1,CD4 T cells
TCGAGGCAGTGGTAGC-1,B cells
TCGAGGCAGTTTCCTT-1,CD4 T cells
TCGAGGCCAAAGGTGC-1,CD14+ Monocytes
TCGAGGCCAAGGACTG-1,CD14+ Monocytes
TCGAGGCCACGAAATA-1,CD14+ Monocytes
TCGAGGCCAGGCGATA-1,CD4 T cells
TCGAGGCGTATCACCA-1,CD14+ Monocytes
TCGAGGCGTCGCATCG-1,CD14+ Monocytes
TCGAGGCGTCTCTTAT-1,CD4 T cells
TCGAGGCGTGCACCAC-1,CD14+ Monocytes
TCGAGGCGTGTAAGTA-1,CD4 T cells
TCGAGGCGTTATGTGC-1,CD14+ Monocytes
TCGAGGCTCACAGGCC-1,CD14+ Monocytes
TCGAGGCTCAGAGCTT-1,CD4 T cells
TCGAGGCTCAGCTCTC-1,CD4 T cells
TCGAGGCTCATGCATG-1,CD14+ Monocytes
TCGAGGCTCATGTCCC-1,CD4 T cells
TCGAGGCTCCGTACAA-1,B cells
TCGAGGCTCCTACAGA-1,CD4 T cells
TCGAGGCTCCTAGAAC-1,CD4 T cells
TCGAGGCTCGGCATCG-1,B cells
TCGAGGCTCGGTCTAA-1,CD8 T cells
TCGAGGCTCTGGTATG-1,CD4 T cells
TCGCGAGAGAAGCCCA-1,Megakaryocytes
TCGCGAGAGCTAAGAT-1,NK cells
TCGCGAGAGTGTACCT-1,CD4 T cells
TCGCGAGCACAGCGTC-1,CD14+ Monocytes
TCGCGAGCACATCCAA-1,CD14+ Monocytes
TCGCGAGCACCGAATT-1,B cells
TCGCGAGCACTTGGAT-1,CD14+ Monocytes
TCGCGAGCAGTATGCT-1,CD4 T cells
TCGCGAGCAGTTTACG-1,CD14+ Monocytes
TCGCGAGGTGATGCCC-1,CD8 T cells
TCGCGAGGTGCGATAG-1,B cells
TCGCGAGGTGGTGTAG-1,CD4 T cells
TCGCGAGGTGTAATGA-1,CD4 T cells
TCGCGAGTCAGTTGAC-1,CD4 T cells
TCGCGAGTCGGACAAG-1,CD14+ Monocytes
TCGCGAGTCTGAGGGA-1,CD4 T cells
TCGCGTTAGATATGCA-1,CD4 T cells
TCGCGTTAGGACTGGT-1,CD8 T cells
TCGCGTTCAAGCGAGT-1,CD4 T cells
TCGCGTTCACACGCTG-1,CD4 T cells
TCGCGTTCACTTCGAA-1,CD4 T cells
TCGCGTTCAGTTCCCT-1,Other
TCGCGTTCATGTTCCC-1,CD14+ Monocytes
TCGCGTTGTACATGTC-1,CD4 T cells
TCGCGTTGTCTCAACA-1,CD14+ Monocytes
TCGCGTTGTGCACGAA-1,CD4 T cells
TCGCGTTTCAGCACAT-1,CD8 T cells
TCGCGTTTCATCTGCC-1,CD4 T cells
TCGCGTTTCGCTAGCG-1,CD14+ Monocytes
TCGCGTTTCGCTGATA-1,CD4 T cells
TCGCGTTTCGGAATCT-1,CD4 T cells
TCGGGACAGCGATGAC-1,CD4 T cells
TCGGGACAGCTAACTC-1,CD8 T cells
TCGGGACAGCTCAACT-1,CD4 T cells
TCGGGACAGCTCTCGG-1,CD8 T cells
TCGGGACAGGCATTGG-1,CD4 T cells
TCGGGACAGGTGCAAC-1,CD4 T cells
TCGGGACAGTCTCGGC-1,Dendritic Cells
TCGGGACAGTGTCTCA-1,CD14+ Monocytes
TCGGGACCAAGAAAGG-1,CD4 T cells
TCGGGACCAAGCGTAG-1,B cells
TCGGGACCAATGCCAT-1,B cells
TCGGGACCATCTACGA-1,CD4 T cells
TCGGGACCATGATCCA-1,NK cells
TCGGGACCATTCGACA-1,CD8 T cells
TCGGGACGTGCAACGA-1,CD14+ Monocytes
TCGGGACGTGCACGAA-1,CD4 T cells
TCGGGACGTGTTCGAT-1,CD4 T cells
TCGGGACGTTAGATGA-1,CD8 T cells
TCGGGACGTTCCGTCT-1,B cells
TCGGGACGTTGGTTTG-1,CD4 T cells
TCGGGACTCTGCCCTA-1,B cells
TCGGGACTCTGTACGA-1,CD4 T cells
TCGGTAAAGCACGCCT-1,CD4 T cells
TCGGTAAAGGAGTTGC-1,B cells
TCGGTAAAGGTCATCT-1,CD8 T cells
TCGGTAACAACAACCT-1,CD8 T cells
TCGGTAACACTAGTAC-1,CD14+ Monocytes
TCGGTAACATCGGAAG-1,CD4 T cells
TCGGTAACATGATCCA-1,CD4 T cells
TCGGTAACATTGCGGC-1,Other
TCGGTAAGTAGCGTCC-1,CD4 T cells
TCGGTAAGTCAGCTAT-1,CD4 T cells
TCGGTAAGTCTGCCAG-1,CD14+ Monocytes
TCGGTAAGTGAGGGTT-1,CD14+ Monocytes
TCGGTAAGTGCCTGTG-1,CD14+ Monocytes
TCGGTAAGTGTAAGTA-1,CD4 T cells
TCGGTAAGTTCTGTTT-1,CD14+ Monocytes
TCGGTAATCACAGTAC-1,CD4 T cells
TCGTACCAGAAACCAT-1,CD4 T cells
TCGTACCAGACCTAGG-1,NK cells
TCGTACCAGATAGGAG-1,CD4 T cells
TCGTACCAGGACTGGT-1,FCGR3A+ Monocytes
TCGTACCAGGCTACGA-1,CD4 T cells
TCGTACCCACCGGAAA-1,CD4 T cells
TCGTACCCACTGTTAG-1,CD4 T cells
TCGTACCCAGCTGCAC-1,B cells
TCGTACCCAGTAAGAT-1,CD4 T cells
TCGTACCCATGCAATC-1,NK cells
TCGTACCGTAAACCTC-1,CD4 T cells
TCGTACCGTCAAGCGA-1,CD8 T cells
TCGTACCGTTGAACTC-1,CD4 T cells
TCGTACCGTTTCCACC-1,CD4 T cells
TCGTACCTCAACACAC-1,B cells
TCGTACCTCATGGTCA-1,CD4 T cells
TCGTACCTCGACAGCC-1,CD4 T cells
TCGTAGAAGGACATTA-1,FCGR3A+ Monocytes
TCGTAGAAGTATGACA-1,CD4 T cells
TCGTAGAAGTGGACGT-1,FCGR3A+ Monocytes
TCGTAGACAAGGACTG-1,B cells
TCGTAGACAGGTTTCA-1,CD4 T cells
TCGTAGAGTCAACTGT-1,FCGR3A+ Monocytes
TCGTAGAGTCAGGACA-1,CD8 T cells
TCGTAGAGTCTGGTCG-1,CD14+ Monocytes
TCGTAGAGTTCGTCTC-1,CD14+ Monocytes
TCGTAGAGTTCTGTTT-1,CD4 T cells
TCGTAGATCATGCAAC-1,CD4 T cells
TCGTAGATCCCTTGCA-1,CD14+ Monocytes
TCGTAGATCGGTGTTA-1,CD4 T cells
TCGTAGATCTTTAGTC-1,CD4 T cells
TCTATTGAGAAACGCC-1,CD14+ Monocytes
TCTATTGAGAGTGAGA-1,CD14+ Monocytes
TCTATTGAGCATCATC-1,CD4 T cells
TCTATTGAGCCTCGTG-1,CD4 T cells
TCTATTGAGTACGCGA-1,CD8 T cells
TCTATTGAGTTGAGTA-1,CD8 T cells
TCTATTGCAATCACAC-1,CD4 T cells
TCTATTGCACAACGCC-1,CD14+ Monocytes
TCTATTGCACAGGTTT-1,CD4 T cells
TCTATTGCACTTGGAT-1,CD14+ Monocytes
TCTATTGCATCCGTGG-1,CD8 T cells
TCTATTGGTAAGGGAA-1,B cells
TCTATTGGTAAGTGGC-1,CD8 T cells
TCTATTGGTACCAGTT-1,CD4 T cells
TCTATTGGTATCGCAT-1,B cells
TCTATTGGTGGGTATG-1,CD4 T cells
TCTATTGGTTATGTGC-1,CD4 T cells
TCTATTGGTTCCTCCA-1,CD4 T cells
TCTATTGTCAATAAGG-1,CD4 T cells
TCTATTGTCAGAGGTG-1,CD14+ Monocytes
TCTATTGTCGATGAGG-1,Megakaryocytes
TCTATTGTCGGTCTAA-1,CD8 T cells
TCTCATAAGTCGCCGT-1,FCGR3A+ Monocytes
TCTCATACAGAAGCAC-1,CD4 T cells
TCTCATACAGCTGCAC-1,CD4 T cells
TCTCATACAGTATGCT-1,CD4 T cells
TCTCATACATAAGACA-1,CD4 T cells
TCTCATACATTGAGCT-1,CD4 T cells
TCTCATAGTCAACATC-1,CD4 T cells
TCTCATAGTGCATCTA-1,CD4 T cells
TCTCATAGTGGCGAAT-1,Dendritic Cells
TCTCATAGTTAGATGA-1,CD14+ Monocytes
TCTCATATCACAACGT-1,CD14+ Monocytes
TCTCATATCATCTGCC-1,Other
TCTCATATCCGATATG-1,CD4 T cells
TCTCATATCGGAATCT-1,CD4 T cells
TCTCATATCTTGACGA-1,Other
TCTCATATCTTTACAC-1,CD14+ Monocytes
TCTCTAACAAGCGTAG-1,CD4 T cells
TCTCTAACACCATGTA-1,CD8 T cells
TCTCTAACACGCCAGT-1,CD8 T cells
TCTCTAACAGCTTCGG-1,CD8 T cells
TCTCTAACAGGCTCAC-1,B cells
TCTCTAACAGTAGAGC-1,CD14+ Monocytes
TCTCTAACATCGATGT-1,CD8 T cells
TCTCTAACATCGGAAG-1,FCGR3A+ Monocytes
TCTCTAAGTAACGACG-1,B cells
TCTCTAAGTAGCAAAT-1,NK cells
TCTCTAAGTATCGCAT-1,B cells
TCTCTAAGTCGCTTCT-1,CD4 T cells
TCTCTAAGTGCTGTAT-1,CD14+ Monocytes
TCTCTAAGTTCGGCAC-1,CD4 T cells
TCTCTAATCAACTCTT-1,CD4 T cells
TCTCTAATCCTTCAAT-1,B cells
TCTCTAATCGAGGTAG-1,CD4 T cells
TCTCTAATCGTACGGC-1,CD8 T cells
TCTCTAATCTTCCTTC-1,NK cells
TCTGAGAAGCAGCCTC-1,CD14+ Monocytes
TCTGAGAAGCTAGGCA-1,CD4 T cells
TCTGAGAAGCTGATAA-1,CD4 T cells
TCTGAGAAGTAGATGT-1,Other
TCTGAGACACACATGT-1,CD4 T cells
TCTGAGACACGACTCG-1,CD8 T cells
TCTGAGACAGAGTGTG-1,CD4 T cells
TCTGAGACATCCAACA-1,CD14+ Monocytes
TCTGAGACATTACGAC-1,B cells
TCTGAGAGTACGCACC-1,CD4 T cells
TCTGAGAGTCAATACC-1,CD14+ Monocytes
TCTGAGAGTGTGTGCC-1,CD14+ Monocytes
TCTGAGAGTTAAGACA-1,CD14+ Monocytes
TCTGAGATCATCTGTT-1,CD14+ Monocytes
TCTGAGATCCGTCAAA-1,CD14+ Monocytes
TCTGAGATCTTATCTG-1,CD14+ Monocytes
TCTGAGATCTTTACAC-1,CD4 T cells
TCTGGAAAGAATCTCC-1,CD4 T cells
TCTGGAAAGAGTGACC-1,CD14+ Monocytes
TCTGGAAAGCGATTCT-1,CD4 T cells
TCTGGAACAGACGCCT-1,CD4 T cells
TCTGGAACAGCATGAG-1,B cells
TCTGGAACATAAGACA-1,CD14+ Monocytes
TCTGGAAGTCAAGCGA-1,CD14+ Monocytes
TCTGGAAGTCGAGTTT-1,CD4 T cells
TCTGGAAGTCTCATCC-1,FCGR3A+ Monocytes
TCTGGAAGTGACTCAT-1,CD4 T cells
TCTGGAAGTGTAATGA-1,B cells
TCTGGAAGTTAGAACA-1,CD4 T cells
TCTGGAAGTTCAGTAC-1,CD14+ Monocytes
TCTGGAAGTTGGACCC-1,Other
TCTGGAATCAACCATG-1,CD14+ Monocytes
TCTGGAATCATGTCCC-1,CD4 T cells
TCTGGAATCCAGTAGT-1,Dendritic Cells
TCTGGAATCGAACGGA-1,CD8 T cells
TCTGGAATCTTGAGGT-1,CD4 T cells
TCTTCGGAGACATAAC-1,CD4 T cells
TCTTCGGAGACGCACA-1,CD8 T cells
TCTTCGGAGCCCTAAT-1,CD14+ Monocytes
TCTTCGGAGCGTTTAC-1,B cells
TCTTCGGAGCTCCTTC-1,NK cells
TCTTCGGAGGACATTA-1,CD14+ Monocytes
TCTTCGGAGTGAAGTT-1,CD8 T cells
TCTTCGGAGTGGTAAT-1,CD14+ Monocytes
TCTTCGGAGTTTCCTT-1,NK cells
TCTTCGGCAAATACAG-1,FCGR3A+ Monocytes
TCTTCGGCAAGGTTCT-1,CD14+ Monocytes
TCTTCGGCACCGTTGG-1,CD14+ Monocytes
TCTTCGGCAGGTCTCG-1,CD14+ Monocytes
TCTTCGGGTATCGCAT-1,Megakaryocytes
TCTTCGGGTCTCCATC-1,CD4 T cells
TCTTCGGGTCTTGTCC-1,CD4 T cells
TCTTCGGGTTTGTGTG-1,CD14+ Monocytes
TCTTCGGTCAAGAAGT-1,CD4 T cells
TCTTCGGTCATTCACT-1,CD14+ Monocytes
TCTTCGGTCCATGCTC-1,Megakaryocytes
TCTTTCCAGAGACGAA-1,CD14+ Monocytes
TCTTTCCAGAGCCTAG-1,FCGR3A+ Monocytes
TCTTTCCAGCACAGGT-1,CD4 T cells
TCTTTCCAGCTAAACA-1,CD4 T cells
TCTTTCCAGGACTGGT-1,B cells
TCTTTCCAGGCGTACA-1,CD4 T cells
TCTTTCCAGTAGGTGC-1,CD14+ Monocytes
TCTTTCCAGTCTTGCA-1,CD8 T cells
TCTTTCCCAAGGCTCC-1,CD4 T cells
TCTTTCCCAATGAATG-1,B cells
TCTTTCCCACCGTTGG-1,CD4 T cells
TCTTTCCCACGACGAA-1,B cells
TCTTTCCCAGTGACAG-1,CD4 T cells
TCTTTCCCATCCGCGA-1,CD4 T cells
TCTTTCCCATGATCCA-1,B cells
TCTTTCCGTAGCGATG-1,CD14+ Monocytes
TCTTTCCGTCACCCAG-1,CD14+ Monocytes
TCTTTCCGTCCGCTGA-1,B cells
TCTTTCCGTGATAAAC-1,CD14+ Monocytes
TCTTTCCGTGCAACTT-1,CD4 T cells
TCTTTCCGTTCAGCGC-1,NK cells
TCTTTCCGTTTCGCTC-1,CD8 T cells
TCTTTCCTCGACGGAA-1,CD4 T cells
TCTTTCCTCGTTACGA-1,CD8 T cells
TGAAAGAAGACTCGGA-1,Dendritic Cells
TGAAAGAAGAGCCCAA-1,CD4 T cells
TGAAAGACAACTGCTA-1,CD8 T cells
TGAAAGACAATTCCTT-1,CD4 T cells
TGAAAGACACCAGTTA-1,CD4 T cells
TGAAAGACACGAAATA-1,CD4 T cells
TGAAAGACAGACAGGT-1,B cells
TGAAAGACAGATGGCA-1,CD4 T cells
TGAAAGACATCAGTAC-1,CD4 T cells
TGAAAGAGTAAACGCG-1,CD8 T cells
TGAAAGAGTAGGGTAC-1,CD8 T cells
TGAAAGAGTCCCTACT-1,FCGR3A+ Monocytes
TGAAAGAGTCCGAAGA-1,Dendritic Cells
TGAAAGAGTGACGGTA-1,CD14+ Monocytes
TGAAAGAGTGTATGGG-1,CD4 T cells
TGAAAGAGTTGGTAAA-1,CD4 T cells
TGAAAGATCAGCAACT-1,CD14+ Monocytes
TGAAAGATCGATAGAA-1,CD14+ Monocytes
TGAAAGATCTATCGCC-1,CD4 T cells
TGACAACAGGAATCGC-1,CD4 T cells
TGACAACAGGAGTAGA-1,CD4 T cells
TGACAACAGGGATGGG-1,Other
TGACAACCAACTGCGC-1,CD4 T cells
TGACAACCACAGGTTT-1,B cells
TGACAACCAGCCTATA-1,CD8 T cells
TGACAACCATCGATGT-1,CD4 T cells
TGACAACGTAGGGACT-1,CD4 T cells
TGACAACTCAGCTCGG-1,CD4 T cells
TGACAACTCAGCTTAG-1,CD14+ Monocytes
TGACAACTCGCAAACT-1,CD8 T cells
TGACAACTCTAACTGG-1,Megakaryocytes
TGACAACTCTACTCAT-1,CD4 T cells
TGACGGCAGATGGCGT-1,CD14+ Monocytes
TGACGGCAGCTCTCGG-1,B cells
TGACGGCAGGTGTTAA-1,NK cells
TGACGGCCAAACGTGG-1,CD8 T cells
TGACGGCCACCGAAAG-1,NK cells
TGACGGCCATAAGACA-1,B cells
TGACGGCGTAAGAGAG-1,CD4 T cells
TGACGGCGTAAGTGTA-1,B cells
TGACGGCGTAATAGCA-1,B cells
TGACGGCGTACCGAGA-1,Megakaryocytes
TGACGGCGTCTGATCA-1,CD14+ Monocytes
TGACGGCGTGGCGAAT-1,B cells
TGACGGCGTGGTCCGT-1,CD4 T cells
TGACGGCGTTCAGTAC-1,CD4 T cells
TGACGGCGTTGGACCC-1,CD14+ Monocytes
TGACGGCTCCTCAATT-1,FCGR3A+ Monocytes
TGACGGCTCTCCCTGA-1,CD4 T cells
TGACTAGAGCAGATCG-1,CD4 T cells
TGACTAGAGCAGCGTA-1,CD4 T cells
TGACTAGAGCCACGTC-1,FCGR3A+ Monocytes
TGACTAGAGGTGATTA-1,CD14+ Monocytes
TGACTAGAGTAGCCGA-1,B cells
TGACTAGCAAGCGAGT-1,FCGR3A+ Monocytes
TGACTAGCAGACGCTC-1,CD4 T cells
TGACTAGCAGCTATTG-1,CD8 T cells
TGACTAGGTAGGACAC-1,CD4 T cells
TGACTAGGTCGCTTTC-1,CD4 T cells
TGACTAGGTCTCCATC-1,CD14+ Monocytes
TGACTAGGTTGAGGTG-1,CD4 T cells
TGACTAGTCAAGGCTT-1,CD14+ Monocytes
TGACTAGTCCCACTTG-1,CD8 T cells
TGACTAGTCCGAGCCA-1,CD4 T cells
TGACTAGTCCGCATAA-1,CD4 T cells
TGACTAGTCCTAGTGA-1,CD8 T cells
TGACTAGTCCTCAATT-1,Other
TGACTTTAGCACAGGT-1,B cells
TGACTTTAGGAGTACC-1,CD4 T cells
TGACTTTAGGTCATCT-1,CD4 T cells
TGACTTTCAAACTGTC-1,CD14+ Monocytes
TGACTTTCACGAAACG-1,Dendritic Cells
TGACTTTCATGTAAGA-1,CD4 T cells
TGACTTTGTGATAAAC-1,B cells
TGACTTTGTTTAGCTG-1,NK cells
TGACTTTTCAACGCTA-1,CD8 T cells
TGACTTTTCACCAGGC-1,CD4 T cells
TGACTTTTCCGCATCT-1,Dendritic Cells
TGACTTTTCCTTGGTC-1,CD8 T cells
TGACTTTTCTTCAACT-1,CD4 T cells
TGAGAGGAGAAGCCCA-1,Megakaryocytes
TGAGAGGAGAATCTCC-1,CD4 T cells
TGAGAGGAGACTGGGT-1,NK cells
TGAGAGGAGATGTAAC-1,CD8 T cells
TGAGAGGAGCGAAGGG-1,CD4 T cells
TGAGAGGAGGTGCACA-1,CD4 T cells
TGAGAGGAGGTGTGGT-1,CD8 T cells
TGAGAGGCACGGTAAG-1,CD4 T cells
TGAGAGGGTACTCGCG-1,CD8 T cells
TGAGAGGGTAGCACGA-1,CD8 T cells
TGAGAGGGTCCAGTGC-1,CD8 T cells
TGAGAGGGTCTTGTCC-1,CD14+ Monocytes
TGAGAGGGTGACGGTA-1,B cells
TGAGAGGGTGATGCCC-1,B cells
TGAGAGGGTGCACCAC-1,CD4 T cells
TGAGAGGTCTGACCTC-1,CD4 T cells
TGAGCATCACCGGAAA-1,CD4 T cells
TGAGCATCAGGCTGAA-1,CD4 T cells
TGAGCATCATCCGTGG-1,CD14+ Monocytes
TGAGCATGTCAGATAA-1,CD4 T cells
TGAGCATGTCCGACGT-1,CD14+ Monocytes
TGAGCATGTCTAGAGG-1,CD4 T cells
TGAGCATGTGCACCAC-1,CD14+ Monocytes
TGAGCATGTTAGAACA-1,CD4 T cells
TGAGCATGTTCGCGAC-1,CD4 T cells
TGAGCATGTTCGTGAT-1,CD14+ Monocytes
TGAGCATTCAAACAAG-1,CD14+ Monocytes
TGAGCATTCACGACTA-1,CD4 T cells
TGAGCATTCAGCATGT-1,CD4 T cells
TGAGCATTCCCATTAT-1,CD8 T cells
TGAGCATTCCGCATAA-1,CD4 T cells
TGAGCATTCGACCAGC-1,CD4 T cells
TGAGCATTCGTTTGCC-1,B cells
TGAGCATTCTAACCGA-1,CD8 T cells
TGAGCATTCTAGAGTC-1,CD4 T cells
TGAGCATTCTGAAAGA-1,B cells
TGAGCATTCTGTTTGT-1,FCGR3A+ Monocytes
TGAGCCGAGAAACCAT-1,CD8 T cells
TGAGCCGAGCCGCCTA-1,CD8 T cells
TGAGCCGAGTACGACG-1,CD14+ Monocytes
TGAGCCGAGTAGGTGC-1,CD4 T cells
TGAGCCGCAAACCTAC-1,CD4 T cells
TGAGCCGCAAAGGCGT-1,CD4 T cells
TGAGCCGCACAACTGT-1,CD14+ Monocytes
TGAGCCGGTCAATACC-1,CD4 T cells
TGAGCCGGTTTAGCTG-1,CD14+ Monocytes
TGAGCCGTCACAAACC-1,CD4 T cells
TGAGCCGTCTAGCACA-1,CD4 T cells
TGAGCCGTCTGGTGTA-1,CD4 T cells
TGAGCCGTCTTTACGT-1,Other
TGAGGGAAGCAATCTC-1,CD8 T cells
TGAGGGAAGCCTTGAT-1,CD4 T cells
TGAGGGAAGCGATTCT-1,CD4 T cells
TGAGGGAAGGTCATCT-1,CD8 T cells
TGAGGGAAGTGTTAGA-1,CD14+ Monocytes
TGAGGGAAGTTTGCGT-1,CD14+ Monocytes
TGAGGGACAACGCACC-1,CD14+ Monocytes
TGAGGGACACCAACCG-1,CD14+ Monocytes
TGAGGGACACCGCTAG-1,CD4 T cells
TGAGGGACATCCAACA-1,CD14+ Monocytes
TGAGGGACATGCTAGT-1,CD4 T cells
TGAGGGAGTCTGCCAG-1,CD4 T cells
TGAGGGAGTGATGTGG-1,CD4 T cells
TGAGGGAGTTCACGGC-1,CD4 T cells
TGAGGGAGTTCAGACT-1,CD4 T cells
TGAGGGATCTACGAGT-1,CD4 T cells
TGAGGGATCTGACCTC-1,CD4 T cells
TGATTTCAGAAACCGC-1,CD14+ Monocytes
TGATTTCAGCAATATG-1,CD14+ Monocytes
TGATTTCAGCACAGGT-1,B cells
TGATTTCAGTGATCGG-1,CD14+ Monocytes
TGATTTCCAAGGTGTG-1,CD14+ Monocytes
TGATTTCCAATCTACG-1,CD14+ Monocytes
TGATTTCCACAACTGT-1,CD14+ Monocytes
TGATTTCCACCTCGTT-1,CD14+ Monocytes
TGATTTCCATACGCTA-1,CD4 T cells
TGATTTCCATCGGTTA-1,CD4 T cells
TGATTTCGTGAAGGCT-1,Megakaryocytes
TGATTTCGTGCGCTTG-1,CD4 T cells
TGATTTCGTGTTAAGA-1,CD4 T cells
TGATTTCTCACTCCTG-1,CD14+ Monocytes
TGATTTCTCTGATTCT-1,CD4 T cells
TGATTTCTCTTGTATC-1,B cells
TGCACCTAGACTGGGT-1,B cells
TGCACCTAGATCCCAT-1,CD8 T cells
TGCACCTAGATCTGAA-1,CD4 T cells
TGCACCTAGCTCCCAG-1,CD8 T cells
TGCACCTAGCTTCGCG-1,CD4 T cells
TGCACCTAGGCTATCT-1,CD4 T cells
TGCACCTAGGTCGGAT-1,NK cells
TGCACCTAGGTGTGGT-1,B cells
TGCACCTAGTACGCGA-1,CD14+ Monocytes
TGCACCTAGTGGGATC-1,B cells
TGCACCTCAATCGGTT-1,Other
TGCACCTCATCATCCC-1,CD14+ Monocytes
TGCACCTGTATCAGTC-1,Other
TGCACCTGTGCACCAC-1,CD14+ Monocytes
TGCACCTTCAGCTGGC-1,CD4 T cells
TGCACCTTCCACGTGG-1,CD8 T cells
TGCACCTTCGGAATCT-1,CD4 T cells
TGCACCTTCGTACCGG-1,CD14+ Monocytes
TGCACCTTCTGGTGTA-1,CD4 T cells
TGCCAAAAGGAGTTTA-1,CD4 T cells
TGCCAAAAGGCATTGG-1,Other
TGCCAAAAGTCCCACG-1,CD14+ Monocytes
TGCCAAACAAGCCGTC-1,FCGR3A+ Monocytes
TGCCAAACACGCGAAA-1,CD4 T cells
TGCCAAACAGGACGTA-1,CD4 T cells
TGCCAAACAGTTTACG-1,CD14+ Monocytes
TGCCAAACATACTACG-1,CD14+ Monocytes
TGCCAAAGTACACCGC-1,CD14+ Monocytes
TGCCAAAGTACGCACC-1,B cells
TGCCAAAGTCAGCTAT-1,B cells
TGCCAAAGTCGAACAG-1,CD4 T cells
TGCCAAAGTCTTGTCC-1,B cells
TGCCAAAGTGCAGACA-1,CD4 T cells
TGCCAAAGTGTCAATC-1,CD4 T cells
TGCCAAAGTGTGCCTG-1,CD4 T cells
TGCCAAATCATCGGAT-1,CD4 T cells
TGCCAAATCCAACCAA-1,FCGR3A+ Monocytes
TGCCAAATCCAGTAGT-1,FCGR3A+ Monocytes
TGCCAAATCGAATGCT-1,CD4 T cells
TGCCAAATCTTGCATT-1,CD4 T cells
TGCCCATAGCGTGTCC-1,CD14+ Monocytes
TGCCCATAGGGAAACA-1,CD14+ Monocytes
TGCCCATAGGGATACC-1,Other
TGCCCATAGTTGAGTA-1,CD14+ Monocytes
TGCCCATCAAGGTTTC-1,CD4 T cells
TGCCCATCACGCATCG-1,CD14+ Monocytes
TGCCCATCAGGGATTG-1,CD8 T cells
TGCCCATCATCTCGCT-1,CD8 T cells
TGCCCATCATGGAATA-1,CD4 T cells
TGCCCATGTATATGAG-1,CD14+ Monocytes
TGCCCATGTCAATGTC-1,CD4 T cells
TGCCCATGTCCATCCT-1,Other
TGCCCATGTCTCATCC-1,B cells
TGCCCATGTGTTTGTG-1,CD4 T cells
TGCCCATTCAACCATG-1,CD4 T cells
TGCCCATTCAAGGTAA-1,CD14+ Monocytes
TGCCCATTCACTCTTA-1,CD14+ Monocytes
TGCCCATTCATCGATG-1,B cells
TGCCCATTCCGAGCCA-1,CD14+ Monocytes
TGCCCATTCGCCAGCA-1,CD4 T cells
TGCCCATTCTCCCTGA-1,CD4 T cells
TGCCCTAAGAATGTTG-1,CD8 T cells
TGCCCTAAGACACGAC-1,CD8 T cells
TGCCCTAAGACTGGGT-1,CD4 T cells
TGCCCTAAGAGGTTGC-1,CD14+ Monocytes
TGCCCTAAGATGTAAC-1,Other
TGCCCTAAGTTAGCGG-1,CD4 T cells
TGCCCTAAGTTATCGC-1,CD4 T cells
TGCCCTACAAAGGCGT-1,CD14+ Monocytes
TGCCCTACAAATCCGT-1,B cells
TGCCCTACAATAGCGG-1,CD14+ Monocytes
TGCCCTACACCATGTA-1,CD14+ Monocytes
TGCCCTACAGACGCCT-1,CD14+ Monocytes
TGCCCTAGTATAAACG-1,CD14+ Monocytes
TGCCCTAGTATTCGTG-1,CD8 T cells
TGCCCTAGTGCACTTA-1,CD4 T cells
TGCCCTAGTTATGTGC-1,Dendritic Cells
TGCCCTATCACATGCA-1,CD4 T cells
TGCCCTATCCAAGCCG-1,CD4 T cells
TGCCCTATCGCAAACT-1,NK cells
TGCCCTATCGTCCAGG-1,B cells
TGCCCTATCTTCAACT-1,CD8 T cells
TGCGCAGAGAATTGTG-1,CD4 T cells
TGCGCAGAGCGCCTTG-1,FCGR3A+ Monocytes
TGCGCAGAGGGTGTTG-1,B cells
TGCGCAGAGGTGCAAC-1,CD4 T cells
TGCGCAGAGGTGCTAG-1,CD14+ Monocytes
TGCGCAGAGGTGGGTT-1,CD4 T cells
TGCGCAGCAATAAGCA-1,CD8 T cells
TGCGCAGCACGTTGGC-1,FCGR3A+ Monocytes
TGCGCAGCAGATGGGT-1,Other
TGCGCAGCATCCTTGC-1,Dendritic Cells
TGCGCAGCATCGACGC-1,CD4 T cells
TGCGCAGCATTTGCCC-1,CD4 T cells
TGCGCAGGTAGCGATG-1,CD14+ Monocytes
TGCGCAGGTGCCTTGG-1,CD4 T cells
TGCGCAGGTTCGGGCT-1,CD4 T cells
TGCGCAGGTTTGTTGG-1,CD14+ Monocytes
TGCGCAGTCCAGGGCT-1,CD14+ Monocytes
TGCGCAGTCCGCGCAA-1,CD14+ Monocytes
TGCGCAGTCGGCTTGG-1,CD4 T cells
TGCGGGTAGACAGAGA-1,Dendritic Cells
TGCGGGTAGACTTGAA-1,NK cells
TGCGGGTAGCCAACAG-1,CD4 T cells
TGCGGGTAGGGCACTA-1,CD4 T cells
TGCGGGTAGTTGTCGT-1,CD4 T cells
TGCGGGTCAAAGGAAG-1,Other
TGCGGGTCACCATCCT-1,CD4 T cells
TGCGGGTCACGGATAG-1,Other
TGCGGGTCAGCAGTTT-1,CD14+ Monocytes
TGCGGGTCAGGGAGAG-1,CD14+ Monocytes
TGCGGGTCATATGAGA-1,B cells
TGCGGGTCATCGATGT-1,CD4 T cells
TGCGGGTGTACCAGTT-1,Dendritic Cells
TGCGGGTGTTAAGGGC-1,B cells
TGCGGGTGTTAAGTAG-1,NK cells
TGCGGGTGTTAGGGTG-1,CD14+ Monocytes
TGCGGGTGTTTGTTTC-1,CD14+ Monocytes
TGCGGGTTCACCAGGC-1,CD4 T cells
TGCGGGTTCCTCATTA-1,FCGR3A+ Monocytes
TGCGGGTTCTTATCTG-1,CD4 T cells
TGCGTGGAGTAGATGT-1,CD14+ Monocytes
TGCGTGGAGTTAACGA-1,B cells
TGCGTGGCAGTGGAGT-1,CD4 T cells
TGCGTGGCATTTGCTT-1,CD4 T cells
TGCGTGGGTAGGAGTC-1,CD4 T cells
TGCGTGGGTGACCAAG-1,FCGR3A+ Monocytes
TGCGTGGTCAACTCTT-1,CD4 T cells
TGCGTGGTCCGTACAA-1,NK cells
TGCGTGGTCGCGCCAA-1,CD4 T cells
TGCTACCAGATGGCGT-1,CD4 T cells
TGCTACCAGCACCGTC-1,FCGR3A+ Monocytes
TGCTACCAGCTACCTA-1,CD8 T cells
TGCTACCAGGGTTTCT-1,CD14+ Monocytes
TGCTACCCAAGGCTCC-1,CD4 T cells
TGCTACCCAATCTGCA-1,CD4 T cells
TGCTACCCACAAGTAA-1,B cells
TGCTACCCAGCCTTGG-1,CD4 T cells
TGCTACCCAGCTCGAC-1,CD8 T cells
TGCTACCCAGTGAGTG-1,B cells
TGCTACCCATTAGGCT-1,CD4 T cells
TGCTACCGTCATCGGC-1,CD14+ Monocytes
TGCTACCGTCCGACGT-1,CD14+ Monocytes
TGCTACCGTCTAGTGT-1,B cells
TGCTACCGTCTGATCA-1,CD4 T cells
TGCTACCGTGCAGGTA-1,CD4 T cells
TGCTACCGTGTTCGAT-1,CD8 T cells
TGCTACCTCCACGAAT-1,FCGR3A+ Monocytes
TGCTACCTCCTAGAAC-1,Dendritic Cells
TGCTACCTCGGGAGTA-1,B cells
TGCTACCTCTGTACGA-1,CD4 T cells
TGCTGCTAGATGCCTT-1,CD4 T cells
TGCTGCTAGCCCAGCT-1,B cells
TGCTGCTAGGATATAC-1,B cells
TGCTGCTAGTCATGCT-1,Dendritic Cells
TGCTGCTCAAGTCATC-1,CD14+ Monocytes
TGCTGCTCAAGTTGTC-1,CD4 T cells
TGCTGCTCACGAAAGC-1,CD4 T cells
TGCTGCTCACTGAAGG-1,CD4 T cells
TGCTGCTCAGAGCCAA-1,CD14+ Monocytes
TGCTGCTCAGCGAACA-1,CD4 T cells
TGCTGCTCATCTGGTA-1,CD4 T cells
TGCTGCTCATGACATC-1,CD4 T cells
TGCTGCTGTAGCAAAT-1,B cells
TGCTGCTGTAGCGTCC-1,Dendritic Cells
TGCTGCTGTCAAACTC-1,CD8 T cells
TGCTGCTGTCAGAGGT-1,B cells
TGCTGCTGTCAGATAA-1,CD4 T cells
TGCTGCTGTCAGCTAT-1,CD14+ Monocytes
TGCTGCTGTTACAGAA-1,B cells
TGCTGCTGTTGGAGGT-1,CD4 T cells
TGCTGCTGTTGGTAAA-1,CD8 T cells
TGCTGCTTCACAGTAC-1,CD14+ Monocytes
TGCTGCTTCGGCATCG-1,CD4 T cells
TGCTGCTTCGGCCGAT-1,CD8 T cells
TGGACGCAGCTGCAAG-1,FCGR3A+ Monocytes
TGGACGCAGGTGATTA-1,CD4 T cells
TGGACGCGTCGCATCG-1,CD4 T cells
TGGACGCGTGAAAGAG-1,CD4 T cells
TGGACGCGTGTCCTCT-1,CD4 T cells
TGGACGCTCCAAAGTC-1,CD4 T cells
TGGACGCTCGCATGAT-1,CD4 T cells
TGGACGCTCGCATGGC-1,CD8 T cells
TGGCCAGAGAGCTGGT-1,CD4 T cells
TGGCCAGAGATATGGT-1,CD4 T cells
TGGCCAGAGCTACCTA-1,CD14+ Monocytes
TGGCCAGAGGCAATTA-1,CD4 T cells
TGGCCAGAGGTAGCCA-1,CD4 T cells
TGGCCAGAGTCATCCA-1,CD8 T cells
TGGCCAGCAATGAATG-1,FCGR3A+ Monocytes
TGGCCAGCATTACGAC-1,Megakaryocytes
TGGCCAGGTAGCTGCC-1,CD4 T cells
TGGCCAGGTATATGAG-1,CD4 T cells
TGGCCAGGTCCCTACT-1,CD4 T cells
TGGCCAGGTCGAGTTT-1,CD14+ Monocytes
TGGCCAGTCCAAACAC-1,CD4 T cells
TGGCCAGTCCGTTGTC-1,CD4 T cells
TGGCCAGTCGGACAAG-1,CD4 T cells
TGGCCAGTCGGCTTGG-1,CD14+ Monocytes
TGGCGCAAGAAGGTGA-1,CD4 T cells
TGGCGCAAGCTAGCCC-1,CD14+ Monocytes
TGGCGCAAGGGATCTG-1,CD14+ Monocytes
TGGCGCAAGTACCGGA-1,Other
TGGCGCACACCCTATC-1,CD8 T cells
TGGCGCACAGCTGCAC-1,CD14+ Monocytes
TGGCGCAGTATTACCG-1,CD4 T cells
TGGCGCAGTCAAACTC-1,CD4 T cells
TGGCGCAGTCACCCAG-1,CD4 T cells
TGGCGCAGTGCGCTTG-1,B cells
TGGCGCAGTGTAAGTA-1,B cells
TGGCGCAGTGTCCTCT-1,CD8 T cells
TGGCGCAGTTACGGAG-1,CD4 T cells
TGGCGCATCACCAGGC-1,B cells
TGGCGCATCAGTTTGG-1,CD4 T cells
TGGCGCATCGTCGTTC-1,CD8 T cells
TGGCTGGAGAGGACGG-1,B cells
TGGCTGGAGCTAAACA-1,CD8 T cells
TGGCTGGAGCTGTCTA-1,CD4 T cells
TGGCTGGAGTTAGCGG-1,CD4 T cells
TGGCTGGCAAAGGCGT-1,CD8 T cells
TGGCTGGCACAACTGT-1,CD4 T cells
TGGCTGGCACGAGGTA-1,CD4 T cells
TGGCTGGCACTTCGAA-1,CD4 T cells
TGGCTGGCAGCTCCGA-1,CD4 T cells
TGGCTGGCAGTCCTTC-1,B cells
TGGCTGGCATGAAGTA-1,CD4 T cells
TGGCTGGGTCGTTGTA-1,CD4 T cells
TGGCTGGGTCTAGTCA-1,B cells
TGGCTGGGTTGTCTTT-1,NK cells
TGGCTGGTCAGTCAGT-1,CD4 T cells
TGGCTGGTCCATGAGT-1,CD4 T cells
TGGCTGGTCCTAGAAC-1,CD4 T cells
TGGCTGGTCGCTAGCG-1,CD8 T cells
TGGCTGGTCGGTGTTA-1,B cells
TGGCTGGTCGGTTCGG-1,CD4 T cells
TGGCTGGTCGTCCAGG-1,CD8 T cells
TGGGAAGAGATCACGG-1,B cells
TGGGAAGAGTGTACCT-1,NK cells
TGGGAAGCAGATCGGA-1,B cells
TGGGAAGCATGTTGAC-1,B cells
TGGGAAGGTATCTGCA-1,B cells
TGGGAAGGTCGAACAG-1,FCGR3A+ Monocytes
TGGGAAGGTCTAAACC-1,CD14+ Monocytes
TGGGAAGGTTCCCGAG-1,CD14+ Monocytes
TGGGAAGGTTTGGGCC-1,Other
TGGGAAGTCAAACAAG-1,CD4 T cells
TGGGAAGTCACCGGGT-1,CD4 T cells
TGGGAAGTCAGTCAGT-1,B cells
TGGGAAGTCATCGGAT-1,CD14+ Monocytes
TGGGAAGTCCCTAATT-1,CD14+ Monocytes
TGGGAAGTCCTTTCTC-1,CD4 T cells
TGGGAAGTCTGATACG-1,CD14+ Monocytes
TGGGCGTAGACAGACC-1,CD8 T cells
TGGGCGTAGAGTTGGC-1,CD8 T cells
TGGGCGTAGATCTGAA-1,CD4 T cells
TGGGCGTAGGGCACTA-1,CD4 T cells
TGGGCGTAGTTGTCGT-1,CD4 T cells
TGGGCGTCAAGTCTGT-1,CD8 T cells
TGGGCGTCACTTCTGC-1,CD8 T cells
TGGGCGTCAGCTGTTA-1,CD8 T cells
TGGGCGTCATGGTTGT-1,CD4 T cells
TGGGCGTGTAGAGTGC-1,CD4 T cells
TGGGCGTGTCCAAGTT-1,CD4 T cells
TGGGCGTGTCTTCGTC-1,NK cells
TGGGCGTGTTATTCTC-1,Other
TGGGCGTGTTCAACCA-1,CD14+ Monocytes
TGGGCGTTCCGTCATC-1,CD14+ Monocytes
TGGGCGTTCCTAGTGA-1,CD8 T cells
TGGTTAGAGATGTGGC-1,CD4 T cells
TGGTTAGAGGGTGTTG-1,B cells
TGGTTAGCACCAGCAC-1,CD14+ Monocytes
TGGTTAGCACGGTAGA-1,CD4 T cells
TGGTTAGCACTGCCAG-1,CD14+ Monocytes
TGGTTAGCATCACGAT-1,CD14+ Monocytes
TGGTTAGGTAAACCTC-1,CD14+ Monocytes
TGGTTAGGTAACGACG-1,CD4 T cells
TGGTTAGGTAGCGTCC-1,CD14+ Monocytes
TGGTTAGGTGAGGCTA-1,CD4 T cells
TGGTTAGGTGGAAAGA-1,CD8 T cells
TGGTTAGGTTTCCACC-1,CD4 T cells
TGGTTAGTCAAAGACA-1,CD4 T cells
TGGTTAGTCCTCCTAG-1,CD4 T cells
TGGTTAGTCTCGCATC-1,CD4 T cells
TGGTTCCAGAGTGAGA-1,CD4 T cells
TGGTTCCAGATGTCGG-1,CD14+ Monocytes
TGGTTCCAGCACGCCT-1,CD8 T cells
TGGTTCCAGTAGCCGA-1,Other
TGGTTCCAGTCGAGTG-1,CD4 T cells
TGGTTCCCAGTTCATG-1,CD4 T cells
TGGTTCCGTCGAACAG-1,CD8 T cells
TGGTTCCGTGCCTGCA-1,CD14+ Monocytes
TGGTTCCTCAGAAATG-1,B cells
TGGTTCCTCCAAAGTC-1,CD4 T cells
TGGTTCCTCCCTCAGT-1,B cells
TGGTTCCTCCGCAAGC-1,CD4 T cells
TGTATTCAGAATGTGT-1,Dendritic Cells
TGTATTCAGCCATCGC-1,CD14+ Monocytes
TGTATTCAGTCCTCCT-1,CD14+ Monocytes
TGTATTCCAATGAATG-1,CD4 T cells
TGTATTCCACTCTGTC-1,CD4 T cells
TGTATTCCATCCCATC-1,CD4 T cells
TGTATTCGTAAACCTC-1,B cells
TGTATTCGTAGCCTAT-1,CD4 T cells
TGTATTCGTCATTAGC-1,CD14+ Monocytes
TGTATTCGTCGGCACT-1,CD4 T cells
TGTATTCGTGCAACTT-1,B cells
TGTATTCTCCTATGTT-1,CD4 T cells
TGTATTCTCGAACTGT-1,CD4 T cells
TGTATTCTCGTCACGG-1,CD4 T cells
TGTATTCTCTATCCTA-1,CD8 T cells
TGTATTCTCTTGCCGT-1,CD14+ Monocytes
TGTCCCAAGGTAAACT-1,CD8 T cells
TGTCCCAAGTAGCGGT-1,CD14+ Monocytes
TGTCCCACAACTGCTA-1,CD14+ Monocytes
TGTCCCACAAGGTGTG-1,CD4 T cells
TGTCCCAGTAAGTGGC-1,CD4 T cells
TGTCCCAGTAAGTGTA-1,CD14+ Monocytes
TGTCCCAGTGCACCAC-1,B cells
TGTCCCAGTGTGACCC-1,CD4 T cells
TGTCCCATCAGTGTTG-1,CD4 T cells
TGTCCCATCGCCAGCA-1,CD4 T cells
TGTCCCATCTTAGCCC-1,B cells
TGTCCCATCTTTACGT-1,CD4 T cells
TGTGGTAAGAAACCTA-1,CD4 T cells
TGTGGTAAGATGCGAC-1,CD8 T cells
TGTGGTAAGCGCTCCA-1,B cells
TGTGGTAAGTCCATAC-1,CD14+ Monocytes
TGTGGTACAAGTTCTG-1,B cells
TGTGGTACACCACCAG-1,CD14+ Monocytes
TGTGGTACACCTCGGA-1,CD8 T cells
TGTGGTAGTTACCGAT-1,CD8 T cells
TGTGGTAGTTGGTTTG-1,B cells
TGTGGTAGTTGTCGCG-1,CD4 T cells
TGTGGTATCACCCTCA-1,CD4 T cells
TGTGGTATCAGCACAT-1,CD4 T cells
TGTGGTATCTGATTCT-1,CD8 T cells
TGTGGTATCTGTGCAA-1,CD4 T cells
TGTGTTTAGGCATTGG-1,CD14+ Monocytes
TGTGTTTAGGCCCTCA-1,CD4 T cells
TGTGTTTCACTCGACG-1,CD4 T cells
TGTGTTTCAGGATCGA-1,CD14+ Monocytes
TGTGTTTCATATACGC-1,Dendritic Cells
TGTGTTTCATGGTAGG-1,B cells
TGTGTTTGTATGAAAC-1,CD4 T cells
TGTGTTTGTGGTTTCA-1,CD8 T cells
TGTGTTTGTGTTCGAT-1,CD4 T cells
TGTGTTTTCCCTTGTG-1,Other
TGTGTTTTCTACTCAT-1,CD14+ Monocytes
TGTGTTTTCTGTGCAA-1,CD8 T cells
TGTGTTTTCTTGTTTG-1,Other
TGTTCCGAGCTAGCCC-1,CD8 T cells
TGTTCCGAGTATCTCG-1,CD4 T cells
TGTTCCGCAATCTACG-1,Megakaryocytes
TGTTCCGCACCCATTC-1,Dendritic Cells
TGTTCCGCACGTCAGC-1,B cells
TGTTCCGCAGCCTTGG-1,CD4 T cells
TGTTCCGCAGCGAACA-1,CD4 T cells
TGTTCCGCAGCGTTCG-1,CD8 T cells
TGTTCCGGTAAACACA-1,CD4 T cells
TGTTCCGGTTTGGCGC-1,B cells
TGTTCCGTCACAATGC-1,CD4 T cells
TGTTCCGTCGAATGGG-1,Other
TGTTCCGTCTTTACAC-1,CD4 T cells
TTAACTCAGAATTGTG-1,CD4 T cells
TTAACTCAGCTACCGC-1,CD4 T cells
TTAACTCAGCTTCGCG-1,B cells
TTAACTCAGTCAATAG-1,FCGR3A+ Monocytes
TTAACTCAGTGTACCT-1,CD14+ Monocytes
TTAACTCAGTTGTAGA-1,CD4 T cells
TTAACTCCAAAGAATC-1,CD8 T cells
TTAACTCCAAGGTTCT-1,CD4 T cells
TTAACTCCACTAAGTC-1,NK cells
TTAACTCCATCCGTGG-1,CD4 T cells
TTAACTCCATGACGGA-1,CD4 T cells
TTAACTCCATTTCAGG-1,Other
TTAACTCGTAGAAGGA-1,CD4 T cells
TTAACTCGTCGCGTGT-1,CD4 T cells
TTAACTCGTCTACCTC-1,Dendritic Cells
TTAACTCGTTCCGTCT-1,B cells
TTAACTCTCAGTGCAT-1,B cells
TTAACTCTCCACTCCA-1,CD14+ Monocytes
TTAACTCTCCTAGGGC-1,NK cells
TTAACTCTCTCCGGTT-1,CD14+ Monocytes
TTAGGACAGAAGGCCT-1,CD14+ Monocytes
TTAGGACAGAGGTAGA-1,B cells
TTAGGACAGATGTGTA-1,CD14+ Monocytes
TTAGGACAGCAGGTCA-1,CD4 T cells
TTAGGACCAAATCCGT-1,B cells
TTAGGACCAACTTGAC-1,CD4 T cells
TTAGGACCAGCTGCAC-1,B cells
TTAGGACCAGGGCATA-1,Other
TTAGGACCAGGGTATG-1,CD4 T cells
TTAGGACCATCTCGCT-1,CD4 T cells
TTAGGACGTAACGCGA-1,CD4 T cells
TTAGGACGTACCGCTG-1,CD14+ Monocytes
TTAGGACGTCACCCAG-1,CD4 T cells
TTAGGACGTCAGAAGC-1,CD4 T cells
TTAGGACGTCAGAGGT-1,CD4 T cells
TTAGGACGTCATACTG-1,CD14+ Monocytes
TTAGGACGTCGCCATG-1,CD4 T cells
TTAGGACTCCGTCATC-1,CD4 T cells
TTAGGACTCCTGCTTG-1,CD4 T cells
TTAGGCAAGAAGAAGC-1,CD14+ Monocytes
TTAGGCAAGAAGGGTA-1,CD4 T cells
TTAGGCACAAACCTAC-1,CD14+ Monocytes
TTAGGCACAATGGAGC-1,CD14+ Monocytes
TTAGGCACACGGTAAG-1,CD14+ Monocytes
TTAGGCAGTCGGGTCT-1,CD14+ Monocytes
TTAGGCAGTCTCATCC-1,CD4 T cells
TTAGGCAGTCTGGTCG-1,B cells
TTAGGCAGTTAAGACA-1,B cells
TTAGGCAGTTATGTGC-1,Dendritic Cells
TTAGGCAGTTTGGGCC-1,CD4 T cells
TTAGGCATCAGCTCGG-1,B cells
TTAGGCATCAGTTAGC-1,CD8 T cells
TTAGGCATCATCTGCC-1,CD14+ Monocytes
TTAGGCATCATGCAAC-1,CD4 T cells
TTAGGCATCCAAACAC-1,NK cells
TTAGGCATCCCAAGTA-1,CD8 T cells
TTAGGCATCTATCCTA-1,CD4 T cells
TTAGTTCAGAGTTGGC-1,CD8 T cells
TTAGTTCAGCAGGTCA-1,B cells
TTAGTTCAGGCAGGTT-1,CD4 T cells
TTAGTTCCAAGGACAC-1,Other
TTAGTTCCACAGATTC-1,CD4 T cells
TTAGTTCCACTACAGT-1,CD8 T cells
TTAGTTCCAGGTCTCG-1,CD14+ Monocytes
TTAGTTCGTACATGTC-1,FCGR3A+ Monocytes
TTAGTTCGTATGAATG-1,CD14+ Monocytes
TTAGTTCGTTGACGTT-1,CD8 T cells
TTAGTTCGTTGGGACA-1,CD4 T cells
TTAGTTCTCAACACGT-1,CD14+ Monocytes
TTAGTTCTCAACACTG-1,CD14+ Monocytes
TTAGTTCTCAGTCCCT-1,B cells
TTAGTTCTCTGACCTC-1,CD8 T cells
TTAGTTCTCTGTTGAG-1,NK cells
TTATGCTAGAAACCGC-1,B cells
TTATGCTAGACATAAC-1,CD8 T cells
TTATGCTAGCATCATC-1,B cells
TTATGCTAGGCACATG-1,CD14+ Monocytes
TTATGCTAGTCTCAAC-1,B cells
TTATGCTAGTGTTAGA-1,Dendritic Cells
TTATGCTCAAGAAAGG-1,CD8 T cells
TTATGCTCAAGGACTG-1,B cells
TTATGCTCAGCCTGTG-1,NK cells
TTATGCTCAGCTTAAC-1,CD4 T cells
TTATGCTCATAAGACA-1,CD8 T cells
TTATGCTCATGCAATC-1,B cells
TTATGCTGTGTTTGGT-1,CD14+ Monocytes
TTATGCTTCAGCTTAG-1,NK cells
TTATGCTTCCGTCAAA-1,CD4 T cells
TTATGCTTCGCCAAAT-1,Megakaryocytes
TTATGCTTCGGATGGA-1,CD14+ Monocytes
TTATGCTTCTAACGGT-1,CD4 T cells
TTATGCTTCTGGTGTA-1,B cells
TTCCCAGAGGCGTACA-1,CD8 T cells
TTCCCAGAGGCTATCT-1,CD8 T cells
TTCCCAGAGTACGACG-1,CD14+ Monocytes
TTCCCAGCAAGCTGGA-1,CD4 T cells
TTCCCAGCAATGGTCT-1,CD14+ Monocytes
TTCCCAGCACGAGGTA-1,CD4 T cells
TTCCCAGCATCACGTA-1,CD8 T cells
TTCCCAGGTAAATACG-1,CD4 T cells
TTCCCAGGTAAGTGTA-1,CD14+ Monocytes
TTCCCAGGTACGCTGC-1,CD8 T cells
TTCCCAGGTAGCTAAA-1,CD8 T cells
TTCCCAGGTCCAACTA-1,CD14+ Monocytes
TTCCCAGGTCTCAACA-1,CD4 T cells
TTCCCAGGTGAAATCA-1,CD4 T cells
TTCCCAGTCAACTCTT-1,B cells
TTCCCAGTCAGGTAAA-1,CD4 T cells
TTCCCAGTCGCACTCT-1,CD4 T cells
TTCGAAGAGCTACCGC-1,CD8 T cells
TTCGAAGAGCTGCGAA-1,CD4 T cells
TTCGAAGAGGAGTCTG-1,CD4 T cells
TTCGAAGAGGCCCTTG-1,CD4 T cells
TTCGAAGCACGCCAGT-1,CD4 T cells
TTCGAAGCACGGATAG-1,CD4 T cells
TTCGAAGCAGCATGAG-1,CD4 T cells
TTCGAAGGTAGCGATG-1,Other
TTCGAAGGTCGGGTCT-1,Other
TTCGAAGGTCTCAACA-1,CD4 T cells
TTCGAAGGTGACTCAT-1,CD8 T cells
TTCGAAGGTGCTAGCC-1,CD8 T cells
TTCGAAGGTGTCCTCT-1,CD4 T cells
TTCGAAGTCCTAGTGA-1,CD4 T cells
TTCGAAGTCCTCCTAG-1,B cells
TTCGAAGTCCTGCTTG-1,CD4 T cells
TTCGAAGTCGGGAGTA-1,B cells
TTCGAAGTCTAGCACA-1,FCGR3A+ Monocytes
TTCGAAGTCTGGTTCC-1,Other
TTCGGTCAGAAGGCCT-1,CD4 T cells
TTCGGTCAGAGACGAA-1,CD14+ Monocytes
TTCGGTCAGATGCCAG-1,CD4 T cells
TTCGGTCAGCATCATC-1,CD4 T cells
TTCGGTCAGGTGACCA-1,B cells
TTCGGTCCACTAGTAC-1,Megakaryocytes
TTCGGTCCAGAGTGTG-1,CD4 T cells
TTCGGTCCAGCCAATT-1,CD4 T cells
TTCGGTCCAGCTATTG-1,CD4 T cells
TTCGGTCCAGCTGTGC-1,CD4 T cells
TTCGGTCCAGTGGGAT-1,B cells
TTCGGTCGTAAGAGAG-1,CD4 T cells
TTCGGTCGTATTCTCT-1,CD4 T cells
TTCGGTCGTCATATGC-1,B cells
TTCGGTCGTCCTCTTG-1,CD4 T cells
TTCGGTCTCAACCAAC-1,Other
TTCGGTCTCACCACCT-1,Other
TTCGGTCTCAGTCCCT-1,B cells
TTCGGTCTCCTTGACC-1,CD4 T cells
TTCGGTCTCGCGATCG-1,Other
TTCGGTCTCGTCTGAA-1,CD4 T cells
TTCGGTCTCTCAACTT-1,CD4 T cells
TTCTACAAGACCTAGG-1,CD4 T cells
TTCTACAAGCTAACTC-1,CD4 T cells
TTCTACAAGCTGTTCA-1,CD4 T cells
TTCTACAAGTCAATAG-1,CD4 T cells
TTCTACAAGTGTTAGA-1,CD4 T cells
TTCTACAAGTGTTGAA-1,CD4 T cells
TTCTACACAACTGGCC-1,CD4 T cells
TTCTACACACGGATAG-1,CD4 T cells
TTCTACACACGTAAGG-1,FCGR3A+ Monocytes
TTCTACACAGACGCTC-1,B cells
TTCTACACAGTAAGAT-1,CD14+ Monocytes
TTCTACAGTATGAAAC-1,CD14+ Monocytes
TTCTACAGTGTATGGG-1,NK cells
TTCTACAGTGTGCGTC-1,CD4 T cells
TTCTACAGTTATTCTC-1,CD8 T cells
TTCTACATCACTTATC-1,CD4 T cells
TTCTACATCAGGCCCA-1,NK cells
TTCTACATCTCCAACC-1,CD4 T cells
TTCTCAAAGCACGCCT-1,FCGR3A+ Monocytes
TTCTCAACACTGTTAG-1,CD4 T cells
TTCTCAACAGCTCGCA-1,CD4 T cells
TTCTCAACAGGCAGTA-1,CD4 T cells
TTCTCAACAGTGACAG-1,CD4 T cells
TTCTCAACATTTCAGG-1,B cells
TTCTCAAGTACAGTGG-1,CD8 T cells
TTCTCAAGTACATGTC-1,CD4 T cells
TTCTCAAGTACTTCTT-1,Other
TTCTCAAGTGACCAAG-1,CD8 T cells
TTCTCAAGTGCTGTAT-1,NK cells
TTCTCAAGTTAGGGTG-1,CD14+ Monocytes
TTCTCAATCATCGGAT-1,Other
TTCTCAATCATTTGGG-1,NK cells
TTCTCAATCTATCCCG-1,CD4 T cells
TTCTCCTAGACGACGT-1,CD14+ Monocytes
TTCTCCTAGTCAATAG-1,FCGR3A+ Monocytes
TTCTCCTCAAACGTGG-1,B cells
TTCTCCTCAATACGCT-1,B cells
TTCTCCTCACATGGGA-1,CD4 T cells
TTCTCCTCAGATGGGT-1,CD14+ Monocytes
TTCTCCTGTATATGAG-1,CD4 T cells
TTCTCCTGTGGAAAGA-1,CD8 T cells
TTCTCCTGTTTGACTG-1,CD14+ Monocytes
TTCTCCTTCCGCGCAA-1,B cells
TTCTCCTTCGATCCCT-1,CD14+ Monocytes
TTCTCCTTCTGAGGGA-1,CD4 T cells
TTCTTAGAGCCAACAG-1,CD4 T cells
TTCTTAGAGCGTGAAC-1,CD4 T cells
TTCTTAGCAGATCGGA-1,CD4 T cells
TTCTTAGCAGCCAGAA-1,CD4 T cells
TTCTTAGGTCACCCAG-1,CD4 T cells
TTCTTAGGTCGAACAG-1,CD8 T cells
TTCTTAGGTGACTACT-1,CD4 T cells
TTCTTAGGTGCGATAG-1,CD4 T cells
TTCTTAGGTTAAGGGC-1,CD14+ Monocytes
TTCTTAGGTTACGGAG-1,FCGR3A+ Monocytes
TTCTTAGTCAAACCAC-1,CD4 T cells
TTCTTAGTCACTGGGC-1,CD4 T cells
TTCTTAGTCCACTCCA-1,CD8 T cells
TTCTTAGTCCGCATAA-1,CD4 T cells
TTCTTAGTCGCTTGTC-1,Other
TTGAACGAGCCACGCT-1,CD14+ Monocytes
TTGAACGCAAAGTCAA-1,B cells
TTGAACGCATCCCATC-1,CD14+ Monocytes
TTGAACGCATGAAGTA-1,CD14+ Monocytes
TTGAACGGTCTAGGTT-1,CD4 T cells
TTGAACGGTGAACCTT-1,CD4 T cells
TTGAACGGTGATAAAC-1,B cells
TTGAACGTCGCATGAT-1,CD14+ Monocytes
TTGACTTAGATATGCA-1,CD4 T cells
TTGACTTAGCACGCCT-1,Megakaryocytes
TTGACTTAGGTGCACA-1,CD4 T cells
TTGACTTAGTCAAGGC-1,CD8 T cells
TTGACTTCACGGCTAC-1,CD8 T cells
TTGACTTCACTGTCGG-1,CD4 T cells
TTGACTTCAGACACTT-1,CD4 T cells
TTGACTTCAGCCTATA-1,B cells
TTGACTTCAGCGAACA-1,CD4 T cells
TTGACTTGTAAACACA-1,B cells
TTGACTTGTACCAGTT-1,CD4 T cells
TTGACTTGTCGATTGT-1,CD4 T cells
TTGACTTGTCTGCGGT-1,CD4 T cells
TTGACTTGTTCAGTAC-1,CD4 T cells
TTGACTTGTTGTCTTT-1,CD4 T cells
TTGACTTGTTGTTTGG-1,CD4 T cells
TTGACTTGTTTCCACC-1,CD14+ Monocytes
TTGACTTGTTTGTTGG-1,Dendritic Cells
TTGACTTTCAACCAAC-1,CD14+ Monocytes
TTGACTTTCACATGCA-1,B cells
TTGACTTTCCAGATCA-1,CD8 T cells
TTGACTTTCGGAATCT-1,CD8 T cells
TTGACTTTCGTGGACC-1,CD4 T cells
TTGACTTTCTTTACAC-1,CD4 T cells
TTGCCGTAGGACAGAA-1,CD4 T cells
TTGCCGTAGTCTCGGC-1,CD8 T cells
TTGCCGTCAAGTAGTA-1,CD4 T cells
TTGCCGTCATACTCTT-1,B cells
TTGCCGTCATGCAACT-1,B cells
TTGCCGTCATTCTTAC-1,CD4 T cells
TTGCCGTGTAGATTAG-1,CD4 T cells
TTGCCGTGTCGCATAT-1,CD4 T cells
TTGCCGTGTCTCTTTA-1,CD14+ Monocytes
TTGCCGTGTGGCAAAC-1,CD4 T cells
TTGCCGTGTGTGCGTC-1,CD4 T cells
TTGCCGTTCCAGAAGG-1,CD14+ Monocytes
TTGCCGTTCCCAGGTG-1,CD4 T cells
TTGCGTCAGGGTCGAT-1,B cells
TTGCGTCCAACACGCC-1,B cells
TTGCGTCCAAGACACG-1,CD8 T cells
TTGCGTCCAATCCAAC-1,CD4 T cells
TTGCGTCCAATGAAAC-1,Dendritic Cells
TTGCGTCCACATGGGA-1,CD4 T cells
TTGCGTCCAGACAGGT-1,CD8 T cells
TTGCGTCCAGCCACCA-1,CD4 T cells
TTGCGTCCAGGGTACA-1,CD4 T cells
TTGCGTCCAGTGACAG-1,CD14+ Monocytes
TTGCGTCGTCCGAACC-1,Other
TTGCGTCGTCCTCCAT-1,CD4 T cells
TTGCGTCGTTACGCGC-1,CD4 T cells
TTGCGTCGTTAGAACA-1,CD4 T cells
TTGCGTCTCAAACCGT-1,FCGR3A+ Monocytes
TTGCGTCTCCACGTTC-1,B cells
TTGCGTCTCGAATCCA-1,CD14+ Monocytes
TTGCGTCTCGGCGGTT-1,CD14+ Monocytes
TTGGAACAGACTTTCG-1,Other
TTGGAACAGAGGGCTT-1,CD4 T cells
TTGGAACAGAGTACCG-1,CD4 T cells
TTGGAACAGCTGGAAC-1,CD8 T cells
TTGGAACCAAGCCCAC-1,CD8 T cells
TTGGAACCACACCGCA-1,CD14+ Monocytes
TTGGAACCACGGACAA-1,B cells
TTGGAACCACTTAAGC-1,NK cells
TTGGAACCATGTCGAT-1,B cells
TTGGAACCATTGTGCA-1,NK cells
TTGGAACGTCATGCCG-1,CD4 T cells
TTGGAACGTCCCTTGT-1,B cells
TTGGAACGTCGTCTTC-1,CD4 T cells
TTGGAACGTGACAAAT-1,B cells
TTGGAACGTGTTTGGT-1,CD4 T cells
TTGGAACTCTACTATC-1,CD4 T cells
TTGGAACTCTGTACGA-1,CD8 T cells
TTGGCAAAGCCGCCTA-1,CD8 T cells
TTGGCAAAGCTAACAA-1,B cells
TTGGCAAAGTACATGA-1,CD4 T cells
TTGGCAACAAGCGATG-1,CD8 T cells
TTGGCAACAATTCCTT-1,CD14+ Monocytes
TTGGCAAGTGAACCTT-1,CD4 T cells
TTGGCAAGTGTTAAGA-1,B cells
TTGGCAAGTTCGGCAC-1,B cells
TTGGCAAGTTCGTCTC-1,CD8 T cells
TTGGCAATCACTGGGC-1,FCGR3A+ Monocytes
TTGGCAATCTCCTATA-1,CD4 T cells
TTGGCAATCTTACCTA-1,CD4 T cells
TTGGCAATCTTCGAGA-1,NK cells
TTGTAGGAGATTACCC-1,CD14+ Monocytes
TTGTAGGAGCCAGAAC-1,CD4 T cells
TTGTAGGAGGTGATAT-1,B cells
TTGTAGGAGTGTACGG-1,CD4 T cells
TTGTAGGCACAGAGGT-1,CD14+ Monocytes
TTGTAGGCACCAGATT-1,CD4 T cells
TTGTAGGCACCGTTGG-1,B cells
TTGTAGGCAGTCTTCC-1,CD4 T cells
TTGTAGGCATCCAACA-1,B cells
TTGTAGGGTGTTGGGA-1,CD14+ Monocytes
TTGTAGGGTTCAGACT-1,CD4 T cells
TTGTAGGGTTCGTCTC-1,CD4 T cells
TTGTAGGTCACCACCT-1,B cells
TTGTAGGTCATTGCGA-1,CD4 T cells
TTGTAGGTCCGAACGC-1,NK cells
TTGTAGGTCCTAAGTG-1,CD4 T cells
TTGTAGGTCCTCCTAG-1,CD14+ Monocytes
TTGTAGGTCGCACTCT-1,CD4 T cells
TTGTAGGTCTACCAGA-1,CD8 T cells
TTTACTGAGAATTCCC-1,CD4 T cells
TTTACTGAGAGAGCTC-1,CD4 T cells
TTTACTGAGGACGAAA-1,CD4 T cells
TTTACTGAGGGTGTGT-1,B cells
TTTACTGAGTGGGATC-1,CD4 T cells
TTTACTGAGTTGCAGG-1,B cells
TTTACTGCACGAAAGC-1,CD14+ Monocytes
TTTACTGGTACCGTAT-1,CD4 T cells
TTTACTGGTTCCAACA-1,FCGR3A+ Monocytes
TTTACTGGTTGTGGAG-1,CD4 T cells
TTTACTGTCAGTCCCT-1,B cells
TTTACTGTCCGCATCT-1,FCGR3A+ Monocytes
TTTACTGTCCTTTACA-1,CD4 T cells
TTTACTGTCGTGGGAA-1,CD4 T cells
TTTACTGTCGTGGTCG-1,Other
TTTACTGTCTGATTCT-1,B cells
TTTACTGTCTGCAAGT-1,B cells
TTTATGCAGAAGGTTT-1,CD8 T cells
TTTATGCAGAGTGACC-1,CD4 T cells
TTTATGCAGATGGGTC-1,CD14+ Monocytes
TTTATGCAGCGATGAC-1,CD4 T cells
TTTATGCAGGACATTA-1,CD14+ Monocytes
TTTATGCAGGCATGTG-1,CD14+ Monocytes
TTTATGCCAAGCCCAC-1,CD4 T cells
TTTATGCCAAGGACTG-1,B cells
TTTATGCCAGCCTTTC-1,CD4 T cells
TTTATGCCATGACATC-1,CD4 T cells
TTTATGCGTACTTAGC-1,FCGR3A+ Monocytes
TTTATGCGTAGTAGTA-1,CD4 T cells
TTTATGCGTCTAGCCG-1,CD4 T cells
TTTATGCGTGTCGCTG-1,Other
TTTATGCGTTGGGACA-1,CD4 T cells
TTTATGCTCTCATTCA-1,Dendritic Cells
TTTCCTCAGACAGAGA-1,CD14+ Monocytes
TTTCCTCAGCGTTGCC-1,Other
TTTCCTCAGTGCGATG-1,Other
TTTCCTCAGTGGGATC-1,CD4 T cells
TTTCCTCCAGGGCATA-1,B cells
TTTCCTCGTAGGACAC-1,CD4 T cells
TTTCCTCGTCCTCCAT-1,CD4 T cells
TTTCCTCGTGTAATGA-1,CD4 T cells
TTTCCTCGTTACCGAT-1,CD4 T cells
TTTCCTCTCAACTCTT-1,CD4 T cells
TTTCCTCTCACGCATA-1,CD4 T cells
TTTCCTCTCCACGTGG-1,CD4 T cells
TTTGCGCAGACTGTAA-1,FCGR3A+ Monocytes
TTTGCGCAGAGTGACC-1,CD8 T cells
TTTGCGCAGCAGGCTA-1,CD14+ Monocytes
TTTGCGCAGCCACGCT-1,B cells
TTTGCGCAGCTGAACG-1,CD8 T cells
TTTGCGCAGGGTATCG-1,CD14+ Monocytes
TTTGCGCAGGTGGGTT-1,CD4 T cells
TTTGCGCCAAGCGTAG-1,CD4 T cells
TTTGCGCCAAGGGTCA-1,CD14+ Monocytes
TTTGCGCCACCATCCT-1,CD4 T cells
TTTGCGCCACTGTTAG-1,B cells
TTTGCGCGTAAACGCG-1,B cells
TTTGCGCGTAAATGAC-1,B cells
TTTGCGCGTACCGAGA-1,CD14+ Monocytes
TTTGCGCGTAGCTGCC-1,B cells
TTTGCGCGTATAAACG-1,CD4 T cells
TTTGCGCGTCAAAGAT-1,CD4 T cells
TTTGCGCGTGACGGTA-1,CD4 T cells
TTTGCGCGTTCCGTCT-1,Dendritic Cells
TTTGCGCTCGCTTAGA-1,CD8 T cells
TTTGCGCTCGGAAATA-1,CD4 T cells
TTTGCGCTCGTTTGCC-1,CD14+ Monocytes
TTTGCGCTCTCTTATG-1,CD8 T cells
TTTGGTTAGCTATGCT-1,B cells
TTTGGTTAGGTTACCT-1,Other
TTTGGTTCACCTCGTT-1,CD14+ Monocytes
TTTGGTTCACTACAGT-1,CD14+ Monocytes
TTTGGTTCAGATCCAT-1,CD14+ Monocytes
TTTGGTTCAGGGCATA-1,CD8 T cells
TTTGGTTCAGTAGAGC-1,CD4 T cells
TTTGGTTGTAACGACG-1,Other
TTTGGTTGTCAAGCGA-1,CD4 T cells
TTTGGTTGTCCAACTA-1,CD4 T cells
TTTGGTTGTGTAATGA-1,CD14+ Monocytes
TTTGGTTGTTTAAGCC-1,CD8 T cells
TTTGGTTTCAACACCA-1,CD4 T cells
TTTGGTTTCAGCGATT-1,FCGR3A+ Monocytes
TTTGGTTTCCAAGCCG-1,FCGR3A+ Monocytes
TTTGGTTTCCAGATCA-1,CD4 T cells
TTTGGTTTCCTCCTAG-1,CD14+ Monocytes
TTTGGTTTCGTGGGAA-1,CD4 T cells
TTTGGTTTCTCATTCA-1,CD4 T cells
TTTGGTTTCTTCAACT-1,CD4 T cells
TTTGTCAAGACGCACA-1,CD4 T cells
TTTGTCAAGACTTTCG-1,Other
TTTGTCAAGCACCGTC-1,B cells
TTTGTCAAGCGGCTTC-1,CD4 T cells
TTTGTCACAGACTCGC-1,CD4 T cells
TTTGTCACAGCTCCGA-1,CD4 T cells
TTTGTCACAGGGATTG-1,CD8 T cells
TTTGTCAGTAGCAAAT-1,CD8 T cells
TTTGTCAGTCAGATAA-1,CD4 T cells
TTTGTCAGTCGCGTGT-1,CD14+ Monocytes
TTTGTCAGTTACCGAT-1,CD4 T cells
TTTGTCATCATGTCCC-1,CD4 T cells
TTTGTCATCCGATATG-1,CD4 T cells
TTTGTCATCGTCTGAA-1,CD14+ Monocytes
TTTGTCATCTCGAGTA-1,CD4 T cells
TTTGTCATCTGCTTGC-1,CD4 T cells
AAACCTGAGACAGACC-1,CD14+ Monocytes
AAACCTGAGCGCCTCA-1,CD4 T cells
AAACCTGAGGCATGGT-1,CD4 T cells
AAACCTGCAAGGTTCT-1,CD4 T cells
AAACCTGCAGGATTGG-1,Other
AAACCTGCAGGCGATA-1,Dendritic Cells
AAACCTGCATCCCATC-1,B cells
AAACCTGCATGAAGTA-1,Other
AAACCTGGTACATCCA-1,B cells
AAACCTGGTGCGGTAA-1,CD4 T cells
AAACCTGTCGTGGTCG-1,CD4 T cells
AAACCTGTCTCTGCTG-1,CD4 T cells
AAACGGGAGCGGCTTC-1,Dendritic Cells
AAACGGGAGGCTAGCA-1,CD4 T cells
AAACGGGAGTGTCCAT-1,CD4 T cells
AAACGGGGTCTTCTCG-1,CD14+ Monocytes
AAACGGGGTGGACGAT-1,CD8 T cells
AAACGGGGTTTGCATG-1,Dendritic Cells
AAACGGGTCTGGGCCA-1,CD4 T cells
AAACGGGTCTGGTATG-1,CD4 T cells
AAAGATGAGACATAAC-1,CD4 T cells
AAAGATGGTCCCTACT-1,B cells
AAAGATGTCCGAATGT-1,CD4 T cells
AAAGATGTCTGGTTCC-1,CD14+ Monocytes
AAAGCAAAGTGTCCAT-1,Other
AAAGCAACACCGAAAG-1,CD4 T cells
AAAGCAAGTAAACACA-1,NK cells
AAAGCAAGTCAAGCGA-1,CD4 T cells
AAAGCAAGTCTCACCT-1,CD14+ Monocytes
AAAGCAAGTCTTTCAT-1,CD4 T cells
AAAGCAAGTTGTTTGG-1,CD4 T cells
AAAGCAATCGTATCAG-1,NK cells
AAAGCAATCTGCCCTA-1,Dendritic Cells
AAAGTAGAGAAGGTGA-1,CD4 T cells
AAAGTAGAGCGACGTA-1,CD8 T cells
AAAGTAGAGGGCACTA-1,CD14+ Monocytes
AAAGTAGAGTCAAGGC-1,FCGR3A+ Monocytes
AAAGTAGAGTCCATAC-1,B cells
AAAGTAGCACATGACT-1,B cells
AAAGTAGCAGCTGTTA-1,B cells
AAAGTAGGTTACTGAC-1,CD14+ Monocytes
AAAGTAGTCTCAAGTG-1,CD4 T cells
AAATGCCAGACGCACA-1,CD4 T cells
AAATGCCAGGGCTTCC-1,CD14+ Monocytes
AAATGCCAGGGTATCG-1,CD4 T cells
AAATGCCCACATTTCT-1,CD4 T cells
AAATGCCCAGACACTT-1,CD14+ Monocytes
AAATGCCGTGCAGTAG-1,CD4 T cells
AAATGCCGTTTCGCTC-1,CD4 T cells
AAATGCCTCAGGCCCA-1,B cells
AACACGTAGGTGCTAG-1,CD14+ Monocytes
AACACGTCACCTGGTG-1,Other
AACACGTCATGGTTGT-1,CD4 T cells
AACACGTGTACCGTAT-1,CD4 T cells
AACACGTGTATCAGTC-1,Other
AACACGTTCGCATGGC-1,CD4 T cells
AACACGTTCTTACCGC-1,CD8 T cells
AACCATGAGAGTACCG-1,Dendritic Cells
AACCATGAGGAGCGTT-1,CD8 T cells
AACCATGCAGTCCTTC-1,CD14+ Monocytes
AACCATGGTACAGCAG-1,CD14+ Monocytes
AACCATGGTATCTGCA-1,CD4 T cells
AACCATGTCGGAAACG-1,CD4 T cells
AACCATGTCGGATGTT-1,Other
AACCGCGAGACACTAA-1,CD4 T cells
AACCGCGAGATCCCAT-1,Other
AACCGCGAGGGTGTGT-1,CD14+ Monocytes
AACCGCGCACGGCCAT-1,CD8 T cells
AACCGCGCATGGTCTA-1,CD4 T cells
AACCGCGGTAAGTGTA-1,CD4 T cells
AACCGCGGTAGGAGTC-1,CD8 T cells
AACCGCGTCTGCTTGC-1,CD4 T cells
AACGTTGAGGTCATCT-1,CD14+ Monocytes
AACGTTGCAGTCGTGC-1,CD8 T cells
AACGTTGCAGTTAACC-1,CD4 T cells
AACGTTGGTGTAACGG-1,CD4 T cells
AACGTTGTCACTGGGC-1,Dendritic Cells
AACGTTGTCCACGAAT-1,Megakaryocytes
AACGTTGTCTTGTATC-1,CD4 T cells
AACTCAGCAACGATGG-1,CD4 T cells
AACTCAGCACGGTTTA-1,CD4 T cells
AACTCAGGTGCACTTA-1,CD8 T cells
AACTCAGGTGTAAGTA-1,Other
AACTCAGGTTACCGAT-1,CD8 T cells
AACTCAGGTTGTCGCG-1,CD4 T cells
AACTCAGGTTTGACAC-1,Dendritic Cells
AACTCAGTCAGAGCTT-1,NK cells
AACTCAGTCCAACCAA-1,CD8 T cells
AACTCCCAGAAACCTA-1,CD4 T cells
AACTCCCAGCGTGAAC-1,Other
AACTCCCCACATGGGA-1,CD4 T cells
AACTCCCCACCATGTA-1,CD8 T cells
AACTCCCCACTACAGT-1,B cells
AACTCCCCATTAGCCA-1,CD4 T cells
AACTCCCCATTGGTAC-1,CD4 T cells
AACTCCCGTACCGTAT-1,CD14+ Monocytes
AACTCCCGTAGAGGAA-1,NK cells
AACTCCCGTATTCTCT-1,CD4 T cells
AACTCCCGTCTCAACA-1,B cells
AACTCCCGTTGGTAAA-1,CD4 T cells
AACTCCCTCACGGTTA-1,CD4 T cells
AACTCCCTCGTATCAG-1,CD4 T cells
AACTCTTAGATAGGAG-1,CD4 T cells
AACTCTTCAAGGGTCA-1,CD8 T cells
AACTCTTCAGTCTTCC-1,CD4 T cells
AACTCTTGTTACGCGC-1,CD4 T cells
AACTCTTTCAACGAAA-1,CD4 T cells
AACTCTTTCTCTTATG-1,B cells
AACTGGTAGCGATAGC-1,CD14+ Monocytes
AACTGGTAGCTGCCCA-1,NK cells
AACTGGTGTACATCCA-1,CD4 T cells
AACTGGTGTACGAAAT-1,B cells
AACTGGTGTGAGCGAT-1,NK cells
AACTGGTGTTTCGCTC-1,CD4 T cells
AACTGGTTCCTTCAAT-1,NK cells
AACTGGTTCGGAGGTA-1,B cells
AACTTTCAGAGCTATA-1,CD8 T cells
AACTTTCAGAGTAAGG-1,CD4 T cells
AACTTTCAGGGTGTTG-1,CD4 T cells
AACTTTCCAATACGCT-1,B cells
AACTTTCCACACCGAC-1,B cells
AACTTTCCATAAAGGT-1,CD8 T cells
AACTTTCTCAACACGT-1,CD14+ Monocytes
AACTTTCTCAAGGCTT-1,B cells
AACTTTCTCATCGGAT-1,Dendritic Cells
AAGACCTAGAAACGAG-1,CD8 T cells
AAGACCTAGAATTCCC-1,CD4 T cells
AAGACCTAGCACCGTC-1,CD4 T cells
AAGACCTGTGAGGCTA-1,CD4 T cells
AAGACCTGTGCAGGTA-1,B cells
AAGACCTGTTTGACAC-1,CD4 T cells
AAGACCTTCGAACGGA-1,CD14+ Monocytes
AAGCCGCAGGCCATAG-1,CD4 T cells
AAGCCGCCAATCTGCA-1,CD4 T cells
AAGCCGCCAATGTAAG-1,B cells
AAGCCGCCACGAAACG-1,NK cells
AAGCCGCGTAGCAAAT-1,CD4 T cells
AAGCCGCGTGTAACGG-1,CD4 T cells
AAGCCGCTCAAGGTAA-1,CD14+ Monocytes
AAGGAGCAGTTATCGC-1,CD14+ Monocytes
AAGGAGCCAAGTTAAG-1,CD4 T cells
AAGGAGCGTACGCACC-1,CD4 T cells
AAGGAGCGTACTCAAC-1,CD14+ Monocytes
AAGGAGCGTAGTACCT-1,CD4 T cells
AAGGAGCGTCAAAGCG-1,CD4 T cells
AAGGAGCGTGGTTTCA-1,CD14+ Monocytes
AAGGAGCGTTGAGGTG-1,B cells
AAGGAGCTCATGCAAC-1,B cells
AAGGAGCTCTGTGCAA-1,CD4 T cells
AAGGCAGAGAATCTCC-1,B cells
AAGGCAGAGTGGGTTG-1,CD14+ Monocytes
AAGGCAGCAAATACAG-1,CD14+ Monocytes
AAGGCAGCACCATCCT-1,Dendritic Cells
AAGGCAGGTAGTGAAT-1,Megakaryocytes
AAGGCAGGTGGTAACG-1,Other
AAGGCAGTCCGCATCT-1,CD4 T cells
AAGGCAGTCCGCGGTA-1,CD4 T cells
AAGGCAGTCCTATGTT-1,B cells
AAGGCAGTCGTACGGC-1,CD8 T cells
AAGGTTCAGGTGATAT-1,CD14+ Monocytes
AAGGTTCAGTGTACCT-1,CD4 T cells
AAGGTTCCAAGGCTCC-1,B cells
AAGGTTCCACACGCTG-1,CD14+ Monocytes
AAGGTTCCACCGTTGG-1,CD4 T cells
AAGGTTCCACGAAACG-1,NK cells
AAGGTTCGTGCCTGCA-1,CD4 T cells
AAGGTTCTCCATGAAC-1,CD4 T cells
AAGGTTCTCTACTATC-1,NK cells
AAGGTTCTCTCGTATT-1,B cells
AAGGTTCTCTTGAGGT-1,CD4 T cells
AAGTCTGAGAGGGATA-1,CD14+ Monocytes
AAGTCTGAGAGTACAT-1,CD4 T cells
AAGTCTGAGCGGATCA-1,NK cells
AAGTCTGAGTCAAGCG-1,B cells
AAGTCTGCAAGGGTCA-1,CD14+ Monocytes
AAGTCTGCACTGTTAG-1,CD4 T cells
AATCCAGAGAGACTAT-1,NK cells
AATCCAGAGCCAACAG-1,CD4 T cells
AATCCAGAGCCACCTG-1,B cells
AATCCAGAGTAATCCC-1,NK cells
AATCCAGCACAGGCCT-1,B cells
AATCCAGCAGCCTGTG-1,Megakaryocytes
AATCCAGGTAAAGTCA-1,CD14+ Monocytes
AATCCAGGTGAAATCA-1,CD4 T cells
AATCCAGGTGCGCTTG-1,CD14+ Monocytes
AATCCAGTCCCAGGTG-1,B cells
AATCCAGTCCGAATGT-1,CD4 T cells
AATCCAGTCTCCAGGG-1,CD4 T cells
AATCCAGTCTCGCTTG-1,CD14+ Monocytes
AATCGGTCAGGACCCT-1,FCGR3A+ Monocytes
AATCGGTCATCGTCGG-1,CD14+ Monocytes
AATCGGTGTCGGATCC-1,CD14+ Monocytes
AATCGGTGTGACTCAT-1,CD4 T cells
AATCGGTGTTCCATGA-1,CD4 T cells
AATCGGTTCACCGTAA-1,Other
ACACCAAAGAAACGCC-1,NK cells
ACACCAAAGACTGGGT-1,CD4 T cells
ACACCAAAGGCAATTA-1,CD4 T cells
ACACCAAAGGCTATCT-1,CD8 T cells
ACACCAAAGTTCCACA-1,CD8 T cells
ACACCAAAGTTTCCTT-1,CD4 T cells
ACACCAACAACTGCTA-1,CD8 T cells
ACACCAAGTAGCGATG-1,CD8 T cells
ACACCAATCATTGCGA-1,CD14+ Monocytes
ACACCAATCTTGACGA-1,CD8 T cells
ACACCCTAGTACGTTC-1,B cells
ACACCCTAGTGTTAGA-1,CD8 T cells
ACACCCTCATCTCCCA-1,FCGR3A+ Monocytes
ACACCCTCATGCAATC-1,CD4 T cells
ACACCCTGTAAGGGCT-1,CD4 T cells
ACACCCTGTCGCTTTC-1,CD4 T cells
ACACCCTGTTCTGGTA-1,CD14+ Monocytes
ACACCGGAGCTAAGAT-1,CD14+ Monocytes
ACACCGGAGGCAGGTT-1,CD4 T cells
ACACCGGAGTAACCCT-1,CD14+ Monocytes
ACACCGGCAACCGCCA-1,CD4 T cells
ACACCGGCACACATGT-1,NK cells
ACACCGGCACAGGTTT-1,NK cells
ACACCGGCAGCTGCTG-1,CD4 T cells
ACACCGGCATCCTTGC-1,CD4 T cells
ACACCGGGTATGAATG-1,Other
ACACCGGTCCCATTTA-1,CD4 T cells
ACACCGGTCGTAGGAG-1,CD4 T cells
ACACTGAAGCGGCTTC-1,CD4 T cells
ACACTGACAAGTAATG-1,CD8 T cells
ACACTGAGTGGTGTAG-1,CD14+ Monocytes
ACACTGATCCTTCAAT-1,CD4 T cells
ACACTGATCGTTACGA-1,CD4 T cells
ACACTGATCTTTAGGG-1,CD8 T cells
ACAGCCGCAGTTCATG-1,B cells
ACAGCCGGTCATACTG-1,CD4 T cells
ACAGCCGGTCTCAACA-1,CD4 T cells
ACAGCCGGTCTTGATG-1,FCGR3A+ Monocytes
ACAGCCGTCACCGTAA-1,CD4 T cells
ACAGCTAAGATAGCAT-1,B cells
ACAGCTAAGCCGATTT-1,CD14+ Monocytes
ACAGCTAAGGACAGCT-1,CD4 T cells
ACAGCTAAGTTAGGTA-1,CD8 T cells
ACAGCTACACTAAGTC-1,CD14+ Monocytes
ACAGCTACATACGCTA-1,NK cells
ACAGCTAGTAAGTGGC-1,CD4 T cells
ACAGCTAGTATTAGCC-1,CD8 T cells
ACAGCTAGTCGGGTCT-1,CD14+ Monocytes
ACAGCTATCAACGGCC-1,CD4 T cells
ACAGCTATCGCATGAT-1,CD4 T cells
ACATACGAGTTACGGG-1,CD4 T cells
ACATACGCAGCTGCAC-1,CD4 T cells
ACATACGTCACCGGGT-1,CD14+ Monocytes
ACATACGTCGGGAGTA-1,CD4 T cells
ACATCAGAGGTGCAAC-1,CD4 T cells
ACATCAGCAGCTGTAT-1,CD4 T cells
ACATCAGCATATACGC-1,B cells
ACATCAGGTGTGACCC-1,CD4 T cells
ACATCAGGTTTGTTTC-1,CD4 T cells
ACATGGTAGCATGGCA-1,B cells
ACATGGTAGTCTCAAC-1,CD8 T cells
ACATGGTCAAATACAG-1,CD4 T cells
ACATGGTCAACCGCCA-1,CD4 T cells
ACATGGTCATTTCACT-1,B cells
ACATGGTTCTGCAAGT-1,B cells
ACCAGTAAGGGCTCTC-1,CD8 T cells
ACCAGTAAGTGATCGG-1,CD14+ Monocytes
ACCAGTAGTACAAGTA-1,CD4 T cells
ACCAGTAGTAGAGCTG-1,CD14+ Monocytes
ACCAGTAGTCTCTCTG-1,CD8 T cells
ACCAGTAGTGAGTGAC-1,CD4 T cells
ACCAGTAGTGGTTTCA-1,CD4 T cells
ACCAGTAGTTGACGTT-1,CD8 T cells
ACCAGTAGTTGTACAC-1,B cells
ACCAGTATCCGTACAA-1,Other
ACCAGTATCCTCAATT-1,CD4 T cells
ACCAGTATCGCCTGAG-1,CD4 T cells
ACCAGTATCGCGTAGC-1,FCGR3A+ Monocytes
ACCAGTATCTCATTCA-1,Dendritic Cells
ACCCACTAGCAATATG-1,B cells
ACCCACTAGCGCCTCA-1,NK cells
ACCCACTAGCTAGTGG-1,CD4 T cells
ACCCACTAGGTGATAT-1,CD14+ Monocytes
ACCCACTAGTGGACGT-1,B cells
ACCCACTCATAAGACA-1,B cells
ACCCACTGTAAGTAGT-1,CD8 T cells
ACCCACTGTAGGCTGA-1,CD4 T cells
ACCCACTTCGAGAGCA-1,CD8 T cells
ACCCACTTCGGAGCAA-1,CD4 T cells
ACCCACTTCGGCTTGG-1,CD4 T cells
ACCCACTTCTGTACGA-1,CD4 T cells
ACCGTAAAGATAGGAG-1,CD14+ Monocytes
ACCGTAACAGGACCCT-1,B cells
ACCGTAAGTGGTCTCG-1,CD14+ Monocytes
ACCGTAATCACATACG-1,Other
ACCTTTAAGCAGCGTA-1,CD14+ Monocytes
ACCTTTAAGTATTGGA-1,CD4 T cells
ACCTTTACAATTGCTG-1,CD4 T cells
ACCTTTACACATTAGC-1,B cells
ACCTTTACACCGTTGG-1,B cells
ACCTTTACATGGTCAT-1,NK cells
ACCTTTACATGTTGAC-1,CD4 T cells
ACCTTTATCTCTTATG-1,CD4 T cells
ACGAGCCAGAGTACCG-1,B cells
ACGAGCCAGGGTCTCC-1,CD8 T cells
ACGAGCCAGTCGATAA-1,CD8 T cells
ACGAGCCCAGGGTTAG-1,CD4 T cells
ACGAGCCCATGAACCT-1,CD4 T cells
ACGAGCCCATTGAGCT-1,CD4 T cells
ACGAGCCGTTGGTAAA-1,CD4 T cells
ACGAGCCTCCTCAACC-1,B cells
ACGAGCCTCGGAGCAA-1,CD4 T cells
ACGAGCCTCTCTGAGA-1,CD14+ Monocytes
ACGAGCCTCTGTTTGT-1,CD4 T cells
ACGAGGAAGAATGTTG-1,FCGR3A+ Monocytes
ACGAGGAAGCAATATG-1,CD4 T cells
ACGAGGAAGCACACAG-1,CD14+ Monocytes
ACGAGGAAGCTAACTC-1,CD4 T cells
ACGAGGACAAAGGAAG-1,NK cells
ACGAGGACATCAGTCA-1,B cells
ACGAGGACATTCGACA-1,CD4 T cells
ACGAGGATCTACTATC-1,CD8 T cells
ACGATACAGAATGTTG-1,CD14+ Monocytes
ACGATACAGCCCAGCT-1,Dendritic Cells
ACGATACCAATTCCTT-1,B cells
ACGATACCAGATGAGC-1,CD14+ Monocytes
ACGATACCATGCCTAA-1,Other
ACGATACGTCGGCATC-1,CD4 T cells
ACGATACGTTAAGAAC-1,CD4 T cells
ACGATACTCGTAGGTT-1,NK cells
ACGATGTAGATCTGCT-1,CD8 T cells
ACGATGTAGTCCAGGA-1,FCGR3A+ Monocytes
ACGATGTGTCATCGGC-1,CD14+ Monocytes
ACGCAGCAGTGACATA-1,CD4 T cells
ACGCAGCCACCTTGTC-1,CD14+ Monocytes
ACGCAGCCATAAAGGT-1,Dendritic Cells
ACGCAGCGTGTGGCTC-1,CD4 T cells
ACGCAGCGTTTACTCT-1,B cells
ACGCAGCTCTACTATC-1,CD4 T cells
ACGCAGCTCTCGAGTA-1,CD4 T cells
ACGCCAGAGAATAGGG-1,B cells
ACGCCAGAGAGACGAA-1,CD8 T cells
ACGCCAGAGGGTATCG-1,Dendritic Cells
ACGCCAGAGTACGTAA-1,CD8 T cells
ACGCCAGGTACTCTCC-1,B cells
ACGCCAGGTGAACCTT-1,B cells
ACGCCAGTCAAGCCTA-1,Other
ACGCCGAAGATTACCC-1,Other
ACGCCGAAGTCGTACT-1,CD4 T cells
ACGCCGAGTCATATCG-1,CD8 T cells
ACGCCGAGTGCTAGCC-1,CD4 T cells
ACGCCGATCAGGATCT-1,CD14+ Monocytes
ACGCCGATCTTAACCT-1,Other
ACGGAGAGTCACAAGG-1,CD4 T cells
ACGGAGAGTCGAGTTT-1,CD14+ Monocytes
ACGGAGATCGTGACAT-1,NK cells
ACGGCCAAGAGATGAG-1,CD4 T cells
ACGGCCAAGCGACGTA-1,B cells
ACGGCCAAGCGATGAC-1,NK cells
ACGGCCAAGGAGTAGA-1,CD4 T cells
ACGGCCAAGTACGTAA-1,CD14+ Monocytes
ACGGCCAAGTGACTCT-1,CD14+ Monocytes
ACGGCCAGTCTCATCC-1,CD4 T cells
ACGGCCATCCTTTACA-1,CD14+ Monocytes
ACGGCCATCTTGTACT-1,CD4 T cells
ACGGGCTAGTTCGATC-1,Other
ACGGGCTCACGGTTTA-1,CD4 T cells
ACGGGCTCATGATCCA-1,CD14+ Monocytes
ACGGGCTGTAAACACA-1,CD4 T cells
ACGGGCTGTACAGACG-1,CD14+ Monocytes
ACGGGCTGTCATACTG-1,CD4 T cells
ACGGGCTGTCTTCTCG-1,CD14+ Monocytes
ACGGGCTGTGTTGAGG-1,B cells
ACGGGCTGTTATGCGT-1,CD4 T cells
ACGGGCTGTTGACGTT-1,CD4 T cells
ACGGGCTTCCACGTGG-1,CD14+ Monocytes
ACGGGTCAGCTACCTA-1,B cells
ACGGGTCCAGGGAGAG-1,CD8 T cells
ACGGGTCGTATCACCA-1,CD4 T cells
ACGGGTCGTCGACTGC-1,CD14+ Monocytes
ACGGGTCGTGCACCAC-1,CD4 T cells
ACGGGTCGTGCTCTTC-1,CD4 T cells
ACGGGTCGTTACAGAA-1,CD14+ Monocytes
ACGGGTCTCACTCCTG-1,CD4 T cells
ACGGGTCTCCGCTGTT-1,B cells
ACGGGTCTCGCTGATA-1,CD4 T cells
ACGTCAAAGACGCTTT-1,CD4 T cells
ACGTCAAAGACTTGAA-1,CD4 T cells
ACGTCAAAGGCCCTCA-1,CD14+ Monocytes
ACGTCAAAGGGTCTCC-1,CD14+ Monocytes
ACGTCAAGTAAGAGAG-1,CD8 T cells
ACGTCAAGTATGGTTC-1,CD4 T cells
ACGTCAAGTCTAGGTT-1,CD14+ Monocytes
ACGTCAAGTTCAGCGC-1,CD4 T cells
ACGTCAATCTGGCGAC-1,CD4 T cells
ACTATCTAGTCTCAAC-1,B cells
ACTATCTAGTTATCGC-1,B cells
ACTATCTGTATATCCG-1,CD14+ Monocytes
ACTATCTGTTAAGAAC-1,CD4 T cells
ACTATCTGTTATCACG-1,CD14+ Monocytes
ACTATCTTCACAGGCC-1,CD14+ Monocytes
ACTATCTTCCGTACAA-1,CD14+ Monocytes
ACTATCTTCGCCATAA-1,CD4 T cells
ACTATCTTCTACGAGT-1,CD4 T cells
ACTGAACAGCGTTGCC-1,CD4 T cells
ACTGAACCAAGCCGTC-1,Megakaryocytes
ACTGAACCAGCCAATT-1,B cells
ACTGAACCAGGCAGTA-1,CD4 T cells
ACTGAACGTAGCTTGT-1,CD14+ Monocytes
ACTGAACGTTTGTGTG-1,B cells
ACTGAACTCGTTTGCC-1,CD4 T cells
ACTGAACTCTGGCGTG-1,FCGR3A+ Monocytes
ACTGAACTCTTTAGTC-1,Dendritic Cells
ACTGAGTAGAATTCCC-1,CD8 T cells
ACTGAGTAGTTGTAGA-1,CD4 T cells
ACTGAGTCAACACGCC-1,CD4 T cells
ACTGAGTCAGCGAACA-1,NK cells
ACTGAGTCATCCCATC-1,Dendritic Cells
ACTGAGTCATGATCCA-1,B cells
ACTGAGTGTAGCTAAA-1,CD4 T cells
ACTGAGTGTCATACTG-1,CD8 T cells
ACTGAGTGTCCTAGCG-1,CD4 T cells
ACTGAGTGTGAGTGAC-1,B cells
ACTGAGTGTTGATTGC-1,CD8 T cells
ACTGAGTTCCGGGTGT-1,CD4 T cells
ACTGAGTTCGAATCCA-1,CD8 T cells
ACTGAGTTCGCCAGCA-1,CD14+ Monocytes
ACTGATGAGGTAAACT-1,CD14+ Monocytes
ACTGATGCAAGAAAGG-1,CD14+ Monocytes
ACTGATGCAAGTTAAG-1,CD14+ Monocytes
ACTGATGCAATACGCT-1,CD4 T cells
ACTGATGCACCTGGTG-1,CD4 T cells
ACTGATGCACGTTGGC-1,B cells
ACTGATGCATGGGACA-1,CD4 T cells
ACTGATGCATTCCTGC-1,CD14+ Monocytes
ACTGATGTCAGTACGT-1,CD4 T cells
ACTGATGTCGGTCTAA-1,CD4 T cells
ACTGATGTCTTGGGTA-1,NK cells
ACTGCTCAGCCAGTAG-1,B cells
ACTGCTCAGGGTATCG-1,CD14+ Monocytes
ACTGCTCAGTATCGAA-1,CD4 T cells
ACTGCTCCAATGAATG-1,NK cells
ACTGCTCCAGGGTACA-1,CD8 T cells
ACTGCTCTCCTCAATT-1,CD4 T cells
ACTGCTCTCCTCATTA-1,CD8 T cells
ACTGCTCTCGGCTACG-1,CD8 T cells
ACTGCTCTCTTGTCAT-1,CD8 T cells
ACTGTCCAGCCACGTC-1,B cells
ACTGTCCAGCTCCTTC-1,CD4 T cells
ACTGTCCAGCTGAAAT-1,CD4 T cells
ACTGTCCAGTGGGATC-1,CD4 T cells
ACTGTCCCACGAGGTA-1,CD14+ Monocytes
ACTGTCCCAGCCTGTG-1,CD14+ Monocytes
ACTGTCCCATGTAGTC-1,CD8 T cells
ACTGTCCCATGTCGAT-1,B cells
ACTGTCCCATTCCTGC-1,CD4 T cells
ACTGTCCGTATGGTTC-1,CD14+ Monocytes
ACTGTCCGTTAAGTAG-1,Other
ACTGTCCTCACAGGCC-1,CD4 T cells
ACTTACTAGATCCTGT-1,B cells
ACTTACTAGTCCCACG-1,CD4 T cells
ACTTACTCAAGCCGCT-1,CD4 T cells
ACTTACTCACTGCCAG-1,CD14+ Monocytes
ACTTACTCAGTACACT-1,CD4 T cells
ACTTACTCATTTGCTT-1,B cells
ACTTACTGTTGCGTTA-1,CD8 T cells
ACTTACTTCAGTTCGA-1,CD8 T cells
ACTTGTTAGGGTGTGT-1,CD8 T cells
ACTTGTTCAACTGGCC-1,B cells
ACTTGTTCACCGGAAA-1,CD14+ Monocytes
ACTTGTTGTCCGAGTC-1,CD4 T cells
ACTTGTTGTGACCAAG-1,CD4 T cells
ACTTGTTGTGACGCCT-1,CD4 T cells
ACTTGTTGTGTCCTCT-1,CD4 T cells
ACTTGTTTCATGTCTT-1,CD4 T cells
ACTTGTTTCCCGACTT-1,CD14+ Monocytes
ACTTGTTTCGAACTGT-1,CD14+ Monocytes
ACTTGTTTCGGCTACG-1,CD4 T cells
ACTTGTTTCTGGAGCC-1,CD4 T cells
ACTTGTTTCTTAGAGC-1,CD4 T cells
ACTTTCAAGTGCGATG-1,CD4 T cells
ACTTTCACAAGCTGAG-1,B cells
ACTTTCACACATGTGT-1,CD8 T cells
ACTTTCACATCCCACT-1,B cells
ACTTTCAGTCGCTTCT-1,B cells
ACTTTCATCACAACGT-1,Other
ACTTTCATCCACGACG-1,CD4 T cells
ACTTTCATCTCGTTTA-1,CD4 T cells
ACTTTCATCTGCGACG-1,CD14+ Monocytes
AGAATAGAGACAAGCC-1,B cells
AGAATAGAGACCTTTG-1,CD4 T cells
AGAATAGCAAGCGAGT-1,CD14+ Monocytes
AGAATAGCAGTGGGAT-1,FCGR3A+ Monocytes
AGAATAGCATTATCTC-1,FCGR3A+ Monocytes
AGAATAGGTGACCAAG-1,CD4 T cells
AGAATAGGTGGTCTCG-1,NK cells
AGAATAGTCCAGATCA-1,FCGR3A+ Monocytes
AGAATAGTCCTATTCA-1,Dendritic Cells
AGAATAGTCTGGCGAC-1,B cells
AGACGTTAGACCACGA-1,FCGR3A+ Monocytes
AGACGTTCATAGAAAC-1,CD4 T cells
AGACGTTGTGAAATCA-1,CD4 T cells
AGACGTTGTGACCAAG-1,CD4 T cells
AGACGTTTCTGGTATG-1,CD4 T cells
AGAGCGACACAGACTT-1,NK cells
AGAGCGACACGTCTCT-1,CD14+ Monocytes
AGAGCGACACTTAACG-1,FCGR3A+ Monocytes
AGAGCGAGTTCCACTC-1,CD4 T cells
AGAGCGATCCGCAGTG-1,CD8 T cells
AGAGCTTAGACTGGGT-1,B cells
AGAGCTTAGAGCCCAA-1,CD14+ Monocytes
AGAGCTTCACATGACT-1,CD8 T cells
AGAGCTTGTCAGAGGT-1,CD4 T cells
AGAGCTTGTCCGAATT-1,CD8 T cells
AGAGCTTGTCGCTTCT-1,NK cells
AGAGCTTGTCTGATTG-1,CD4 T cells
AGAGCTTGTTGAGTTC-1,B cells
AGAGCTTTCAGTCAGT-1,CD14+ Monocytes
AGAGTGGAGAGGGCTT-1,CD14+ Monocytes
AGAGTGGAGTACGATA-1,CD14+ Monocytes
AGAGTGGTCGGTCCGA-1,Megakaryocytes
AGATCTGAGAGATGAG-1,CD14+ Monocytes
AGATCTGAGGATCGCA-1,CD4 T cells
AGATCTGAGTCGAGTG-1,CD4 T cells
AGATCTGCAAAGCGGT-1,CD4 T cells
AGATCTGCACCAACCG-1,CD8 T cells
AGATCTGCAGGACGTA-1,CD14+ Monocytes
AGATCTGGTATGAATG-1,B cells
AGATCTGGTCCTGCTT-1,CD14+ Monocytes
AGATCTGGTGTTCGAT-1,CD14+ Monocytes
AGATCTGGTTATCCGA-1,CD8 T cells
AGATCTGTCTGCGTAA-1,Dendritic Cells
AGATTGCAGCAATCTC-1,CD4 T cells
AGATTGCCATCGTCGG-1,B cells
AGATTGCGTCAACATC-1,CD14+ Monocytes
AGATTGCGTTAAGAAC-1,CD8 T cells
AGATTGCTCAACGCTA-1,CD14+ Monocytes
AGCAGCCAGATGTCGG-1,Dendritic Cells
AGCAGCCAGCATGGCA-1,Dendritic Cells
AGCAGCCCAGACACTT-1,NK cells
AGCAGCCCAGATAATG-1,CD4 T cells
AGCAGCCGTTCAGTAC-1,B cells
AGCAGCCTCAGAGCTT-1,CD4 T cells
AGCAGCCTCGAATCCA-1,FCGR3A+ Monocytes
AGCAGCCTCTGTACGA-1,CD4 T cells
AGCATACAGAAGAAGC-1,CD4 T cells
AGCATACCAAGCCATT-1,CD4 T cells
AGCATACCACAGGAGT-1,CD14+ Monocytes
AGCATACTCCTCTAGC-1,CD14+ Monocytes
AGCATACTCGGATGTT-1,CD4 T cells
AGCATACTCTTGCAAG-1,Dendritic Cells
AGCCTAAAGGGAGTAA-1,CD4 T cells
AGCCTAACAAGGACAC-1,CD4 T cells
AGCCTAACAATGTAAG-1,CD4 T cells
AGCCTAAGTAGCGCAA-1,CD4 T cells
AGCCTAAGTCCGAACC-1,CD4 T cells
AGCCTAAGTTTGGGCC-1,CD14+ Monocytes
AGCCTAATCATTCACT-1,Dendritic Cells
AGCCTAATCTCGATGA-1,CD8 T cells
AGCGGTCAGAGTAATC-1,FCGR3A+ Monocytes
AGCGGTCAGATCACGG-1,CD4 T cells
AGCGGTCAGATCGGGT-1,CD4 T cells
AGCGGTCAGCTCCCAG-1,CD14+ Monocytes
AGCGGTCAGTCCGGTC-1,CD14+ Monocytes
AGCGGTCCAATGTTGC-1,CD14+ Monocytes
AGCGGTCCATGTTGAC-1,CD4 T cells
AGCGGTCTCCCTTGCA-1,B cells
AGCGGTCTCCGAATGT-1,CD14+ Monocytes
AGCGTATAGATACACA-1,FCGR3A+ Monocytes
AGCGTATCACGAGAGT-1,CD14+ Monocytes
AGCGTATCAGGCTGAA-1,CD4 T cells
AGCGTATGTGTAACGG-1,CD4 T cells
AGCGTATTCTACTTAC-1,CD14+ Monocytes
AGCGTCGAGACCGGAT-1,NK cells
AGCGTCGAGATCCCAT-1,CD14+ Monocytes
AGCGTCGAGTGAAGTT-1,CD4 T cells
AGCGTCGCACGGTGTC-1,CD8 T cells
AGCGTCGCACTGTCGG-1,CD14+ Monocytes
AGCGTCGCAGTCAGAG-1,B cells
AGCGTCGGTGCGAAAC-1,CD4 T cells
AGCGTCGGTGTTCGAT-1,Dendritic Cells
AGCGTCGGTTTCCACC-1,CD14+ Monocytes
AGCTCCTAGATGCCTT-1,CD4 T cells
AGCTCCTAGCTAGTTC-1,CD4 T cells
AGCTCCTCACATGACT-1,CD8 T cells
AGCTCCTGTATAAACG-1,B cells
AGCTCCTTCTGCGGCA-1,CD4 T cells
AGCTCCTTCTTACCGC-1,CD4 T cells
AGCTCTCAGAGTCTGG-1,CD4 T cells
AGCTCTCAGATGCCAG-1,CD4 T cells
AGCTCTCAGCACCGCT-1,CD14+ Monocytes
AGCTCTCAGGCTCATT-1,B cells
AGCTCTCAGTGACTCT-1,B cells
AGCTCTCAGTTACGGG-1,CD8 T cells
AGCTCTCCAATGTAAG-1,CD4 T cells
AGCTCTCCAGCTTCGG-1,CD14+ Monocytes
AGCTCTCCATGGTCTA-1,CD14+ Monocytes
AGCTCTCGTTGATTGC-1,Other
AGCTCTCTCACATACG-1,CD4 T cells
AGCTCTCTCCAGAGGA-1,CD8 T cells
AGCTTGAAGCAATATG-1,CD14+ Monocytes
AGCTTGAAGGTGCTTT-1,CD4 T cells
AGCTTGACAGGGTTAG-1,CD4 T cells
AGCTTGAGTAGGGTAC-1,CD14+ Monocytes
AGCTTGAGTGACAAAT-1,CD4 T cells
AGCTTGATCTTTAGTC-1,CD4 T cells
AGGCCACAGCTTATCG-1,CD4 T cells
AGGCCACAGGGTGTTG-1,Other
AGGCCACAGTGTCCCG-1,CD8 T cells
AGGCCACCACCGAATT-1,CD4 T cells
AGGCCACGTAGAGCTG-1,CD4 T cells
AGGCCACGTGATAAGT-1,CD14+ Monocytes
AGGCCACGTTCGTCTC-1,B cells
AGGCCACGTTTACTCT-1,CD14+ Monocytes
AGGCCGTAGAACTGTA-1,CD8 T cells
AGGCCGTAGACTACAA-1,CD4 T cells
AGGCCGTAGCTCCTTC-1,CD14+ Monocytes
AGGCCGTCACATTAGC-1,CD8 T cells
AGGCCGTCAGCGTAAG-1,Other
AGGCCGTGTACCATCA-1,CD4 T cells
AGGCCGTGTCTTGCGG-1,CD8 T cells
AGGCCGTTCGGCATCG-1,CD8 T cells
AGGGAGTCACATGACT-1,CD4 T cells
AGGGAGTGTCTTCTCG-1,CD14+ Monocytes
AGGGATGCAGCATACT-1,CD4 T cells
AGGGATGGTTTGACAC-1,B cells
AGGGATGGTTTGCATG-1,CD4 T cells
AGGGTGAGTGTATGGG-1,B cells
AGGGTGATCCCAACGG-1,CD4 T cells
AGGGTGATCGCCTGTT-1,CD4 T cells
AGGTCATCAATGGAAT-1,CD4 T cells
AGGTCATCACACCGAC-1,CD4 T cells
AGGTCATCAGCTTCGG-1,CD14+ Monocytes
AGGTCATCATTGGCGC-1,B cells
AGGTCATGTTACCGAT-1,CD4 T cells
AGGTCATGTTCCACGG-1,CD4 T cells
AGGTCATGTTCGCTAA-1,CD8 T cells
AGGTCATTCACTTACT-1,B cells
AGGTCATTCCGCGGTA-1,CD4 T cells
AGGTCATTCCTTAATC-1,Dendritic Cells
AGGTCCGAGAGGTTGC-1,CD14+ Monocytes
AGGTCCGGTGAGGCTA-1,Other
AGGTCCGTCCAAGTAC-1,NK cells
AGGTCCGTCGGACAAG-1,CD14+ Monocytes
AGTAGTCAGGTACTCT-1,FCGR3A+ Monocytes
AGTAGTCCACCGAAAG-1,CD4 T cells
AGTAGTCCATGGTTGT-1,CD14+ Monocytes
AGTAGTCGTAACGACG-1,CD4 T cells
AGTAGTCGTAGAGCTG-1,CD4 T cells
AGTAGTCGTTCCCGAG-1,CD14+ Monocytes
AGTAGTCGTTGATTCG-1,CD4 T cells
AGTAGTCTCACCTCGT-1,CD4 T cells
AGTAGTCTCAGGCCCA-1,CD8 T cells
AGTAGTCTCATTTGGG-1,NK cells
AGTAGTCTCCGGCACA-1,CD14+ Monocytes
AGTAGTCTCGTAGATC-1,Other
AGTAGTCTCTGCGTAA-1,CD8 T cells
AGTCTTTAGCACAGGT-1,CD4 T cells
AGTCTTTCAAAGTCAA-1,NK cells
AGTCTTTCAAGCTGGA-1,CD4 T cells
AGTCTTTCAGCCAGAA-1,CD4 T cells
AGTCTTTCAGCTCGAC-1,CD8 T cells
AGTCTTTCATGTTGAC-1,CD4 T cells
AGTCTTTCATTGGCGC-1,CD4 T cells
AGTCTTTGTCGCTTCT-1,CD8 T cells
AGTCTTTGTGTTTGGT-1,Other
AGTCTTTTCCCAACGG-1,CD4 T cells
AGTGAGGCATAGACTC-1,CD4 T cells
AGTGAGGCATGGTCTA-1,NK cells
AGTGAGGGTGTCTGAT-1,NK cells
AGTGAGGGTTCCACAA-1,CD14+ Monocytes
AGTGAGGGTTCGGGCT-1,CD4 T cells
AGTGAGGTCTCGGACG-1,CD14+ Monocytes
AGTGAGGTCTGTACGA-1,B cells
AGTGAGGTCTTTACGT-1,B cells
AGTGGGAAGACCCACC-1,CD14+ Monocytes
AGTGGGACACTTCTGC-1,CD4 T cells
AGTGGGACAGCTTCGG-1,CD4 T cells
AGTGGGAGTACAGACG-1,CD8 T cells
AGTGGGAGTAGCTAAA-1,CD8 T cells
AGTGGGAGTCAGAAGC-1,B cells
AGTGGGAGTGCCTGTG-1,CD4 T cells
AGTGGGAGTGCCTTGG-1,CD4 T cells
AGTGGGATCACTTACT-1,CD4 T cells
AGTGGGATCATCACCC-1,CD8 T cells
AGTGGGATCTTAACCT-1,Dendritic Cells
AGTGTCAAGGGTGTTG-1,Other
AGTGTCACAGACGTAG-1,CD14+ Monocytes
AGTGTCACAGCTGCTG-1,CD14+ Monocytes
AGTGTCAGTGCAGTAG-1,CD4 T cells
AGTGTCAGTTACGACT-1,CD4 T cells
AGTGTCATCATAACCG-1,CD4 T cells
AGTGTCATCCGCGGTA-1,CD4 T cells
AGTTGGTAGGACATTA-1,CD4 T cells
AGTTGGTGTACCGGCT-1,Other
AGTTGGTGTCTAAACC-1,NK cells
AGTTGGTGTGCCTTGG-1,CD4 T cells
AGTTGGTGTGGTACAG-1,CD4 T cells
AGTTGGTTCCTAGAAC-1,CD4 T cells
AGTTGGTTCGCGATCG-1,FCGR3A+ Monocytes
AGTTGGTTCTGCGGCA-1,B cells
ATAACGCAGGTGACCA-1,CD8 T cells
ATAACGCAGTGTCCAT-1,FCGR3A+ Monocytes
ATAACGCCACAGGCCT-1,CD14+ Monocytes
ATAACGCGTAAGTTCC-1,CD14+ Monocytes
ATAACGCGTCAGATAA-1,Other
ATAACGCGTTCGAATC-1,CD14+ Monocytes
ATAACGCTCCTGTAGA-1,CD14+ Monocytes
ATAACGCTCTACGAGT-1,CD4 T cells
ATAACGCTCTTGTTTG-1,CD4 T cells
ATAAGAGCACCCAGTG-1,CD4 T cells
ATAAGAGCATCGGGTC-1,CD4 T cells
ATAAGAGGTTCACCTC-1,CD14+ Monocytes
ATAAGAGTCCGATATG-1,B cells
ATAAGAGTCGAATGCT-1,CD4 T cells
ATAAGAGTCGCCATAA-1,CD4 T cells
ATAAGAGTCTGCAGTA-1,B cells
ATAGACCAGTACGCGA-1,CD8 T cells
ATAGACCAGTGGAGAA-1,CD8 T cells
ATAGACCCAAAGAATC-1,B cells
ATAGACCGTAAGGGAA-1,CD4 T cells
ATAGACCGTCAGGACA-1,CD4 T cells
ATAGACCGTGCACCAC-1,CD14+ Monocytes
ATAGACCGTGTCAATC-1,CD8 T cells
ATAGACCGTGTGACGA-1,CD14+ Monocytes
ATAGACCTCAATCACG-1,CD4 T cells
ATAGACCTCTCACATT-1,CD4 T cells
ATAGACCTCTCGATGA-1,FCGR3A+ Monocytes
ATCACGAAGAAGCCCA-1,CD8 T cells
ATCACGACAACACCTA-1,B cells
ATCACGACATCCTTGC-1,CD8 T cells
ATCACGAGTCTGGTCG-1,B cells
ATCACGATCACCACCT-1,B cells
ATCACGATCATCGCTC-1,B cells
ATCACGATCATGTAGC-1,CD14+ Monocytes
ATCACGATCCAAGCCG-1,CD4 T cells
ATCATCTAGACAAGCC-1,CD4 T cells
ATCATCTAGCGCCTCA-1,CD8 T cells
ATCATCTAGCTCCTCT-1,CD4 T cells
ATCATCTAGGATGGTC-1,FCGR3A+ Monocytes
ATCATCTAGGCACATG-1,CD14+ Monocytes
ATCATCTCAGTAAGCG-1,B cells
ATCATCTCAGTACACT-1,CD4 T cells
ATCATCTCATCCAACA-1,FCGR3A+ Monocytes
ATCATCTGTGACTACT-1,CD8 T cells
ATCATCTTCGTCCAGG-1,CD14+ Monocytes
ATCATGGAGCTGCGAA-1,CD8 T cells
ATCATGGAGGCAATTA-1,CD8 T cells
ATCATGGAGGCCCTCA-1,CD8 T cells
ATCATGGAGTTGAGAT-1,CD8 T cells
ATCATGGCAATGAATG-1,CD8 T cells
ATCATGGCAGCCAATT-1,Dendritic Cells
ATCATGGCAGGGTACA-1,CD8 T cells
ATCATGGGTCAATACC-1,CD8 T cells
ATCCACCAGAGCTGGT-1,CD4 T cells
ATCCACCAGCAGACTG-1,CD14+ Monocytes
ATCCACCAGCGATCCC-1,CD8 T cells
ATCCACCAGCGTTTAC-1,CD4 T cells
ATCCACCAGGAGCGTT-1,B cells
ATCCACCAGTCACGCC-1,CD4 T cells
ATCCACCCAACTGGCC-1,B cells
ATCCACCCAAGCGCTC-1,B cells
ATCCACCCACAGTCGC-1,CD4 T cells
ATCCACCCAGGGTTAG-1,B cells
ATCCACCCATTACGAC-1,CD14+ Monocytes
ATCCACCGTATCAGTC-1,CD4 T cells
ATCCACCTCTAACGGT-1,CD4 T cells
ATCCGAAAGTTTAGGA-1,CD4 T cells
ATCCGAACACACTGCG-1,CD8 T cells
ATCCGAACAGTTCCCT-1,CD4 T cells
ATCCGAAGTAACGCGA-1,CD4 T cells
ATCCGAAGTACTCAAC-1,CD4 T cells
ATCCGAAGTCTTGATG-1,NK cells
ATCCGAAGTGACTCAT-1,CD4 T cells
ATCCGAATCCTTGCCA-1,CD4 T cells
ATCCGAATCGGAATCT-1,CD4 T cells
ATCGAGTAGCCAGAAC-1,CD4 T cells
ATCGAGTAGCCCAATT-1,CD8 T cells
ATCGAGTAGCTCTCGG-1,CD14+ Monocytes
ATCGAGTCAAAGGTGC-1,CD14+ Monocytes
ATCGAGTCAACAACCT-1,FCGR3A+ Monocytes
ATCGAGTCAGGTCCAC-1,B cells
ATCGAGTCATCACAAC-1,CD4 T cells
ATCGAGTCATCCTAGA-1,CD14+ Monocytes
ATCGAGTGTACAGCAG-1,B cells
ATCGAGTGTCGTGGCT-1,B cells
ATCGAGTGTGATGTGG-1,CD14+ Monocytes
ATCGAGTGTGCAGTAG-1,CD8 T cells
ATCGAGTGTTCAGTAC-1,CD14+ Monocytes
ATCGAGTTCATTTGGG-1,CD4 T cells
ATCGAGTTCCGCATAA-1,Other
ATCTACTAGAGCTTCT-1,CD14+ Monocytes
ATCTACTCAAACGCGA-1,B cells
ATCTACTGTTGGTAAA-1,CD4 T cells
ATCTACTGTTTAGCTG-1,CD8 T cells
ATCTACTTCCCATTTA-1,CD4 T cells
ATCTACTTCTATCCCG-1,CD8 T cells
ATCTACTTCTGAGTGT-1,CD14+ Monocytes
ATCTACTTCTGGTTCC-1,NK cells
ATCTGCCAGACAAAGG-1,CD4 T cells
ATCTGCCAGTGTACCT-1,CD14+ Monocytes
ATCTGCCAGTTGTAGA-1,CD4 T cells
ATCTGCCCACCAGATT-1,CD8 T cells
ATCTGCCCACCAGTTA-1,CD4 T cells
ATCTGCCGTACTTGAC-1,B cells
ATGAGGGAGAAGGTGA-1,FCGR3A+ Monocytes
ATGAGGGAGCGTGTCC-1,CD14+ Monocytes
ATGAGGGCAGACGTAG-1,NK cells
ATGAGGGCATATGGTC-1,CD4 T cells
ATGAGGGCATGCAACT-1,CD4 T cells
ATGAGGGTCAAACCGT-1,CD4 T cells
ATGAGGGTCCCAAGTA-1,CD4 T cells
ATGAGGGTCGTCGTTC-1,B cells
ATGCGATAGCTAGTGG-1,NK cells
ATGCGATAGGCGATAC-1,CD4 T cells
ATGCGATAGGCTAGCA-1,CD4 T cells
ATGCGATGTACATGTC-1,NK cells
ATGCGATTCAGGATCT-1,B cells
ATGGGAGAGAGTCGGT-1,Other
ATGGGAGAGCACACAG-1,CD4 T cells
ATGGGAGAGTCCCACG-1,CD14+ Monocytes
ATGGGAGCAGCTCGCA-1,Dendritic Cells
ATGGGAGCAGTACACT-1,CD4 T cells
ATGGGAGCATCAGTCA-1,B cells
ATGGGAGGTAAACCTC-1,CD8 T cells
ATGGGAGGTCTTGATG-1,CD4 T cells
ATGGGAGTCAACTCTT-1,B cells
ATGGGAGTCGACAGCC-1,CD4 T cells
ATGTGTGAGAGGGATA-1,CD4 T cells
ATGTGTGAGAGTCTGG-1,B cells
ATGTGTGAGCACCGTC-1,Dendritic Cells
ATGTGTGAGCCCTAAT-1,CD4 T cells
ATGTGTGAGGGCATGT-1,FCGR3A+ Monocytes
ATGTGTGCATGCAACT-1,B cells
ATGTGTGGTCCCTACT-1,CD14+ Monocytes
ATGTGTGGTCTTCAAG-1,CD4 T cells
ATGTGTGGTGCACTTA-1,B cells
ATGTGTGTCAGGTAAA-1,CD4 T cells
ATGTGTGTCTCTGCTG-1,B cells
ATTACTCAGAGGGATA-1,B cells
ATTACTCAGCCACGCT-1,CD14+ Monocytes
ATTACTCAGTGATCGG-1,B cells
ATTACTCCACAAGTAA-1,CD4 T cells
ATTACTCGTACTCAAC-1,B cells
ATTACTCGTGAACCTT-1,CD4 T cells
ATTACTCTCGGCCGAT-1,Megakaryocytes
ATTATCCAGAGGGCTT-1,CD4 T cells
ATTATCCAGGGTCTCC-1,B cells
ATTATCCCAATAGCAA-1,CD4 T cells
ATTATCCCAGTATAAG-1,CD4 T cells
ATTATCCGTAAATGAC-1,CD4 T cells
ATTATCCGTCTCTCGT-1,CD8 T cells
ATTATCCTCGGATGTT-1,CD8 T cells
ATTCTACCAAGTAGTA-1,B cells
ATTCTACGTCGAGTTT-1,CD8 T cells
ATTCTACGTTCGCGAC-1,CD14+ Monocytes
ATTCTACTCATCGCTC-1,CD4 T cells
ATTGGACAGAGTACAT-1,CD4 T cells
ATTGGACAGCACCGTC-1,CD4 T cells
ATTGGACAGTACGTAA-1,CD14+ Monocytes
ATTGGACAGTGACATA-1,CD4 T cells
ATTGGACCATCGGGTC-1,CD14+ Monocytes
ATTGGACGTCGACTAT-1,CD4 T cells
ATTGGACGTCTGCGGT-1,CD8 T cells
ATTGGACGTCTTCGTC-1,CD14+ Monocytes
ATTGGACGTTCACGGC-1,CD8 T cells
ATTGGACTCCTCATTA-1,Other
ATTGGACTCCTGTACC-1,NK cells
ATTGGACTCGAATGCT-1,CD4 T cells
ATTGGACTCTTCAACT-1,CD14+ Monocytes
ATTGGACTCTTGTACT-1,B cells
ATTGGTGAGGAATTAC-1,CD4 T cells
ATTGGTGCATCAGTAC-1,B cells
ATTGGTGGTCGCTTTC-1,CD4 T cells
ATTGGTGGTCTTGTCC-1,CD14+ Monocytes
ATTGGTGTCGTTGACA-1,CD14+ Monocytes
ATTTCTGAGTCATGCT-1,CD4 T cells
ATTTCTGCAAGAGTCG-1,CD8 T cells
ATTTCTGGTGACAAAT-1,CD4 T cells
ATTTCTGTCACCTTAT-1,B cells
ATTTCTGTCTGGGCCA-1,CD14+ Monocytes
CAACCAAAGCGTAGTG-1,CD14+ Monocytes
CAACCAAAGTTACGGG-1,NK cells
CAACCAACACAGACAG-1,FCGR3A+ Monocytes
CAACCAACAGGGTTAG-1,FCGR3A+ Monocytes
CAACCAAGTAAGAGGA-1,CD14+ Monocytes
CAACCAATCTCGCATC-1,CD4 T cells
CAACCTCAGATAGGAG-1,CD14+ Monocytes
CAACCTCGTAGGCATG-1,CD4 T cells
CAACCTCTCAACACGT-1,NK cells
CAACCTCTCTGCTGTC-1,CD8 T cells
CAACTAGAGAAACCAT-1,Other
CAACTAGAGGTGCAAC-1,CD8 T cells
CAACTAGAGTGTGAAT-1,CD8 T cells
CAACTAGCAACTGCGC-1,CD4 T cells
CAACTAGCACACCGAC-1,CD14+ Monocytes
CAACTAGGTAGCTTGT-1,CD4 T cells
CAACTAGGTGCACTTA-1,CD14+ Monocytes
CAACTAGGTTAAAGTG-1,CD4 T cells
CAACTAGTCAGCATGT-1,B cells
CAACTAGTCCTCTAGC-1,CD4 T cells
CAAGAAAAGACTAGAT-1,CD14+ Monocytes
CAAGAAAAGCTGCGAA-1,CD4 T cells
CAAGAAAAGGCTAGGT-1,CD4 T cells
CAAGAAACACAGTCGC-1,Other
CAAGAAACAGCTATTG-1,B cells
CAAGAAACAGTCGATT-1,NK cells
CAAGAAATCCAGAAGG-1,CD4 T cells
CAAGAAATCCGCTGTT-1,CD4 T cells
CAAGAAATCGAACGGA-1,Other
CAAGATCAGATACACA-1,B cells
CAAGATCCACATAACC-1,CD8 T cells
CAAGATCCAGCTTCGG-1,CD8 T cells
CAAGATCCATGGATGG-1,CD14+ Monocytes
CAAGATCGTAAATGTG-1,CD14+ Monocytes
CAAGATCGTCGAACAG-1,CD4 T cells
CAAGATCGTCGCATAT-1,CD14+ Monocytes
CAAGATCTCACCTCGT-1,CD4 T cells
CAAGATCTCATCGGAT-1,CD14+ Monocytes
CAAGGCCAGACGACGT-1,CD4 T cells
CAAGGCCAGAGCTATA-1,CD14+ Monocytes
CAAGGCCAGCGATAGC-1,CD4 T cells
CAAGGCCAGCGTTCCG-1,CD14+ Monocytes
CAAGGCCCACCTTGTC-1,NK cells
CAAGGCCCAGGGATTG-1,CD4 T cells
CAAGGCCGTATCAGTC-1,CD8 T cells
CAAGGCCGTCGCATAT-1,CD4 T cells
CAAGGCCGTCGCTTTC-1,CD4 T cells
CAAGGCCGTGAACCTT-1,Other
CAAGGCCTCCGTAGGC-1,CD14+ Monocytes
CAAGGCCTCTCGCTTG-1,NK cells
CAAGTTGAGATCCTGT-1,Dendritic Cells
CAAGTTGCAAGCGAGT-1,CD4 T cells
CAAGTTGCAATCTGCA-1,CD4 T cells
CAAGTTGCATACTCTT-1,CD4 T cells
CAAGTTGCATCAGTCA-1,CD4 T cells
CAAGTTGGTCAGATAA-1,CD4 T cells
CAAGTTGGTTCTGAAC-1,CD4 T cells
CAAGTTGTCACGCATA-1,B cells
CAAGTTGTCCGCGTTT-1,FCGR3A+ Monocytes
CAAGTTGTCTATGTGG-1,CD4 T cells
CAAGTTGTCTGCTTGC-1,CD4 T cells
CACAAACAGACTGGGT-1,CD14+ Monocytes
CACAAACAGCCAGGAT-1,CD8 T cells
CACAAACAGTGTGGCA-1,CD8 T cells
CACAAACGTAGATTAG-1,CD14+ Monocytes
CACAAACGTCAAAGAT-1,NK cells
CACAAACGTGCTTCTC-1,Other
CACAAACTCCGCATAA-1,CD4 T cells
CACAAACTCGGTGTTA-1,CD4 T cells
CACAAACTCTTAACCT-1,CD4 T cells
CACACAAAGCAAATCA-1,CD8 T cells
CACACAAAGCGTAGTG-1,CD4 T cells
CACACAAAGTGAATTG-1,FCGR3A+ Monocytes
CACACAAAGTTATCGC-1,CD4 T cells
CACACAACAGCTCCGA-1,CD4 T cells
CACACAACAGTCTTCC-1,CD4 T cells
CACACAAGTACATGTC-1,CD4 T cells
CACACAAGTGAGTGAC-1,CD14+ Monocytes
CACACAAGTTCAGCGC-1,CD4 T cells
CACACAATCAATAAGG-1,CD4 T cells
CACACAATCCTGTACC-1,CD14+ Monocytes
CACACCTAGATCTGAA-1,CD4 T cells
CACACCTAGTGAACGC-1,Dendritic Cells
CACACCTCAGACGTAG-1,B cells
CACACCTGTATCGCAT-1,CD4 T cells
CACACCTGTGCCTGGT-1,CD4 T cells
CACACCTTCGAATCCA-1,Dendritic Cells
CACACCTTCGGTCTAA-1,CD4 T cells
CACACTCCACCCATGG-1,CD4 T cells
CACACTCCAGACAAGC-1,CD4 T cells
CACACTCCAGTAACGG-1,B cells
CACACTCGTACAGTTC-1,B cells
CACACTCGTACGACCC-1,CD8 T cells
CACAGGCAGAAACCGC-1,FCGR3A+ Monocytes
CACAGGCAGCTCAACT-1,CD4 T cells
CACAGGCAGTGGCACA-1,CD14+ Monocytes
CACAGGCCAAGCGCTC-1,CD14+ Monocytes
CACAGGCCACGAAAGC-1,B cells
CACAGGCGTGATGTCT-1,Dendritic Cells
CACAGGCGTGGTACAG-1,CD14+ Monocytes
CACAGGCTCAATACCG-1,Megakaryocytes
CACAGGCTCACGGTTA-1,CD8 T cells
CACAGTAAGAGGTTAT-1,CD4 T cells
CACAGTAAGGATCGCA-1,B cells
CACAGTACATACGCTA-1,CD4 T cells
CACAGTAGTATCACCA-1,CD4 T cells
CACAGTAGTCTGGTCG-1,B cells
CACAGTAGTTCGTCTC-1,CD4 T cells
CACAGTATCTCTTGAT-1,CD4 T cells
CACATAGAGACACTAA-1,CD4 T cells
CACATAGCAAGGACTG-1,CD8 T cells
CACATAGCACCTGGTG-1,CD4 T cells
CACATAGCATAGAAAC-1,FCGR3A+ Monocytes
CACATAGCATGAACCT-1,CD14+ Monocytes
CACATAGGTCATCGGC-1,CD4 T cells
CACATAGGTGAAGGCT-1,CD4 T cells
CACATAGGTGCGCTTG-1,CD4 T cells
CACATAGGTTTGGGCC-1,CD14+ Monocytes
CACATAGTCATGTGGT-1,Megakaryocytes
CACATAGTCTCGCATC-1,CD14+ Monocytes
CACATTTCAACACCTA-1,CD14+ Monocytes
CACATTTCAGCTTAAC-1,CD4 T cells
CACATTTCATCACCCT-1,CD14+ Monocytes
CACATTTGTACCGTAT-1,CD8 T cells
CACATTTGTAGCTCCG-1,CD4 T cells
CACATTTTCAAGGCTT-1,CD4 T cells
CACATTTTCCAAACAC-1,B cells
CACATTTTCCACGTGG-1,CD8 T cells
CACATTTTCCGTTGCT-1,CD4 T cells
CACCACTCACGTTGGC-1,B cells
CACCACTGTTCAGCGC-1,CD14+ Monocytes
CACCACTTCACAGGCC-1,CD4 T cells
CACCACTTCATCGGAT-1,Other
CACCACTTCCGATATG-1,CD4 T cells
CACCACTTCTGCAAGT-1,B cells
CACCAGGCAATCGAAA-1,CD14+ Monocytes
CACCAGGCATGGATGG-1,B cells
CACCAGGGTATTCTCT-1,Other
CACCAGGGTGACAAAT-1,CD4 T cells
CACCAGGTCAAGAAGT-1,CD4 T cells
CACCAGGTCGGACAAG-1,CD8 T cells
CACCAGGTCTTCGAGA-1,CD4 T cells
CACCTTGAGCAGATCG-1,CD4 T cells
CACCTTGCAACTGGCC-1,B cells
CACCTTGCAATGAATG-1,CD4 T cells
CACCTTGGTATTCGTG-1,CD4 T cells
CACCTTGGTCGAACAG-1,CD14+ Monocytes
CACCTTGGTGGTCCGT-1,Megakaryocytes
CACCTTGTCGTGGTCG-1,CD4 T cells
CACCTTGTCTCCTATA-1,B cells
CACTCCAAGAACAATC-1,CD4 T cells
CACTCCAGTAACGCGA-1,CD4 T cells
CACTCCAGTCTCGTTC-1,B cells
CACTCCATCGGCCGAT-1,CD4 T cells
CACTCCATCGTGACAT-1,CD4 T cells
CACTCCATCTGAAAGA-1,Other
CAGAATCAGATGTGGC-1,CD8 T cells
CAGAATCAGCGACGTA-1,CD14+ Monocytes
CAGAATCCAATGAAAC-1,B cells
CAGAATCCATCTCGCT-1,B cells
CAGAATCCATTAGGCT-1,CD4 T cells
CAGAATCCATTGAGCT-1,NK cells
CAGAATCGTAATTGGA-1,CD8 T cells
CAGAATCGTCTAGAGG-1,CD8 T cells
CAGAATCTCCAACCAA-1,CD4 T cells
CAGAATCTCTCTGAGA-1,B cells
CAGAGAGAGAGTTGGC-1,CD4 T cells
CAGAGAGAGCTAAACA-1,NK cells
CAGAGAGAGGTCGGAT-1,CD4 T cells
CAGAGAGAGTCCATAC-1,NK cells
CAGAGAGAGTGCCAGA-1,CD14+ Monocytes
CAGAGAGAGTTATCGC-1,CD8 T cells
CAGAGAGCACATGGGA-1,B cells
CAGAGAGCAGTAGAGC-1,B cells
CAGAGAGGTAAACCTC-1,CD4 T cells
CAGAGAGGTGAGGGAG-1,B cells
CAGAGAGGTTCGTGAT-1,CD14+ Monocytes
CAGAGAGTCGAATGCT-1,CD8 T cells
CAGAGAGTCGTCTGCT-1,FCGR3A+ Monocytes
CAGAGAGTCTCCTATA-1,B cells
CAGATCAAGCAATCTC-1,CD4 T cells
CAGATCAGTAAGTAGT-1,CD14+ Monocytes
CAGATCATCACGCATA-1,CD4 T cells
CAGATCATCAGCACAT-1,CD4 T cells
CAGATCATCTGATTCT-1,CD8 T cells
CAGCAGCAGAAGAAGC-1,B cells
CAGCAGCAGAATCTCC-1,B cells
CAGCAGCAGAGTAAGG-1,CD4 T cells
CAGCAGCAGATGCGAC-1,CD4 T cells
CAGCAGCCATAACCTG-1,CD4 T cells
CAGCAGCCATGTCTCC-1,Dendritic Cells
CAGCAGCGTATTCGTG-1,CD4 T cells
CAGCAGCGTCGGCTCA-1,CD8 T cells
CAGCAGCGTCTAGCCG-1,CD4 T cells
CAGCAGCGTTTACTCT-1,FCGR3A+ Monocytes
CAGCATAAGACTTGAA-1,Dendritic Cells
CAGCATAAGTACGTTC-1,B cells
CAGCATAAGTTGAGTA-1,CD4 T cells
CAGCATACAAGTTAAG-1,CD4 T cells
CAGCATAGTTAGATGA-1,B cells
CAGCATATCATTGCGA-1,B cells
CAGCATATCCCTGACT-1,B cells
CAGCATATCGTTGCCT-1,CD8 T cells
CAGCCGAAGATCCCGC-1,B cells
CAGCCGAAGCGTAATA-1,CD14+ Monocytes
CAGCCGAAGGTAGCTG-1,CD4 T cells
CAGCCGACACAGCGTC-1,CD8 T cells
CAGCCGACAGATTGCT-1,Other
CAGCCGACAGTCGATT-1,B cells
CAGCCGACATGCGCAC-1,CD4 T cells
CAGCCGATCGCATGAT-1,CD4 T cells
CAGCCGATCGCTTGTC-1,CD4 T cells
CAGCCGATCTGTCTCG-1,CD4 T cells
CAGCGACAGAGTGACC-1,CD14+ Monocytes
CAGCGACAGCATCATC-1,CD4 T cells
CAGCGACAGCTAGGCA-1,CD4 T cells
CAGCGACAGTGACTCT-1,CD4 T cells
CAGCGACCAAGCGAGT-1,CD14+ Monocytes
CAGCGACCACACAGAG-1,CD4 T cells
CAGCGACCACCGTTGG-1,CD8 T cells
CAGCGACGTCTCCATC-1,B cells
CAGCGACGTGCCTTGG-1,CD4 T cells
CAGCGACGTGTGAAAT-1,CD4 T cells
CAGCGACGTGTGCCTG-1,CD14+ Monocytes
CAGCGACGTTCTGGTA-1,FCGR3A+ Monocytes
CAGCGACGTTGTACAC-1,B cells
CAGCTAAAGATGCCTT-1,CD4 T cells
CAGCTAAAGCGCCTTG-1,CD4 T cells
CAGCTAAAGGCTCATT-1,CD14+ Monocytes
CAGCTAACAAACTGTC-1,CD4 T cells
CAGCTAACAAGCGTAG-1,NK cells
CAGCTAAGTCCGACGT-1,CD4 T cells
CAGCTAAGTCTTGATG-1,CD14+ Monocytes
CAGCTAAGTGCTAGCC-1,B cells
CAGCTAATCCTTAATC-1,FCGR3A+ Monocytes
CAGCTAATCGCTAGCG-1,CD4 T cells
CAGCTGGCAGCTGCAC-1,CD14+ Monocytes
CAGCTGGCAGTCGATT-1,CD4 T cells
CAGCTGGCATTCACTT-1,CD4 T cells
CAGCTGGGTAGTGAAT-1,B cells
CAGCTGGGTTGCGTTA-1,CD14+ Monocytes
CAGCTGGTCGGCATCG-1,NK cells
CAGCTGGTCTTCTGGC-1,CD14+ Monocytes
CAGGTGCAGATCACGG-1,CD4 T cells
CAGGTGCAGGGTGTGT-1,CD4 T cells
CAGGTGCCAAGCTGTT-1,CD4 T cells
CAGGTGCCACTGTGTA-1,CD4 T cells
CAGGTGCGTAAATGAC-1,CD4 T cells
CAGGTGCGTCGACTAT-1,CD8 T cells
CAGGTGCGTGGTACAG-1,CD4 T cells
CAGGTGCGTGTGGCTC-1,CD8 T cells
CAGGTGCGTTATTCTC-1,CD14+ Monocytes
CAGTAACAGAGCTGGT-1,CD4 T cells
CAGTAACAGCCAACAG-1,CD14+ Monocytes
CAGTAACAGGCCATAG-1,CD8 T cells
CAGTAACCAAAGGCGT-1,NK cells
CAGTAACCAATGGTCT-1,NK cells
CAGTAACCATGCCACG-1,CD14+ Monocytes
CAGTAACCATGCGCAC-1,CD14+ Monocytes
CAGTAACTCAAAGTAG-1,B cells
CAGTAACTCAACACTG-1,CD4 T cells
CAGTCCTAGAATTCCC-1,CD4 T cells
CAGTCCTAGCTAGCCC-1,B cells
CAGTCCTCACGAAGCA-1,Dendritic Cells
CAGTCCTTCGGCGCAT-1,FCGR3A+ Monocytes
CATATGGAGCGCCTCA-1,CD4 T cells
CATATGGAGCTCCTTC-1,CD14+ Monocytes
CATATGGAGTACCGGA-1,B cells
CATATGGAGTAGCCGA-1,CD14+ Monocytes
CATATGGAGTCGATAA-1,CD4 T cells
CATATGGCACAACGCC-1,CD4 T cells
CATATGGCACAGGAGT-1,CD8 T cells
CATATGGGTGGGTATG-1,CD4 T cells
CATATGGGTTCAACCA-1,CD14+ Monocytes
CATATGGGTTTAAGCC-1,NK cells
CATATGGTCAACGCTA-1,FCGR3A+ Monocytes
CATATTCAGTCTTGCA-1,CD14+ Monocytes
CATATTCCAGGTTTCA-1,B cells
CATATTCGTATGAAAC-1,CD4 T cells
CATATTCGTCATGCCG-1,B cells
CATATTCGTGCCTTGG-1,NK cells
CATATTCGTGCTTCTC-1,CD4 T cells
CATATTCTCGGAGGTA-1,CD4 T cells
CATATTCTCTCTTGAT-1,B cells
CATATTCTCTTGCATT-1,CD4 T cells
CATCAAGCATGCAACT-1,CD8 T cells
CATCAAGGTGCGGTAA-1,B cells
CATCAAGGTGGCAAAC-1,CD14+ Monocytes
CATCAAGTCACGACTA-1,Other
CATCAAGTCGCCAGCA-1,CD14+ Monocytes
CATCAAGTCTCTGCTG-1,CD4 T cells
CATCAAGTCTTAACCT-1,CD4 T cells
CATCAGAAGAAACGCC-1,CD4 T cells
CATCAGAAGACAATAC-1,CD4 T cells
CATCAGACACTCGACG-1,CD4 T cells
CATCAGAGTGACTCAT-1,B cells
CATCAGAGTTGCCTCT-1,B cells
CATCAGATCCGCGCAA-1,B cells
CATCAGATCGTCACGG-1,NK cells
CATCCACAGACTAGGC-1,Dendritic Cells
CATCCACAGCCCTAAT-1,CD4 T cells
CATCCACAGCGACGTA-1,B cells
CATCCACAGGCTATCT-1,FCGR3A+ Monocytes
CATCCACAGTTGTCGT-1,CD14+ Monocytes
CATCCACGTGGAAAGA-1,CD4 T cells
CATCCACGTTCCGGCA-1,CD4 T cells
CATCCACTCCTTAATC-1,CD4 T cells
CATCGAAAGCAGGCTA-1,FCGR3A+ Monocytes
CATCGAAAGCTGTCTA-1,CD14+ Monocytes
CATCGAAAGGGCTTGA-1,CD14+ Monocytes
CATCGAAAGTCATGCT-1,B cells
CATCGAACAGTAAGAT-1,CD8 T cells
CATCGAACATCAGTCA-1,B cells
CATCGAAGTAAATGTG-1,CD4 T cells
CATCGAATCAGCTTAG-1,CD4 T cells
CATCGAATCCCACTTG-1,B cells
CATCGAATCCTTTACA-1,B cells
CATCGAATCGACAGCC-1,CD8 T cells
CATCGAATCGAGAGCA-1,CD8 T cells
CATCGAATCTGCGGCA-1,Dendritic Cells
CATCGGGAGTGAATTG-1,CD8 T cells
CATCGGGCAATACGCT-1,CD14+ Monocytes
CATCGGGCACATGGGA-1,B cells
CATCGGGCAGACAAAT-1,CD4 T cells
CATCGGGCAGCTCCGA-1,CD4 T cells
CATCGGGCAGTGAGTG-1,CD14+ Monocytes
CATCGGGCATGTCTCC-1,CD4 T cells
CATCGGGCATTATCTC-1,CD4 T cells
CATCGGGTCATCTGTT-1,CD4 T cells
CATCGGGTCATGTCTT-1,B cells
CATCGGGTCCCGACTT-1,B cells
CATGACAAGGGATACC-1,CD8 T cells
CATGACACAGATGAGC-1,CD14+ Monocytes
CATGACAGTACCGAGA-1,Dendritic Cells
CATGACAGTAGCCTCG-1,Dendritic Cells
CATGACAGTCCATGAT-1,Dendritic Cells
CATGACAGTGATGCCC-1,CD4 T cells
CATGACATCGAGAGCA-1,CD4 T cells
CATGACATCGGATGTT-1,CD4 T cells
CATGCCTAGCATCATC-1,NK cells
CATGCCTAGGTTCCTA-1,B cells
CATGCCTCAAGCGCTC-1,CD14+ Monocytes
CATGCCTCAAGTAATG-1,CD4 T cells
CATGCCTCACCGAATT-1,Megakaryocytes
CATGCCTCAGACAAAT-1,Dendritic Cells
CATGCCTTCGCCCTTA-1,CD14+ Monocytes
CATGCCTTCGGCGCTA-1,CD14+ Monocytes
CATGGCGAGAGATGAG-1,B cells
CATGGCGAGCTGAAAT-1,Other
CATGGCGAGCTGCCCA-1,NK cells
CATGGCGCAGTAGAGC-1,B cells
CATGGCGCATATACCG-1,CD14+ Monocytes
CATGGCGGTAGCGATG-1,CD14+ Monocytes
CATGGCGGTCATGCAT-1,CD14+ Monocytes
CATGGCGGTCCAGTGC-1,CD4 T cells
CATGGCGGTGGCTCCA-1,CD4 T cells
CATGGCGGTTCAGGCC-1,CD4 T cells
CATGGCGTCCATGAGT-1,CD4 T cells
CATGGCGTCGCCTGTT-1,CD4 T cells
CATGGCGTCGGACAAG-1,CD8 T cells
CATTATCAGCTGAAAT-1,CD4 T cells
CATTATCAGCTGCGAA-1,CD4 T cells
CATTATCCAAATTGCC-1,CD14+ Monocytes
CATTATCCAGTGGGAT-1,B cells
CATTATCGTAAGCACG-1,CD8 T cells
CATTATCGTCTCACCT-1,CD4 T cells
CATTATCGTGGGTCAA-1,CD14+ Monocytes
CATTATCTCAACTCTT-1,Dendritic Cells
CATTATCTCAGAGACG-1,Megakaryocytes
CATTATCTCGACCAGC-1,CD4 T cells
CATTATCTCTAACTCT-1,CD4 T cells
CATTATCTCTCTAGGA-1,CD4 T cells
CATTCGCAGACCTAGG-1,B cells
CATTCGCAGCCGATTT-1,CD4 T cells
CATTCGCCAAAGGTGC-1,B cells
CATTCGCCATATACCG-1,CD8 T cells
CATTCGCGTACCGCTG-1,CD8 T cells
CATTCGCGTTCCACAA-1,CD4 T cells
CATTCGCGTTCCACGG-1,CD4 T cells
CATTCGCTCTATCCCG-1,CD8 T cells
CCAATCCCAAACCTAC-1,CD4 T cells
CCAATCCCAAGCCGTC-1,CD14+ Monocytes
CCAATCCCATCCCATC-1,B cells
CCAATCCGTATTCGTG-1,B cells
CCAATCCGTCTAGGTT-1,CD4 T cells
CCAATCCTCGAATCCA-1,CD4 T cells
CCACCTAAGAGAGCTC-1,CD14+ Monocytes
CCACCTAAGGCTAGCA-1,B cells
CCACCTAAGTGGAGAA-1,CD4 T cells
CCACCTACACCGATAT-1,CD8 T cells
CCACCTACATTGAGCT-1,B cells
CCACCTAGTGAACCTT-1,CD8 T cells
CCACCTAGTTGTGGCC-1,B cells
CCACCTATCATCTGTT-1,CD14+ Monocytes
CCACCTATCCAACCAA-1,CD14+ Monocytes
CCACCTATCTGTCTAT-1,Dendritic Cells
CCACGGAAGTGTACCT-1,CD4 T cells
CCACGGACAGAGTGTG-1,CD4 T cells
CCACGGACATGCCTTC-1,CD4 T cells
CCACGGACATTAACCG-1,B cells
CCACGGAGTAATAGCA-1,Other
CCACGGAGTGAGGGAG-1,CD14+ Monocytes
CCACGGAGTTTGGCGC-1,CD4 T cells
CCACGGATCAGTTCGA-1,B cells
CCACTACAGCTAGTGG-1,CD14+ Monocytes
CCACTACCACGGACAA-1,CD8 T cells
CCACTACCATCGGAAG-1,CD4 T cells
CCACTACGTAGCGCTC-1,CD4 T cells
CCACTACGTCGAAAGC-1,CD8 T cells
CCACTACTCATGTAGC-1,CD4 T cells
CCACTACTCTCTGCTG-1,B cells
CCAGCGAAGATCCGAG-1,CD4 T cells
CCAGCGAAGCTGGAAC-1,CD4 T cells
CCAGCGAAGTCAAGCG-1,CD4 T cells
CCAGCGAAGTTGCAGG-1,B cells
CCAGCGACACAACGCC-1,CD4 T cells
CCAGCGAGTTCGTCTC-1,CD4 T cells
CCAGCGATCAGTTTGG-1,CD4 T cells
CCAGCGATCGGAAACG-1,CD14+ Monocytes
CCAGCGATCTTCATGT-1,CD14+ Monocytes
CCATGTCCACTTACGA-1,B cells
CCATGTCGTAAGTGTA-1,Other
CCATGTCGTGCACGAA-1,CD4 T cells
CCATGTCGTGCCTTGG-1,CD4 T cells
CCATGTCGTTACGACT-1,CD14+ Monocytes
CCATGTCTCCGCAAGC-1,CD4 T cells
CCATGTCTCGTCTGAA-1,NK cells
CCATTCGAGACACTAA-1,CD4 T cells
CCATTCGAGCTAACTC-1,FCGR3A+ Monocytes
CCATTCGAGTCCATAC-1,CD14+ Monocytes
CCATTCGCACATCCAA-1,CD4 T cells
CCATTCGGTAGCCTAT-1,CD4 T cells
CCATTCGGTGGCAAAC-1,Other
CCATTCGGTTCTGGTA-1,B cells
CCATTCGTCGGTTAAC-1,CD4 T cells
CCCAATCAGAATTCCC-1,CD14+ Monocytes
CCCAATCCAAGGTGTG-1,B cells
CCCAATCCATACGCTA-1,CD4 T cells
CCCAATCCATGCGCAC-1,CD4 T cells
CCCAATCGTAGCTAAA-1,CD4 T cells
CCCAATCGTTACGTCA-1,CD4 T cells
CCCAATCGTTGCGCAC-1,CD4 T cells
CCCAATCTCGCCGTGA-1,B cells
CCCAGTTAGATGCGAC-1,CD14+ Monocytes
CCCAGTTAGTTAGGTA-1,CD14+ Monocytes
CCCAGTTCAAATCCGT-1,NK cells
CCCAGTTCAAGTAATG-1,B cells
CCCAGTTGTAGCGTAG-1,CD14+ Monocytes
CCCAGTTGTGAACCTT-1,CD8 T cells
CCCATACAGATGTGGC-1,CD14+ Monocytes
CCCATACAGCGATCCC-1,CD4 T cells
CCCATACCACCATCCT-1,CD4 T cells
CCCATACCACTGCCAG-1,CD4 T cells
CCCATACGTCCTCTTG-1,CD14+ Monocytes
CCCATACGTTGAACTC-1,CD14+ Monocytes
CCCATACTCAATACCG-1,CD4 T cells
CCCATACTCCTTTCTC-1,NK cells
CCCTCCTAGACATAAC-1,B cells
CCCTCCTAGATGCCAG-1,CD14+ Monocytes
CCCTCCTAGGGATGGG-1,CD4 T cells
CCCTCCTCAAGTCATC-1,CD14+ Monocytes
CCCTCCTGTAGGGTAC-1,B cells
CCCTCCTGTCCGACGT-1,CD14+ Monocytes
CCCTCCTTCAGTGCAT-1,CD8 T cells
CCCTCCTTCGAATGGG-1,CD4 T cells
CCCTCCTTCGCATGGC-1,CD4 T cells
CCCTCCTTCGGAGCAA-1,CD4 T cells
CCGGGATAGATGAGAG-1,B cells
CCGGGATAGCCAGGAT-1,CD4 T cells
CCGGGATAGGGATGGG-1,CD4 T cells
CCGGGATAGTAGTGCG-1,CD4 T cells
CCGGGATCAAGTAATG-1,CD14+ Monocytes
CCGGGATCACCCATTC-1,B cells
CCGGGATCAGAGCCAA-1,B cells
CCGGGATCAGGTGCCT-1,CD14+ Monocytes
CCGGGATCATCGATTG-1,CD4 T cells
CCGGGATCATGAGCGA-1,CD4 T cells
CCGGGATCATGCATGT-1,B cells
CCGGGATGTGCCTGTG-1,Other
CCGGGATTCCCTCTTT-1,CD8 T cells
CCGGGATTCCTCAACC-1,CD4 T cells
CCGGGATTCCTTGACC-1,CD14+ Monocytes
CCGGGATTCTCCAGGG-1,CD4 T cells
CCGGGATTCTTGTCAT-1,B cells
CCGGTAGAGCTGCAAG-1,CD14+ Monocytes
CCGGTAGAGTTGCAGG-1,NK cells
CCGGTAGCAATGGACG-1,B cells
CCGGTAGCATCAGTAC-1,CD8 T cells
CCGGTAGGTAGCCTAT-1,CD4 T cells
CCGGTAGGTCTCTCGT-1,CD14+ Monocytes
CCGGTAGGTGCGCTTG-1,NK cells
CCGTACTAGGATGCGT-1,CD4 T cells
CCGTACTAGGGATCTG-1,CD4 T cells
CCGTACTCACACATGT-1,CD4 T cells
CCGTACTCACGAGAGT-1,CD4 T cells
CCGTACTGTCATACTG-1,CD4 T cells
CCGTACTTCACAGTAC-1,CD4 T cells
CCGTACTTCATACGGT-1,CD14+ Monocytes
CCGTACTTCGATAGAA-1,CD4 T cells
CCGTACTTCGGTCTAA-1,CD4 T cells
CCGTACTTCGTTGCCT-1,B cells
CCGTGGAAGGAGTTTA-1,B cells
CCGTGGAAGTAGGCCA-1,Dendritic Cells
CCGTGGAAGTGATCGG-1,CD4 T cells
CCGTGGAGTTCAGTAC-1,CD4 T cells
CCGTTCAAGAATCTCC-1,CD14+ Monocytes
CCGTTCACATGAAGTA-1,CD4 T cells
CCGTTCAGTCACTGGC-1,B cells
CCGTTCAGTTCTGGTA-1,CD14+ Monocytes
CCGTTCATCGCCCTTA-1,CD4 T cells
CCGTTCATCGTAGATC-1,CD4 T cells
CCGTTCATCTCGAGTA-1,B cells
CCGTTCATCTCGTTTA-1,CD14+ Monocytes
CCTAAAGAGCTGTTCA-1,CD4 T cells
CCTAAAGCATACTACG-1,CD8 T cells
CCTAAAGGTGATGTCT-1,B cells
CCTAAAGGTGTGAAAT-1,CD4 T cells
CCTAAAGTCGAATCCA-1,CD4 T cells
CCTAAAGTCGTGGACC-1,CD4 T cells
CCTAAAGTCTGTCTCG-1,B cells
CCTACACAGAGTACCG-1,CD14+ Monocytes
CCTACACAGCACACAG-1,CD4 T cells
CCTACACAGGTGACCA-1,CD4 T cells
CCTACACAGTGCAAGC-1,CD4 T cells
CCTACACCAAGCTGGA-1,CD8 T cells
CCTACACGTCTCAACA-1,CD4 T cells
CCTACACGTCTTCGTC-1,FCGR3A+ Monocytes
CCTACACGTGTTTGGT-1,CD8 T cells
CCTACACTCTGGGCCA-1,CD4 T cells
CCTACCAAGCGCTTAT-1,NK cells
CCTACCAAGTTTGCGT-1,CD4 T cells
CCTACCACACGGTTTA-1,CD4 T cells
CCTACCAGTGCGAAAC-1,CD14+ Monocytes
CCTACCATCCAAACAC-1,CD14+ Monocytes
CCTACCATCGAATGGG-1,CD14+ Monocytes
CCTACCATCTGTTGAG-1,CD14+ Monocytes
CCTAGCTAGTACGACG-1,CD8 T cells
CCTAGCTCAAACTGCT-1,CD4 T cells
CCTAGCTCAATGCCAT-1,B cells
CCTAGCTCACGTAAGG-1,B cells
CCTAGCTCAGACGCCT-1,NK cells
CCTAGCTGTCGCGTGT-1,Dendritic Cells
CCTAGCTGTGAGGCTA-1,CD4 T cells
CCTAGCTGTTACGCGC-1,CD4 T cells
CCTAGCTGTTGAGGTG-1,CD4 T cells
CCTAGCTTCCTAGTGA-1,B cells
CCTAGCTTCTTATCTG-1,CD8 T cells
CCTAGCTTCTTCAACT-1,CD4 T cells
CCTATTAAGTCTCGGC-1,B cells
CCTATTACACGAAGCA-1,NK cells
CCTATTAGTAGTGAAT-1,CD4 T cells
CCTATTAGTCAAAGCG-1,CD8 T cells
CCTCAGTAGAACTCGG-1,CD14+ Monocytes
CCTCAGTCATGCTGGC-1,CD8 T cells
CCTCAGTGTAAGGGAA-1,CD14+ Monocytes
CCTCAGTGTATGAATG-1,CD4 T cells
CCTCAGTTCACGGTTA-1,CD4 T cells
CCTCAGTTCAGCTTAG-1,CD4 T cells
CCTCTGAAGCAATCTC-1,CD8 T cells
CCTCTGAAGTGGTCCC-1,CD4 T cells
CCTCTGACAACTGGCC-1,CD14+ Monocytes
CCTCTGACAATGAATG-1,CD4 T cells
CCTCTGACAGATCGGA-1,CD4 T cells
CCTCTGACATTACCTT-1,CD4 T cells
CCTCTGAGTCCGAAGA-1,CD4 T cells
CCTCTGAGTCTTTCAT-1,CD4 T cells
CCTCTGAGTGGGTATG-1,FCGR3A+ Monocytes
CCTCTGATCCGTAGTA-1,CD8 T cells
CCTCTGATCTTTACGT-1,CD4 T cells
CCTTACGAGATCCGAG-1,CD8 T cells
CCTTACGAGCCAGTTT-1,CD8 T cells
CCTTACGAGGAGTAGA-1,CD8 T cells
CCTTACGCATATACGC-1,B cells
CCTTACGTCAGGCCCA-1,CD4 T cells
CCTTACGTCTGCGACG-1,CD14+ Monocytes
CCTTACGTCTGCGGCA-1,CD14+ Monocytes
CCTTACGTCTTACCTA-1,CD4 T cells
CCTTCCCAGATTACCC-1,CD8 T cells
CCTTCCCAGGCTACGA-1,Megakaryocytes
CCTTCCCGTACCGAGA-1,B cells
CCTTCCCGTTACCAGT-1,CD4 T cells
CCTTCCCGTTCCACAA-1,CD4 T cells
CCTTCCCTCCCTGACT-1,CD4 T cells
CCTTCCCTCTCCAACC-1,CD14+ Monocytes
CCTTCCCTCTTCCTTC-1,Dendritic Cells
CCTTCGAAGTGCAAGC-1,CD4 T cells
CCTTCGAAGTTAGCGG-1,CD4 T cells
CCTTCGACACTATCTT-1,Other
CCTTCGATCAGGCGAA-1,NK cells
CCTTTCTAGTACGCCC-1,B cells
CCTTTCTCAAAGAATC-1,CD4 T cells
CCTTTCTCACTCGACG-1,CD4 T cells
CCTTTCTCATCGGAAG-1,CD8 T cells
CCTTTCTTCCACGCAG-1,CD4 T cells
CCTTTCTTCGTCCGTT-1,CD8 T cells
CCTTTCTTCTACTCAT-1,CD4 T cells
CGAACATAGCAGCGTA-1,CD14+ Monocytes
CGAACATAGCTGAAAT-1,FCGR3A+ Monocytes
CGAACATCACAGACAG-1,CD4 T cells
CGAACATCACTCAGGC-1,B cells
CGAACATGTATTCTCT-1,CD8 T cells
CGAACATGTTACAGAA-1,Dendritic Cells
CGAACATTCACATGCA-1,CD4 T cells
CGAACATTCCGAAGAG-1,CD14+ Monocytes
CGAATGTAGTACGATA-1,CD8 T cells
CGAATGTAGTACTTGC-1,CD4 T cells
CGAATGTCAACACGCC-1,CD14+ Monocytes
CGAATGTCACCAGGTC-1,CD8 T cells
CGAATGTCATACAGCT-1,NK cells
CGAATGTCATCACCCT-1,Other
CGAATGTGTACCATCA-1,Dendritic Cells
CGAATGTTCCACGACG-1,CD14+ Monocytes
CGAATGTTCTGAAAGA-1,CD8 T cells
CGACCTTAGACCCACC-1,CD4 T cells
CGACCTTAGGAGCGTT-1,Other
CGACCTTAGTACACCT-1,CD4 T cells
CGACCTTCAGTATCTG-1,CD14+ Monocytes
CGACCTTCATTCTTAC-1,CD4 T cells
CGACCTTCATTGGGCC-1,CD4 T cells
CGACCTTGTAGTAGTA-1,Other
CGACCTTGTCAGCTAT-1,NK cells
CGACCTTGTTGATTGC-1,FCGR3A+ Monocytes
CGACCTTTCATCACCC-1,CD8 T cells
CGACCTTTCATGTGGT-1,CD14+ Monocytes
CGACCTTTCGGAAACG-1,Dendritic Cells
CGACCTTTCGGAAATA-1,CD14+ Monocytes
CGACTTCAGAAGAAGC-1,CD14+ Monocytes
CGACTTCCAATCCGAT-1,Other
CGACTTCCACTTCTGC-1,B cells
CGACTTCTCAGTTCGA-1,CD4 T cells
CGACTTCTCGTCCAGG-1,CD14+ Monocytes
CGAGAAGAGTTGAGTA-1,CD14+ Monocytes
CGAGAAGCACCATGTA-1,CD14+ Monocytes
CGAGAAGGTACTCGCG-1,CD4 T cells
CGAGAAGGTAGAGGAA-1,CD8 T cells
CGAGAAGGTTCCACGG-1,CD14+ Monocytes
CGAGAAGTCACCTCGT-1,CD4 T cells
CGAGAAGTCCGTCATC-1,Other
CGAGCACGTTACTGAC-1,CD14+ Monocytes
CGAGCACGTTGGTAAA-1,B cells
CGAGCACTCACAGTAC-1,CD14+ Monocytes
CGAGCACTCCACGTTC-1,CD4 T cells
CGAGCACTCTTTACAC-1,B cells
CGAGCCAAGCTACCGC-1,CD4 T cells
CGAGCCAAGGTGGGTT-1,CD4 T cells
CGAGCCACAAGTCTAC-1,CD4 T cells
CGAGCCAGTACATCCA-1,Other
CGAGCCATCACTCTTA-1,CD4 T cells
CGAGCCATCCACGTTC-1,B cells
CGAGCCATCTGCAAGT-1,CD4 T cells
CGATCGGAGGACACCA-1,CD14+ Monocytes
CGATCGGAGGATATAC-1,CD4 T cells
CGATCGGAGGTGGGTT-1,Dendritic Cells
CGATCGGCAAACAACA-1,CD8 T cells
CGATCGGCACGTAAGG-1,B cells
CGATCGGCAGTTCCCT-1,CD8 T cells
CGATCGGCATAGAAAC-1,Dendritic Cells
CGATCGGGTAGTACCT-1,CD4 T cells
CGATCGGGTTCTGAAC-1,FCGR3A+ Monocytes
CGATCGGTCATCGCTC-1,CD4 T cells
CGATCGGTCATGTCCC-1,CD14+ Monocytes
CGATCGGTCGCGTTTC-1,CD4 T cells
CGATGGCAGCTAAACA-1,CD4 T cells
CGATGGCCAAGACACG-1,CD4 T cells
CGATGGCCAATAACGA-1,CD4 T cells
CGATGGCGTTCCTCCA-1,CD8 T cells
CGATGGCGTTGAACTC-1,CD4 T cells
CGATGTAAGCGTTCCG-1,B cells
CGATGTAAGTTCGCGC-1,FCGR3A+ Monocytes
CGATGTACACTTCTGC-1,CD4 T cells
CGATGTACAGCCTATA-1,CD4 T cells
CGATGTAGTAGAGCTG-1,B cells
CGATGTAGTGGGTCAA-1,CD8 T cells
CGATGTAGTGTCGCTG-1,CD4 T cells
CGATGTATCGGATGGA-1,CD14+ Monocytes
CGATGTATCGGCGCTA-1,CD14+ Monocytes
CGATGTATCGTACCGG-1,CD8 T cells
CGATTGAAGGCTAGCA-1,CD4 T cells
CGATTGAAGTACTTGC-1,Other
CGATTGACAAGAGGCT-1,CD4 T cells
CGATTGACAGCATGAG-1,CD14+ Monocytes
CGATTGACATACGCCG-1,Dendritic Cells
CGATTGAGTACTTCTT-1,CD14+ Monocytes
CGATTGAGTAGATTAG-1,CD14+ Monocytes
CGATTGATCAAACAAG-1,CD4 T cells
CGATTGATCAGGTTCA-1,CD4 T cells
CGCCAAGCATCTCCCA-1,CD8 T cells
CGCCAAGGTCGGGTCT-1,CD4 T cells
CGCCAAGGTCTACCTC-1,CD8 T cells
CGCCAAGTCATGCATG-1,CD14+ Monocytes
CGCCAAGTCCCTGACT-1,CD8 T cells
CGCCAAGTCGCTTGTC-1,CD4 T cells
CGCGGTAAGCCAGTTT-1,B cells
CGCGGTAAGGGAACGG-1,CD14+ Monocytes
CGCGGTACAAACGTGG-1,NK cells
CGCGGTACAAGGTGTG-1,CD4 T cells
CGCGGTACAGACAAGC-1,Other
CGCGGTACAGGTCCAC-1,B cells
CGCGGTACATGCATGT-1,CD14+ Monocytes
CGCGGTAGTAAGAGGA-1,CD4 T cells
CGCGGTAGTAGGGTAC-1,CD8 T cells
CGCGGTAGTCTCTCTG-1,CD14+ Monocytes
CGCGGTAGTGATAAGT-1,CD14+ Monocytes
CGCGGTAGTTGGTAAA-1,CD4 T cells
CGCGGTAGTTGGTGGA-1,FCGR3A+ Monocytes
CGCGGTATCGCACTCT-1,B cells
CGCGGTATCGGATGGA-1,B cells
CGCGGTATCGGTGTTA-1,CD14+ Monocytes
CGCGGTATCGTACGGC-1,CD14+ Monocytes
CGCGGTATCTTGAGGT-1,CD14+ Monocytes
CGCGTTTAGCAGCGTA-1,CD4 T cells
CGCGTTTAGCCCAACC-1,CD14+ Monocytes
CGCGTTTAGCTAGTCT-1,NK cells
CGCGTTTCAAAGAATC-1,CD4 T cells
CGCGTTTGTACTCTCC-1,NK cells
CGCGTTTGTAGATTAG-1,CD4 T cells
CGCGTTTTCCTCATTA-1,CD4 T cells
CGCGTTTTCTGCTTGC-1,FCGR3A+ Monocytes
CGCTATCAGACTTGAA-1,CD4 T cells
CGCTATCCACGTGAGA-1,CD4 T cells
CGCTATCCAGGTGCCT-1,CD4 T cells
CGCTATCGTTCGTCTC-1,CD4 T cells
CGCTATCTCTTAACCT-1,Megakaryocytes
CGCTTCAAGACTAAGT-1,CD4 T cells
CGCTTCAAGCTCTCGG-1,FCGR3A+ Monocytes
CGCTTCAAGTGACTCT-1,B cells
CGCTTCAGTTATGCGT-1,CD4 T cells
CGCTTCAGTTTGTTGG-1,CD4 T cells
CGCTTCATCAACGGCC-1,B cells
CGCTTCATCATGCATG-1,CD14+ Monocytes
CGGACACAGACGCAAC-1,CD14+ Monocytes
CGGACACAGGTGCTAG-1,CD4 T cells
CGGACACAGTGCGATG-1,CD4 T cells
CGGACACGTAATCGTC-1,Dendritic Cells
CGGACACGTCTAACGT-1,CD4 T cells
CGGACACTCGGTCCGA-1,CD4 T cells
CGGACACTCTGCTTGC-1,CD8 T cells
CGGACGTAGACTCGGA-1,CD4 T cells
CGGACGTAGAGCTATA-1,Other
CGGACGTAGGAGCGAG-1,CD4 T cells
CGGACGTAGGGTATCG-1,CD8 T cells
CGGACGTCACATCCAA-1,CD8 T cells
CGGACGTCAGGCGATA-1,CD4 T cells
CGGACGTCAGGGAGAG-1,CD14+ Monocytes
CGGACGTGTCTTTCAT-1,FCGR3A+ Monocytes
CGGACGTTCAAACAAG-1,Other
CGGACTGAGATGTGTA-1,CD4 T cells
CGGACTGAGCTGCAAG-1,Other
CGGACTGAGTTAGGTA-1,B cells
CGGACTGCACCATCCT-1,FCGR3A+ Monocytes
CGGACTGGTGGAAAGA-1,CD14+ Monocytes
CGGACTGGTGTTCGAT-1,CD4 T cells
CGGACTGTCAAACCGT-1,CD4 T cells
CGGACTGTCAGTTCGA-1,CD8 T cells
CGGACTGTCGGATGGA-1,FCGR3A+ Monocytes
CGGACTGTCGGCGGTT-1,NK cells
CGGACTGTCTTTACAC-1,CD4 T cells
CGGAGCTAGCTGCCCA-1,CD14+ Monocytes
CGGAGCTCAAGGTTCT-1,CD4 T cells
CGGAGCTGTCAAAGAT-1,CD4 T cells
CGGAGCTGTCCAAGTT-1,CD4 T cells
CGGAGCTGTCTAGCCG-1,CD4 T cells
CGGAGCTTCGCAGGCT-1,CD4 T cells
CGGAGCTTCTACCTGC-1,CD4 T cells
CGGAGCTTCTTAACCT-1,B cells
CGGAGTCAGACAGAGA-1,CD4 T cells
CGGAGTCCATCTCCCA-1,B cells
CGGAGTCGTCGAATCT-1,CD8 T cells
CGGAGTCGTTGATTCG-1,B cells
CGGAGTCTCTTTAGTC-1,CD4 T cells
CGGCTAGAGAGCCTAG-1,B cells
CGGCTAGAGCTTCGCG-1,CD4 T cells
CGGCTAGCACATCCGG-1,CD14+ Monocytes
CGGCTAGCAGATAATG-1,CD4 T cells
CGGCTAGCAGCTGTTA-1,Other
CGGCTAGGTATGAATG-1,CD8 T cells
CGGCTAGGTCTCACCT-1,NK cells
CGGCTAGGTTCGCTAA-1,CD4 T cells
CGGCTAGGTTTCCACC-1,CD14+ Monocytes
CGGCTAGTCTACCTGC-1,CD4 T cells
CGGGTCAAGCCACGCT-1,CD14+ Monocytes
CGGGTCAAGCGAGAAA-1,CD4 T cells
CGGGTCAAGGACAGAA-1,CD4 T cells
CGGGTCAGTCAACTGT-1,B cells
CGGGTCAGTGTGACGA-1,CD4 T cells
CGGGTCATCGCCTGTT-1,CD14+ Monocytes
CGGTTAAAGAGTTGGC-1,FCGR3A+ Monocytes
CGGTTAAAGTTTCCTT-1,CD14+ Monocytes
CGGTTAACAACGATCT-1,CD8 T cells
CGGTTAAGTAAGCACG-1,B cells
CGGTTAAGTGATGCCC-1,CD4 T cells
CGGTTAATCCTGTACC-1,NK cells
CGTAGCGAGAATGTTG-1,CD4 T cells
CGTAGCGAGCGTCTAT-1,FCGR3A+ Monocytes
CGTAGCGAGGGAGTAA-1,CD4 T cells
CGTAGCGCAAAGTCAA-1,CD14+ Monocytes
CGTAGCGCACTGCCAG-1,CD4 T cells
CGTAGCGCATGTTCCC-1,CD4 T cells
CGTAGCGTCTGGCGTG-1,B cells
CGTAGCGTCTTGCATT-1,CD4 T cells
CGTAGGCAGCTGATAA-1,FCGR3A+ Monocytes
CGTAGGCCAAAGGAAG-1,FCGR3A+ Monocytes
CGTAGGCCAGACTCGC-1,CD4 T cells
CGTAGGCCATCTATGG-1,CD8 T cells
CGTAGGCCATGCCCGA-1,B cells
CGTAGGCGTATAGGGC-1,CD4 T cells
CGTCACTAGACTCGGA-1,CD4 T cells
CGTCACTAGTGTCTCA-1,CD4 T cells
CGTCACTCAATGGAAT-1,CD4 T cells
CGTCACTCACTTACGA-1,CD4 T cells
CGTCACTTCTGAAAGA-1,CD4 T cells
CGTCAGGAGAGACTAT-1,CD4 T cells
CGTCAGGCACCGGAAA-1,Dendritic Cells
CGTCAGGCAGATGGCA-1,CD4 T cells
CGTCAGGGTAAAGTCA-1,CD14+ Monocytes
CGTCAGGTCAGCATGT-1,B cells
CGTCAGGTCTGTCCGT-1,CD8 T cells
CGTCAGGTCTTCAACT-1,B cells
CGTCCATAGACCACGA-1,CD4 T cells
CGTCCATAGCATCATC-1,CD4 T cells
CGTCCATAGTGGGCTA-1,Dendritic Cells
CGTCCATAGTGTACGG-1,B cells
CGTCCATCACAGCGTC-1,B cells
CGTCCATCATTAACCG-1,CD4 T cells
CGTCCATGTGACTCAT-1,CD14+ Monocytes
CGTCCATTCGCCAGCA-1,CD4 T cells
CGTCCATTCGTGGTCG-1,CD4 T cells
CGTCCATTCGTTTGCC-1,CD4 T cells
CGTCCATTCTTCGAGA-1,CD4 T cells
CGTCTACAGAGTGACC-1,CD4 T cells
CGTCTACAGTCTTGCA-1,CD8 T cells
CGTCTACCAAGGTTCT-1,CD8 T cells
CGTCTACCACAAGCCC-1,CD4 T cells
CGTCTACCATATGGTC-1,CD4 T cells
CGTCTACGTCATATCG-1,CD8 T cells
CGTCTACGTCTAACGT-1,CD8 T cells
CGTCTACGTGACTCAT-1,CD8 T cells
CGTCTACGTGGACGAT-1,CD4 T cells
CGTGAGCAGCTGTCTA-1,CD4 T cells
CGTGAGCAGTAGATGT-1,B cells
CGTGAGCCATGGTAGG-1,CD4 T cells
CGTGAGCGTAGGGACT-1,CD4 T cells
CGTGAGCGTCTCTCGT-1,CD8 T cells
CGTGAGCGTTGTCGCG-1,Other
CGTGAGCTCAGCTGGC-1,CD4 T cells
CGTGAGCTCAGTGTTG-1,FCGR3A+ Monocytes
CGTGAGCTCGTTACGA-1,CD4 T cells
CGTGAGCTCGTTTGCC-1,CD4 T cells
CGTGTAAAGAATGTGT-1,CD4 T cells
CGTGTAAAGCATGGCA-1,CD4 T cells
CGTGTAAAGCTAGTCT-1,B cells
CGTGTAAAGTTGTAGA-1,CD8 T cells
CGTGTAACACGTGAGA-1,CD4 T cells
CGTGTAACAGTTCCCT-1,CD8 T cells
CGTGTAAGTAGGCTGA-1,B cells
CGTGTAAGTCACTGGC-1,CD4 T cells
CGTGTAATCTCGCTTG-1,CD4 T cells
CGTGTCTAGCAGACTG-1,B cells
CGTGTCTAGGGTCGAT-1,CD14+ Monocytes
CGTGTCTAGTAGCGGT-1,CD4 T cells
CGTGTCTAGTTAAGTG-1,CD4 T cells
CGTGTCTGTAAACCTC-1,CD4 T cells
CGTGTCTTCATCACCC-1,CD4 T cells
CGTGTCTTCATGCAAC-1,CD14+ Monocytes
CGTGTCTTCCAGATCA-1,CD14+ Monocytes
CGTGTCTTCTAACTCT-1,CD8 T cells
CGTTAGAAGCAAATCA-1,CD14+ Monocytes
CGTTAGAAGTCAAGGC-1,CD14+ Monocytes
CGTTAGACAACGATCT-1,CD14+ Monocytes
CGTTAGACAGATAATG-1,CD14+ Monocytes
CGTTAGAGTAATAGCA-1,CD4 T cells
CGTTAGAGTCACTTCC-1,CD14+ Monocytes
CGTTAGAGTCTCTTAT-1,CD14+ Monocytes
CGTTAGAGTTAAAGAC-1,CD14+ Monocytes
CGTTAGAGTTCAGGCC-1,B cells
CGTTAGATCGTACGGC-1,CD4 T cells
CGTTCTGAGAAACGCC-1,CD14+ Monocytes
CGTTCTGAGCTCAACT-1,CD4 T cells
CGTTCTGAGGCTCAGA-1,Other
CGTTCTGCAAGCGTAG-1,CD4 T cells
CGTTCTGCACAGGCCT-1,CD4 T cells
CGTTCTGCACATTCGA-1,CD14+ Monocytes
CGTTCTGGTTATCCGA-1,B cells
CGTTCTGGTTCCAACA-1,CD4 T cells
CGTTCTGTCCGAGCCA-1,Megakaryocytes
CGTTGGGAGAAGGCCT-1,CD4 T cells
CGTTGGGAGAGCTATA-1,CD4 T cells
CGTTGGGAGATCACGG-1,CD4 T cells
CGTTGGGAGCTGTTCA-1,CD8 T cells
CGTTGGGAGGAATGGA-1,CD14+ Monocytes
CGTTGGGAGGTGCTAG-1,CD4 T cells
CGTTGGGAGTTACGGG-1,B cells
CGTTGGGCAGATAATG-1,CD14+ Monocytes
CGTTGGGCAGTCTTCC-1,CD4 T cells
CGTTGGGCATAAGACA-1,CD4 T cells
CGTTGGGCATCCGGGT-1,CD4 T cells
CGTTGGGTCTGATACG-1,B cells
CTAACTTAGCCGGTAA-1,Other
CTAACTTCACCTATCC-1,CD4 T cells
CTAACTTCAGGCTGAA-1,CD14+ Monocytes
CTAACTTCATCTGGTA-1,CD8 T cells
CTAACTTGTAAGGGCT-1,CD8 T cells
CTAACTTGTACCCAAT-1,CD8 T cells
CTAACTTGTATATGAG-1,CD4 T cells
CTAACTTTCAACACGT-1,CD4 T cells
CTAACTTTCAGCTTAG-1,Other
CTAAGACAGACAGACC-1,CD4 T cells
CTAAGACAGATGAGAG-1,CD4 T cells
CTAAGACAGCGTAGTG-1,Other
CTAAGACAGCGTGAGT-1,CD8 T cells
CTAAGACAGGAACTGC-1,CD4 T cells
CTAAGACCACAGCCCA-1,CD4 T cells
CTAAGACGTAAAGTCA-1,B cells
CTAAGACGTAGCGCTC-1,CD4 T cells
CTAAGACGTGTGAATA-1,Other
CTAAGACTCGGACAAG-1,CD8 T cells
CTAAGACTCTGTTGAG-1,CD4 T cells
CTAATGGCAAGCCGCT-1,CD4 T cells
CTAATGGGTGTGTGCC-1,CD4 T cells
CTACACCAGCGTAATA-1,CD4 T cells
CTACACCAGTCTCAAC-1,CD14+ Monocytes
CTACACCAGTGAACGC-1,CD4 T cells
CTACACCAGTGGTCCC-1,CD4 T cells
CTACACCGTACGCTGC-1,CD4 T cells
CTACACCGTCCTCTTG-1,CD4 T cells
CTACACCGTTACGCGC-1,CD14+ Monocytes
CTACACCGTTTGACAC-1,B cells
CTACACCTCAGCGATT-1,CD4 T cells
CTACACCTCTTACCGC-1,CD8 T cells
CTACACCTCTTGCAAG-1,CD14+ Monocytes
CTACATTAGACTTGAA-1,CD14+ Monocytes
CTACATTAGAGACGAA-1,CD8 T cells
CTACATTAGCCACGCT-1,CD4 T cells
CTACATTAGCTTATCG-1,CD4 T cells
CTACATTCAGATCGGA-1,CD8 T cells
CTACATTCATCGACGC-1,NK cells
CTACATTGTCACTGGC-1,B cells
CTACATTGTCGTTGTA-1,CD8 T cells
CTACATTTCGGCATCG-1,B cells
CTACCCACACCCTATC-1,CD4 T cells
CTACCCAGTAAGTTCC-1,CD4 T cells
CTACCCAGTCCTCCAT-1,CD4 T cells
CTACCCAGTCGTCTTC-1,CD8 T cells
CTACCCAGTGGTAACG-1,CD14+ Monocytes
CTACCCATCAACACGT-1,B cells
CTACCCATCTACTTAC-1,CD14+ Monocytes
CTACGTCAGTGACTCT-1,B cells
CTACGTCCAGCCTTTC-1,CD4 T cells
CTACGTCCATTGGCGC-1,CD14+ Monocytes
CTACGTCGTAAGGGAA-1,B cells
CTACGTCGTCAGATAA-1,CD14+ Monocytes
CTACGTCGTGTGACCC-1,FCGR3A+ Monocytes
CTACGTCGTTGTACAC-1,CD4 T cells
CTACGTCGTTTGCATG-1,CD14+ Monocytes
CTACGTCTCTGGAGCC-1,CD14+ Monocytes
CTAGAGTAGACCCACC-1,CD14+ Monocytes
CTAGAGTAGGGTTTCT-1,CD14+ Monocytes
CTAGAGTAGTGGGCTA-1,Dendritic Cells
CTAGAGTCACGTCAGC-1,CD4 T cells
CTAGAGTCATCCTTGC-1,CD4 T cells
CTAGAGTCATGCCACG-1,CD4 T cells
CTAGAGTGTACAAGTA-1,B cells
CTAGAGTGTCATTAGC-1,CD4 T cells
CTAGAGTTCCGCAGTG-1,CD4 T cells
CTAGAGTTCGAGAACG-1,CD4 T cells
CTAGCCTAGGGAGTAA-1,CD8 T cells
CTAGCCTGTCAACATC-1,CD8 T cells
CTAGCCTGTCGGCATC-1,CD4 T cells
CTAGCCTTCTCCAACC-1,CD4 T cells
CTAGCCTTCTGTACGA-1,CD14+ Monocytes
CTAGTGAAGCCGGTAA-1,CD4 T cells
CTAGTGAGTCAATGTC-1,B cells
CTAGTGAGTTGTCTTT-1,CD14+ Monocytes
CTAGTGATCGCCTGAG-1,CD4 T cells
CTCACACAGCCCGAAA-1,CD14+ Monocytes
CTCACACAGCGTTTAC-1,CD4 T cells
CTCACACCATGCCCGA-1,CD4 T cells
CTCACACGTATAGGGC-1,CD8 T cells
CTCACACGTTTAAGCC-1,CD4 T cells
CTCACACTCAGTTGAC-1,NK cells
CTCACACTCGCCTGTT-1,CD4 T cells
CTCACACTCTACGAGT-1,CD4 T cells
CTCACACTCTGCCAGG-1,CD4 T cells
CTCAGAAAGAGTAATC-1,B cells
CTCAGAAAGGTGTGGT-1,CD4 T cells
CTCAGAAAGTAGCGGT-1,B cells
CTCAGAACAATCTGCA-1,CD4 T cells
CTCAGAAGTATCGCAT-1,CD14+ Monocytes
CTCAGAAGTCAAAGAT-1,B cells
CTCATTAAGCCAACAG-1,CD8 T cells
CTCATTAAGCTGCGAA-1,FCGR3A+ Monocytes
CTCATTAAGGATCGCA-1,CD14+ Monocytes
CTCATTAAGGTCATCT-1,CD14+ Monocytes
CTCATTACACGGCCAT-1,Other
CTCATTACAGGGCATA-1,CD4 T cells
CTCATTACAGGTCCAC-1,CD4 T cells
CTCATTACATAGGATA-1,CD14+ Monocytes
CTCATTACATGAACCT-1,CD4 T cells
CTCATTAGTCTCCATC-1,CD14+ Monocytes
CTCATTATCAGTCCCT-1,CD14+ Monocytes
CTCATTATCATTTGGG-1,CD4 T cells
CTCATTATCTTAACCT-1,CD14+ Monocytes
CTCCTAGAGAACAATC-1,CD4 T cells
CTCCTAGAGCAGACTG-1,B cells
CTCCTAGAGTACGTTC-1,CD14+ Monocytes
CTCCTAGAGTTCGCGC-1,CD14+ Monocytes
CTCCTAGCATTGGTAC-1,CD14+ Monocytes
CTCCTAGGTGGCTCCA-1,CD4 T cells
CTCCTAGTCAAAGACA-1,CD4 T cells
CTCCTAGTCCGCATCT-1,CD14+ Monocytes
CTCCTAGTCGTACCGG-1,CD4 T cells
CTCCTAGTCTGCTGTC-1,CD4 T cells
CTCGAAACAGTGAGTG-1,CD14+ Monocytes
CTCGAAACATGACATC-1,NK cells
CTCGAAAGTCAATGTC-1,CD4 T cells
CTCGAGGAGGCTATCT-1,CD4 T cells
CTCGAGGAGTTATCGC-1,B cells
CTCGAGGCAAAGTGCG-1,CD4 T cells
CTCGAGGCAATAACGA-1,CD4 T cells
CTCGAGGCATGCCTTC-1,Dendritic Cells
CTCGAGGGTAAATGAC-1,CD4 T cells
CTCGAGGGTCGCCATG-1,Dendritic Cells
CTCGAGGTCCCATTAT-1,NK cells
CTCGAGGTCGGAGGTA-1,CD4 T cells
CTCGAGGTCTGGGCCA-1,CD8 T cells
CTCGAGGTCTTTACAC-1,CD8 T cells
CTCGGAGAGCGAAGGG-1,CD8 T cells
CTCGGAGCAGACGCCT-1,B cells
CTCGGAGGTCGACTGC-1,CD4 T cells
CTCGGAGGTGCAGTAG-1,CD14+ Monocytes
CTCGGAGTCCTATGTT-1,CD4 T cells
CTCGGGAAGAAGAAGC-1,CD8 T cells
CTCGGGAAGGTGCAAC-1,CD8 T cells
CTCGGGACAAGCGCTC-1,CD4 T cells
CTCGGGACACATCCAA-1,Dendritic Cells
CTCGGGACACCTGGTG-1,CD4 T cells
CTCGGGAGTTCAGCGC-1,CD14+ Monocytes
CTCGGGAGTTTAGGAA-1,CD8 T cells
CTCGGGAGTTTGGGCC-1,CD4 T cells
CTCGGGATCCCAAGTA-1,B cells
CTCGGGATCGAATCCA-1,NK cells
CTCGTACAGACTGGGT-1,CD8 T cells
CTCGTACCAAAGAATC-1,CD4 T cells
CTCGTACCACCTCGGA-1,CD4 T cells
CTCGTACCATGAGCGA-1,CD8 T cells
CTCGTACCATTAACCG-1,Dendritic Cells
CTCGTACGTAGAGGAA-1,CD4 T cells
CTCGTACGTCCGACGT-1,CD4 T cells
CTCGTACGTTTGTGTG-1,B cells
CTCGTACTCAGCTTAG-1,CD8 T cells
CTCGTACTCATTTGGG-1,CD8 T cells
CTCGTCAAGTAATCCC-1,CD14+ Monocytes
CTCGTCACAAGGCTCC-1,CD4 T cells
CTCGTCACAATCGAAA-1,NK cells
CTCGTCACACCTGGTG-1,CD8 T cells
CTCGTCAGTAACGACG-1,B cells
CTCGTCAGTAGGGACT-1,CD14+ Monocytes
CTCGTCAGTGATGATA-1,CD4 T cells
CTCGTCAGTGCCTGCA-1,B cells
CTCGTCAGTTCGAATC-1,Dendritic Cells
CTCTAATAGAGGTAGA-1,B cells
CTCTAATAGCTGGAAC-1,CD4 T cells
CTCTAATAGGTTCCTA-1,B cells
CTCTAATCACCTGGTG-1,CD8 T cells
CTCTAATGTCGAATCT-1,CD4 T cells
CTCTAATGTTAGTGGG-1,CD8 T cells
CTCTAATGTTGGACCC-1,CD4 T cells
CTCTAATGTTTGGGCC-1,CD8 T cells
CTCTAATTCCAAACTG-1,CD8 T cells
CTCTAATTCGGCCGAT-1,NK cells
CTCTACGAGCCAGAAC-1,CD8 T cells
CTCTACGAGCGACGTA-1,CD4 T cells
CTCTACGCACACCGAC-1,B cells
CTCTACGGTAAAGTCA-1,CD14+ Monocytes
CTCTACGGTATAGTAG-1,B cells
CTCTACGGTTAAGATG-1,CD14+ Monocytes
CTCTGGTAGACTTTCG-1,Dendritic Cells
CTCTGGTAGGAGTAGA-1,Other
CTCTGGTAGTTAGGTA-1,CD8 T cells
CTCTGGTCAAATCCGT-1,CD4 T cells
CTCTGGTCACGAGAGT-1,CD14+ Monocytes
CTCTGGTCATAACCTG-1,B cells
CTCTGGTGTAAATGAC-1,CD4 T cells
CTCTGGTGTGAACCTT-1,CD14+ Monocytes
CTCTGGTGTTAAGGGC-1,FCGR3A+ Monocytes
CTCTGGTTCCTCTAGC-1,CD4 T cells
CTCTGGTTCTATGTGG-1,B cells
CTGAAACGTCATACTG-1,CD4 T cells
CTGAAACTCGTTTAGG-1,CD4 T cells
CTGAAACTCTAACTCT-1,CD4 T cells
CTGAAGTAGACTACAA-1,CD4 T cells
CTGAAGTAGCGATAGC-1,B cells
CTGAAGTCACGGTAGA-1,CD8 T cells
CTGAAGTGTCACCCAG-1,NK cells
CTGAAGTGTTGACGTT-1,CD4 T cells
CTGAAGTGTTTGTTGG-1,CD8 T cells
CTGAAGTTCCACGTGG-1,Dendritic Cells
CTGAAGTTCGTATCAG-1,CD4 T cells
CTGATAGAGACGCAAC-1,CD8 T cells
CTGATAGAGGAATGGA-1,CD14+ Monocytes
CTGATAGCAACTGGCC-1,CD4 T cells
CTGATAGCACGACGAA-1,B cells
CTGATAGGTACCGAGA-1,B cells
CTGATAGGTGCTGTAT-1,CD14+ Monocytes
CTGATAGGTTGACGTT-1,CD4 T cells
CTGATAGTCGAATGGG-1,CD8 T cells
CTGATAGTCTTTACGT-1,CD4 T cells
CTGATCCAGGCAGGTT-1,CD4 T cells
CTGATCCCATCCTAGA-1,CD4 T cells
CTGATCCGTCTAACGT-1,CD4 T cells
CTGATCCGTCTCATCC-1,CD4 T cells
CTGATCCGTGCAACTT-1,CD14+ Monocytes
CTGATCCGTTCGCGAC-1,CD8 T cells
CTGCCTAAGATATGGT-1,B cells
CTGCCTAAGTCCAGGA-1,B cells
CTGCCTAAGTGCGATG-1,CD4 T cells
CTGCCTACAAAGCAAT-1,CD4 T cells
CTGCCTACATACGCCG-1,CD4 T cells
CTGCCTACATTAACCG-1,CD4 T cells
CTGCCTAGTCGACTGC-1,CD4 T cells
CTGCCTAGTGAGTGAC-1,CD14+ Monocytes
CTGCGGAAGGGAAACA-1,CD14+ Monocytes
CTGCGGAAGTACGCGA-1,FCGR3A+ Monocytes
CTGCGGAAGTGCGATG-1,CD4 T cells
CTGCGGAAGTTCGCGC-1,B cells
CTGCGGACAGTATGCT-1,B cells
CTGCGGATCTGCAAGT-1,NK cells
CTGCTGTAGAATCTCC-1,CD4 T cells
CTGCTGTAGACTAAGT-1,CD8 T cells
CTGCTGTAGAGCTGGT-1,CD8 T cells
CTGCTGTAGATATACG-1,CD14+ Monocytes
CTGCTGTGTAAATGTG-1,CD4 T cells
CTGCTGTGTACCGTAT-1,B cells
CTGCTGTGTCGCGAAA-1,CD4 T cells
CTGCTGTGTTACGTCA-1,B cells
CTGGTCTAGTAGGCCA-1,CD4 T cells
CTGGTCTCAGCTTCGG-1,CD4 T cells
CTGGTCTCAGGCAGTA-1,CD14+ Monocytes
CTGGTCTGTACTCGCG-1,CD14+ Monocytes
CTGGTCTTCAACACAC-1,CD8 T cells
CTGGTCTTCCAAACAC-1,CD14+ Monocytes
CTGGTCTTCGCAAACT-1,CD8 T cells
CTGTGCTAGACAATAC-1,CD14+ Monocytes
CTGTGCTAGAGGTAGA-1,Other
CTGTGCTAGTCCATAC-1,FCGR3A+ Monocytes
CTGTGCTAGTTACGGG-1,CD8 T cells
CTGTGCTCAAAGCAAT-1,B cells
CTGTGCTCATGCAACT-1,CD14+ Monocytes
CTGTGCTGTAAACCTC-1,FCGR3A+ Monocytes
CTGTGCTGTCTCTTAT-1,B cells
CTGTGCTTCCGCGGTA-1,Other
CTGTTTAAGATATACG-1,CD8 T cells
CTGTTTACAGATGAGC-1,CD14+ Monocytes
CTGTTTAGTAAATACG-1,CD8 T cells
CTGTTTAGTCCGTCAG-1,Megakaryocytes
CTGTTTAGTCTCCACT-1,B cells
CTGTTTATCAGTCAGT-1,CD14+ Monocytes
CTTAACTAGCTACCTA-1,CD14+ Monocytes
CTTAACTGTGTTGGGA-1,NK cells
CTTAACTTCTCGAGTA-1,CD14+ Monocytes
CTTACCGAGAAACCTA-1,CD4 T cells
CTTACCGCAATGGACG-1,CD4 T cells
CTTACCGCAGTACACT-1,CD4 T cells
CTTACCGCATACTACG-1,CD14+ Monocytes
CTTACCGGTATGAAAC-1,CD4 T cells
CTTACCGGTTTGCATG-1,CD14+ Monocytes
CTTAGGAAGCCAACAG-1,Other
CTTAGGAAGCTAGGCA-1,CD8 T cells
CTTAGGACAAGCCGTC-1,CD4 T cells
CTTAGGAGTCTCCATC-1,Dendritic Cells
CTTAGGAGTTCGCGAC-1,CD8 T cells
CTTAGGATCACCGTAA-1,CD8 T cells
CTTCTCTCAAAGGCGT-1,FCGR3A+ Monocytes
CTTCTCTCAATGGATA-1,CD4 T cells
CTTCTCTCACAGAGGT-1,CD4 T cells
CTTCTCTCATGCCCGA-1,CD4 T cells
CTTCTCTGTTACTGAC-1,CD4 T cells
CTTCTCTTCCTATGTT-1,CD8 T cells
CTTCTCTTCGGACAAG-1,CD4 T cells
CTTGGCTGTCACAAGG-1,Other
CTTGGCTGTCCAGTTA-1,CD4 T cells
CTTGGCTGTGTGACGA-1,CD8 T cells
CTTGGCTTCCACGAAT-1,B cells
CTTGGCTTCCTAAGTG-1,CD14+ Monocytes
CTTGGCTTCGGAGGTA-1,NK cells
CTTGGCTTCGTTGACA-1,B cells
CTTGGCTTCTAACTTC-1,CD4 T cells
CTTGGCTTCTGGTTCC-1,Other
CTTGGCTTCTTAGAGC-1,CD4 T cells
CTTTGCGAGTTAGCGG-1,CD8 T cells
CTTTGCGCAAGTCTAC-1,B cells
CTTTGCGCACAGGAGT-1,FCGR3A+ Monocytes
CTTTGCGCACTATCTT-1,B cells
CTTTGCGCATGCTAGT-1,B cells
CTTTGCGGTGGACGAT-1,CD4 T cells
GAAACTCAGCCATCGC-1,CD14+ Monocytes
GAAACTCAGGTGCTAG-1,Dendritic Cells
GAAACTCAGTACTTGC-1,Dendritic Cells
GAAACTCCAATAACGA-1,CD4 T cells
GAAACTCCACAACTGT-1,NK cells
GAAACTCCAGTGGGAT-1,B cells
GAAACTCGTGTAAGTA-1,CD4 T cells
GAAACTCGTTGTACAC-1,B cells
GAAACTCTCACATAGC-1,CD14+ Monocytes
GAAACTCTCACTCCTG-1,Other
GAAACTCTCAGGCAAG-1,CD8 T cells
GAAATGAAGACAGACC-1,CD4 T cells
GAAATGAAGTCGTTTG-1,CD14+ Monocytes
GAAATGACAAGACACG-1,B cells
GAAATGACAGATAATG-1,CD14+ Monocytes
GAAATGAGTAGCGTAG-1,B cells
GAAATGATCACTCCTG-1,CD4 T cells
GAACATCAGCCTCGTG-1,CD14+ Monocytes
GAACATCAGTACGCGA-1,CD4 T cells
GAACATCAGTTAGCGG-1,CD4 T cells
GAACATCCACAAGCCC-1,CD4 T cells
GAACATCGTATAAACG-1,CD14+ Monocytes
GAACATCGTATTAGCC-1,CD4 T cells
GAACATCTCCAAAGTC-1,CD4 T cells
GAACATCTCTGGTGTA-1,CD4 T cells
GAACATCTCTGGTTCC-1,B cells
GAACCTAAGCCTATGT-1,CD8 T cells
GAACCTACAGCGAACA-1,B cells
GAACCTACATGCTGGC-1,CD4 T cells
GAACCTACATGGGAAC-1,B cells
GAACCTAGTATCAGTC-1,CD4 T cells
GAACCTAGTCTCTTTA-1,CD14+ Monocytes
GAACCTATCATCACCC-1,NK cells
GAACCTATCATTTGGG-1,CD14+ Monocytes
GAACCTATCCATGCTC-1,CD14+ Monocytes
GAACCTATCGGTTAAC-1,CD4 T cells
GAACGGAAGATATGGT-1,CD4 T cells
GAACGGACAATCGAAA-1,B cells
GAACGGAGTAATCACC-1,CD4 T cells
GAACGGAGTCAACATC-1,CD4 T cells
GAACGGAGTCGTCTTC-1,Dendritic Cells
GAACGGATCAAGATCC-1,CD4 T cells
GAACGGATCCCGGATG-1,B cells
GAACGGATCCTAGAAC-1,CD8 T cells
GAAGCAGAGAAAGTGG-1,CD4 T cells
GAAGCAGAGACAAAGG-1,CD14+ Monocytes
GAAGCAGAGGCACATG-1,CD4 T cells
GAAGCAGCAAGTTAAG-1,CD8 T cells
GAAGCAGGTAAATACG-1,CD8 T cells
GAAGCAGTCACGAAGG-1,CD14+ Monocytes
GAAGCAGTCCCTAATT-1,CD4 T cells
GAATAAGAGAAACCAT-1,CD8 T cells
GAATAAGCATTCTTAC-1,FCGR3A+ Monocytes
GAATAAGTCCTTGGTC-1,NK cells
GAATAAGTCGCCAGCA-1,B cells
GAATAAGTCGGACAAG-1,FCGR3A+ Monocytes
GAATGAAAGCCAGTAG-1,CD4 T cells
GAATGAAAGGGTTTCT-1,CD4 T cells
GAATGAACAAACGTGG-1,CD4 T cells
GAATGAACAACTGCGC-1,CD4 T cells
GAATGAAGTCTCGTTC-1,CD4 T cells
GAATGAAGTGCACGAA-1,B cells
GAATGAATCTTTAGTC-1,CD4 T cells
GACACGCAGATAGTCA-1,B cells
GACACGCCACACCGAC-1,B cells
GACACGCCACTTCGAA-1,CD8 T cells
GACACGCCAGCTCGCA-1,CD14+ Monocytes
GACACGCGTGAGTGAC-1,B cells
GACACGCGTGCAGTAG-1,CD8 T cells
GACAGAGAGACTTTCG-1,CD14+ Monocytes
GACAGAGAGATCACGG-1,FCGR3A+ Monocytes
GACAGAGAGCTTTGGT-1,CD14+ Monocytes
GACAGAGAGGGTGTGT-1,Dendritic Cells
GACAGAGAGGTGCTTT-1,CD4 T cells
GACAGAGAGTACGTAA-1,CD4 T cells
GACAGAGCAATAGAGT-1,CD4 T cells
GACAGAGCAGATGGCA-1,CD14+ Monocytes
GACAGAGGTCCTGCTT-1,B cells
GACAGAGGTCTAGAGG-1,CD4 T cells
GACAGAGGTGATAAAC-1,CD4 T cells
GACAGAGGTGGAAAGA-1,CD14+ Monocytes
GACAGAGGTGTATGGG-1,CD14+ Monocytes
GACAGAGTCTAGAGTC-1,CD14+ Monocytes
GACAGAGTCTTGACGA-1,CD4 T cells
GACCAATAGTGACTCT-1,B cells
GACCAATCAAGACACG-1,CD4 T cells
GACCAATCAGACAAAT-1,CD4 T cells
GACCAATGTATAAACG-1,CD4 T cells
GACCAATGTCAATGTC-1,CD14+ Monocytes
GACCAATGTGGCTCCA-1,CD4 T cells
GACCAATTCAGTTGAC-1,CD14+ Monocytes
GACCAATTCCCTTGTG-1,FCGR3A+ Monocytes
GACCAATTCCGGCACA-1,CD14+ Monocytes
GACCAATTCCTAGAAC-1,NK cells
GACCAATTCTTCAACT-1,B cells
GACCAATTCTTTACGT-1,CD4 T cells
GACCTGGAGCCCAACC-1,B cells
GACCTGGAGTGTGGCA-1,CD4 T cells
GACCTGGCAATTCCTT-1,CD14+ Monocytes
GACCTGGCACCGATAT-1,CD14+ Monocytes
GACCTGGCATGAACCT-1,CD8 T cells
GACCTGGCATGACATC-1,CD8 T cells
GACCTGGGTCGACTAT-1,CD14+ Monocytes
GACCTGGGTCGCGGTT-1,CD14+ Monocytes
GACCTGGGTTCCACGG-1,CD14+ Monocytes
GACCTGGTCGCGTAGC-1,CD4 T cells
GACCTGGTCTACCTGC-1,B cells
GACGCGTAGCAGGCTA-1,NK cells
GACGCGTAGGGAAACA-1,CD14+ Monocytes
GACGCGTAGTCCGGTC-1,CD8 T cells
GACGCGTCAACACCCG-1,CD8 T cells
GACGCGTGTACTTAGC-1,CD8 T cells
GACGCGTGTAGTGAAT-1,NK cells
GACGCGTGTATGGTTC-1,CD4 T cells
GACGCGTGTTCCATGA-1,CD14+ Monocytes
GACGCGTTCCAAGCCG-1,CD8 T cells
GACGGCTCAATGGATA-1,CD4 T cells
GACGGCTCACTCTGTC-1,B cells
GACGGCTCAGCTGCAC-1,CD4 T cells
GACGGCTCAGTCCTTC-1,B cells
GACGGCTCAGTTTACG-1,CD4 T cells
GACGGCTCATACGCCG-1,CD4 T cells
GACGGCTGTTAGATGA-1,CD8 T cells
GACGGCTGTTCGTGAT-1,CD4 T cells
GACGGCTGTTGGTAAA-1,CD4 T cells
GACGGCTGTTGTCTTT-1,CD4 T cells
GACGGCTTCGAATGGG-1,NK cells
GACGGCTTCTCAAGTG-1,CD4 T cells
GACGTGCAGAGGTACC-1,CD8 T cells
GACGTGCGTAAATACG-1,CD14+ Monocytes
GACGTGCGTAGCAAAT-1,Dendritic Cells
GACGTGCTCCGCATCT-1,CD4 T cells
GACGTTAAGGGAAACA-1,Other
GACGTTACAAGAAGAG-1,Dendritic Cells
GACGTTACAGTAGAGC-1,CD4 T cells
GACGTTACATGTCGAT-1,CD4 T cells
GACGTTAGTACAGTTC-1,CD4 T cells
GACGTTAGTCCTCCAT-1,CD4 T cells
GACGTTAGTCGCGGTT-1,CD4 T cells
GACGTTAGTGGTGTAG-1,CD4 T cells
GACTAACAGCCCGAAA-1,CD4 T cells
GACTAACAGCTCCTCT-1,CD14+ Monocytes
GACTAACAGCTGTCTA-1,CD4 T cells
GACTAACAGTGAATTG-1,CD4 T cells
GACTAACCAATGACCT-1,CD4 T cells
GACTAACCAATTCCTT-1,CD4 T cells
GACTAACCACACCGAC-1,B cells
GACTAACGTAAAGGAG-1,NK cells
GACTAACGTACCGGCT-1,CD14+ Monocytes
GACTAACTCGAACGGA-1,CD4 T cells
GACTACAAGCCCTAAT-1,CD4 T cells
GACTACACAACGATGG-1,Dendritic Cells
GACTACAGTACTCGCG-1,B cells
GACTACAGTCCTGCTT-1,NK cells
GACTACAGTCGCGTGT-1,B cells
GACTACAGTGTTAAGA-1,CD8 T cells
GACTACAGTTGTACAC-1,Dendritic Cells
GACTACATCAGTGCAT-1,CD14+ Monocytes
GACTACATCGTGGACC-1,CD4 T cells
GACTGCGAGCAGACTG-1,B cells
GACTGCGAGCTGCGAA-1,B cells
GACTGCGAGGCATGTG-1,CD4 T cells
GACTGCGAGGCGCTCT-1,CD4 T cells
GACTGCGGTAATCACC-1,CD4 T cells
GACTGCGGTCTAAACC-1,CD4 T cells
GACTGCGGTCTAGTGT-1,B cells
GACTGCGTCAACCATG-1,B cells
GACTGCGTCCCTCAGT-1,B cells
GAGCAGAAGACAAAGG-1,CD4 T cells
GAGCAGAAGACCACGA-1,FCGR3A+ Monocytes
GAGCAGAAGGTTCCTA-1,CD14+ Monocytes
GAGCAGAAGTATCTCG-1,CD4 T cells
GAGCAGACACGACTCG-1,B cells
GAGCAGAGTCTACCTC-1,CD4 T cells
GAGCAGAGTCTCATCC-1,B cells
GAGCAGAGTTGTGGAG-1,CD4 T cells
GAGCAGATCCGGGTGT-1,CD14+ Monocytes
GAGCAGATCGCCATAA-1,NK cells
GAGCAGATCGGAGCAA-1,CD4 T cells
GAGCAGATCGGGAGTA-1,CD4 T cells
GAGGTGAAGAAACCGC-1,CD14+ Monocytes
GAGGTGAAGTCTTGCA-1,B cells
GAGGTGACAAGAAGAG-1,CD4 T cells
GAGGTGATCCTAGTGA-1,CD14+ Monocytes
GAGTCCGAGAGAACAG-1,B cells
GAGTCCGAGGAATTAC-1,NK cells
GAGTCCGCAGCTCGAC-1,CD8 T cells
GAGTCCGCAGTCGTGC-1,CD4 T cells
GAGTCCGCATTTGCTT-1,CD14+ Monocytes
GAGTCCGGTAAAGTCA-1,CD4 T cells
GAGTCCGGTCTCAACA-1,B cells
GATCAGTAGCTCTCGG-1,CD4 T cells
GATCAGTAGGGTTTCT-1,CD4 T cells
GATCAGTCACAAGTAA-1,CD4 T cells
GATCAGTCATGCTAGT-1,NK cells
GATCAGTGTGCCTGGT-1,NK cells
GATCGATAGCTAACTC-1,FCGR3A+ Monocytes
GATCGATCAAGTTAAG-1,CD4 T cells
GATCGATGTGCCTGCA-1,FCGR3A+ Monocytes
GATCGCGGTAGAAGGA-1,B cells
GATCGCGGTAGGAGTC-1,CD14+ Monocytes
GATCGCGGTCACCTAA-1,CD4 T cells
GATCGCGGTCCTAGCG-1,CD4 T cells
GATCGCGGTCTGATTG-1,CD4 T cells
GATCGCGGTGACGCCT-1,B cells
GATCGCGGTGGCGAAT-1,CD4 T cells
GATCGCGTCAGCTTAG-1,CD4 T cells
GATCGCGTCAGTTTGG-1,CD4 T cells
GATCGTAAGGTGCACA-1,CD14+ Monocytes
GATCGTACAAGAGGCT-1,CD4 T cells
GATCGTAGTATAGTAG-1,B cells
GATCGTAGTCTAGGTT-1,CD4 T cells
GATCGTATCATTATCC-1,CD14+ Monocytes
GATCGTATCGCACTCT-1,Megakaryocytes
GATCGTATCGGCGGTT-1,FCGR3A+ Monocytes
GATCGTATCTGAAAGA-1,B cells
GATCTAGAGTGGGATC-1,Other
GATCTAGAGTTATCGC-1,CD14+ Monocytes
GATCTAGAGTTGTAGA-1,CD14+ Monocytes
GATCTAGCAGGCAGTA-1,Dendritic Cells
GATCTAGGTTATGTGC-1,CD8 T cells
GATCTAGTCTCGAGTA-1,CD14+ Monocytes
GATCTAGTCTTGTACT-1,CD4 T cells
GATGAAAAGTGCCAGA-1,CD14+ Monocytes
GATGAAACACAGACTT-1,CD14+ Monocytes
GATGAAACACAGAGGT-1,CD8 T cells
GATGAAACACTGTGTA-1,CD14+ Monocytes
GATGAAACAGTAAGAT-1,CD8 T cells
GATGAAAGTACACCGC-1,B cells
GATGAAAGTGATGTCT-1,CD4 T cells
GATGAAAGTGGTACAG-1,CD8 T cells
GATGAAAGTTCATGGT-1,CD4 T cells
GATGAAAGTTGATTCG-1,CD14+ Monocytes
GATGAAATCCAGTAGT-1,CD14+ Monocytes
GATGAGGAGAAACCGC-1,CD8 T cells
GATGAGGAGCTCTCGG-1,CD4 T cells
GATGAGGAGGGCACTA-1,CD4 T cells
GATGAGGAGTCATGCT-1,B cells
GATGAGGAGTTGAGTA-1,CD4 T cells
GATGAGGGTAACGCGA-1,CD4 T cells
GATGAGGGTCGAACAG-1,B cells
GATGAGGGTCGACTAT-1,CD8 T cells
GATGAGGGTCGCTTCT-1,CD8 T cells
GATGAGGGTTCAGACT-1,CD4 T cells
GATGAGGTCCATTCTA-1,CD14+ Monocytes
GATGAGGTCCGAATGT-1,CD4 T cells
GATGCTACACATCTTT-1,B cells
GATGCTACAGATGGGT-1,B cells
GATGCTACAGCGTAAG-1,B cells
GATGCTACAGGTTTCA-1,CD4 T cells
GATGCTACATTTCACT-1,CD14+ Monocytes
GATGCTAGTGAGTGAC-1,CD4 T cells
GATGCTAGTGTGTGCC-1,CD4 T cells
GATGCTAGTGTTAAGA-1,B cells
GATGCTAGTTGAGTTC-1,B cells
GATGCTAGTTGATTCG-1,CD4 T cells
GATTCAGAGATGGCGT-1,CD14+ Monocytes
GATTCAGAGCGTAGTG-1,B cells
GATTCAGAGGCAATTA-1,CD4 T cells
GATTCAGAGGTGATTA-1,CD4 T cells
GATTCAGCAGATGAGC-1,B cells
GATTCAGCATCACCCT-1,B cells
GATTCAGGTGGCGAAT-1,CD8 T cells
GATTCAGTCGCGTAGC-1,CD4 T cells
GATTCAGTCTTAGAGC-1,CD4 T cells
GCAAACTAGAAGGACA-1,Other
GCAAACTAGCTGAACG-1,CD4 T cells
GCAAACTCATATACCG-1,CD4 T cells
GCAAACTGTACAGTTC-1,CD14+ Monocytes
GCAAACTGTCTTCAAG-1,CD14+ Monocytes
GCAAACTGTGTTGGGA-1,B cells
GCAAACTTCAGCATGT-1,B cells
GCAATCAAGACCGGAT-1,B cells
GCAATCACACCCAGTG-1,CD4 T cells
GCAATCACAGATAATG-1,CD4 T cells
GCAATCAGTAACGTTC-1,NK cells
GCAATCATCAGAAATG-1,CD4 T cells
GCACATAAGCCGCCTA-1,CD4 T cells
GCACATAAGCTCCCAG-1,FCGR3A+ Monocytes
GCACATAAGGCCATAG-1,CD4 T cells
GCACATAAGTTAGCGG-1,CD4 T cells
GCACATACAAACAACA-1,CD4 T cells
GCACATAGTAGAGGAA-1,CD4 T cells
GCACATAGTCTTCTCG-1,CD8 T cells
GCACATATCACGCATA-1,CD8 T cells
GCACATATCCGTTGCT-1,NK cells
GCACTCTAGAGATGAG-1,B cells
GCACTCTAGCGTAGTG-1,CD8 T cells
GCACTCTAGTGCCAGA-1,CD14+ Monocytes
GCACTCTCATGAGCGA-1,B cells
GCACTCTGTTAGATGA-1,CD4 T cells
GCACTCTTCAGTCCCT-1,CD8 T cells
GCACTCTTCAGTTTGG-1,CD4 T cells
GCACTCTTCATGTCTT-1,CD4 T cells
GCACTCTTCATTCACT-1,B cells
GCACTCTTCTGAGGGA-1,CD4 T cells
GCACTCTTCTGCTGCT-1,Megakaryocytes
GCAGCCAAGTCTTGCA-1,CD8 T cells
GCAGCCACAAGGTTCT-1,CD8 T cells
GCAGCCAGTATGAAAC-1,CD8 T cells
GCAGCCAGTCGGCACT-1,CD4 T cells
GCAGCCAGTGTTTGTG-1,CD14+ Monocytes
GCAGCCAGTTTAGGAA-1,CD4 T cells
GCAGCCATCATCGCTC-1,B cells
GCAGTTAAGGGATACC-1,B cells
GCAGTTACACGAAACG-1,CD4 T cells
GCAGTTACATGAGCGA-1,CD14+ Monocytes
GCAGTTACATTGGGCC-1,CD4 T cells
GCAGTTAGTGGCCCTA-1,CD8 T cells
GCAGTTATCTTAGCCC-1,CD14+ Monocytes
GCATACAAGACAGAGA-1,CD8 T cells
GCATACAAGCAATCTC-1,CD4 T cells
GCATACAAGTCGTTTG-1,CD14+ Monocytes
GCATACACAATACGCT-1,CD4 T cells
GCATACACAATTGCTG-1,CD8 T cells
GCATACAGTCAGATAA-1,B cells
GCATACAGTCTAGCCG-1,CD14+ Monocytes
GCATACAGTTTAAGCC-1,CD4 T cells
GCATACATCCCATTAT-1,CD8 T cells
GCATACATCGCAAACT-1,CD14+ Monocytes
GCATACATCGTACGGC-1,CD4 T cells
GCATACATCTTTAGGG-1,FCGR3A+ Monocytes
GCATGATAGCGATATA-1,NK cells
GCATGATCAAAGCGGT-1,CD4 T cells
GCATGATCAAGCTGAG-1,CD14+ Monocytes
GCATGATCAATCCAAC-1,B cells
GCATGATCACCAGCAC-1,CD14+ Monocytes
GCATGATCAGTCGATT-1,CD4 T cells
GCATGATGTAGGCTGA-1,CD4 T cells
GCATGATGTCTCAACA-1,CD4 T cells
GCATGATGTTAAGTAG-1,CD4 T cells
GCATGATGTTACGCGC-1,CD4 T cells
GCATGATGTTGATTGC-1,CD4 T cells
GCATGATTCACAGTAC-1,CD4 T cells
GCATGATTCGGTTCGG-1,CD4 T cells
GCATGCGAGACTGGGT-1,CD4 T cells
GCATGCGAGCGCTCCA-1,CD14+ Monocytes
GCATGCGAGGATGTAT-1,CD4 T cells
GCATGCGAGTACGTTC-1,CD4 T cells
GCATGCGCAAGCGAGT-1,CD4 T cells
GCATGCGCAGACGCTC-1,CD4 T cells
GCATGCGCAGATAATG-1,CD14+ Monocytes
GCATGCGCATCGATTG-1,CD4 T cells
GCATGCGGTCAACTGT-1,CD4 T cells
GCATGCGGTCTGCGGT-1,CD14+ Monocytes
GCATGCGGTGAGGCTA-1,B cells
GCATGTAAGAACTGTA-1,CD8 T cells
GCATGTAAGTACGTAA-1,FCGR3A+ Monocytes
GCATGTAAGTTACGGG-1,CD4 T cells
GCATGTACAGCTGCTG-1,CD8 T cells
GCATGTACAGTTTACG-1,CD14+ Monocytes
GCATGTAGTAGCCTCG-1,CD8 T cells
GCATGTAGTCAACTGT-1,CD4 T cells
GCATGTAGTCAGGACA-1,CD14+ Monocytes
GCATGTAGTTAAGACA-1,B cells
GCATGTAGTTCACGGC-1,CD4 T cells
GCATGTATCAGAAATG-1,CD4 T cells
GCATGTATCTTGCAAG-1,CD4 T cells
GCCAAATAGAGCCTAG-1,CD14+ Monocytes
GCCAAATAGCGATATA-1,CD4 T cells
GCCAAATAGTGCTGCC-1,B cells
GCCAAATCATACAGCT-1,CD4 T cells
GCCAAATCATGCAACT-1,CD4 T cells
GCCAAATGTCGTTGTA-1,CD8 T cells
GCCTCTAAGACAATAC-1,CD4 T cells
GCCTCTAAGAGCAATT-1,CD4 T cells
GCCTCTAAGCAGCGTA-1,CD4 T cells
GCCTCTAAGGCAGGTT-1,CD4 T cells
GCCTCTAAGGGAACGG-1,FCGR3A+ Monocytes
GCCTCTACATGTCCTC-1,CD4 T cells
GCGACCAAGAAGCCCA-1,CD14+ Monocytes
GCGACCACACGAGAGT-1,CD8 T cells
GCGACCACAGTCGATT-1,Dendritic Cells
GCGACCAGTAATCACC-1,CD4 T cells
GCGACCAGTGCAGACA-1,CD14+ Monocytes
GCGACCAGTTCCCTTG-1,CD4 T cells
GCGAGAAAGAATGTGT-1,B cells
GCGAGAAAGACAGGCT-1,CD4 T cells
GCGAGAAAGTGTGGCA-1,CD8 T cells
GCGAGAAAGTTAAGTG-1,Other
GCGAGAACAAGTTGTC-1,Dendritic Cells
GCGAGAACACAACGTT-1,CD4 T cells
GCGAGAACACAGGAGT-1,CD4 T cells
GCGAGAACATTGGTAC-1,CD14+ Monocytes
GCGAGAAGTCATCCCT-1,CD14+ Monocytes
GCGAGAAGTTACTGAC-1,B cells
GCGAGAAGTTCTGGTA-1,CD4 T cells
GCGAGAATCGACGGAA-1,B cells
GCGAGAATCTAACTCT-1,CD4 T cells
GCGAGAATCTACTCAT-1,CD8 T cells
GCGCAACAGCGATCCC-1,CD8 T cells
GCGCAACAGCGTGTCC-1,CD4 T cells
GCGCAACCAACGATCT-1,CD4 T cells
GCGCAACCAAGGTTTC-1,CD4 T cells
GCGCAACCAGGTGGAT-1,CD8 T cells
GCGCAACCAGTCAGCC-1,CD8 T cells
GCGCAACGTCGGATCC-1,CD8 T cells
GCGCAACGTGTCAATC-1,CD14+ Monocytes
GCGCAACGTTAGGGTG-1,CD14+ Monocytes
GCGCAACGTTGCGCAC-1,B cells
GCGCAACTCACGAAGG-1,CD4 T cells
GCGCAACTCGTTTGCC-1,CD4 T cells
GCGCAACTCTCATTCA-1,CD4 T cells
GCGCAGTAGAGCTATA-1,CD4 T cells
GCGCAGTAGCACCGCT-1,CD14+ Monocytes
GCGCAGTAGCGTGTCC-1,Other
GCGCAGTCAGCGTAAG-1,Other
GCGCAGTCATTGTGCA-1,CD14+ Monocytes
GCGCAGTCATTTGCCC-1,CD14+ Monocytes
GCGCCAAAGGCTAGAC-1,B cells
GCGCCAACATTCACTT-1,CD4 T cells
GCGCCAAGTACGAAAT-1,Megakaryocytes
GCGCCAAGTCATGCAT-1,Dendritic Cells
GCGCCAAGTTCAGCGC-1,CD4 T cells
GCGCCAATCAAACCAC-1,CD14+ Monocytes
GCGCCAATCATCACCC-1,CD4 T cells
GCGCCAATCGTAGGTT-1,CD14+ Monocytes
GCGCGATAGACTACAA-1,CD8 T cells
GCGCGATAGGATGCGT-1,B cells
GCGCGATAGTGTTGAA-1,CD4 T cells
GCGCGATCATAGGATA-1,CD8 T cells
GCGCGATTCCTTTCTC-1,CD4 T cells
GCGCGATTCGGTGTTA-1,CD4 T cells
GCGCGATTCGTCTGAA-1,CD14+ Monocytes
GCGGGTTAGCGTTTAC-1,CD14+ Monocytes
GCGGGTTAGCTAAGAT-1,CD4 T cells
GCGGGTTCAATAAGCA-1,CD14+ Monocytes
GCGGGTTGTCTTCTCG-1,CD14+ Monocytes
GCGGGTTGTGAAAGAG-1,CD8 T cells
GCGGGTTGTGGGTATG-1,B cells
GCTCCTAAGAGAACAG-1,CD4 T cells
GCTCCTACAAAGTGCG-1,B cells
GCTCCTACAGCCAGAA-1,B cells
GCTCCTAGTTCTGAAC-1,CD8 T cells
GCTCCTATCTGGTGTA-1,CD4 T cells
GCTCTGTAGCGCCTCA-1,CD4 T cells
GCTCTGTAGTTTCCTT-1,Other
GCTCTGTCAAGCGCTC-1,CD4 T cells
GCTCTGTCAAGTCTGT-1,CD4 T cells
GCTCTGTCACATAACC-1,NK cells
GCTCTGTCATTCGACA-1,CD4 T cells
GCTCTGTGTAGCGCAA-1,CD4 T cells
GCTCTGTGTAGGGACT-1,Other
GCTCTGTGTTAAGAAC-1,CD4 T cells
GCTCTGTTCACGAAGG-1,CD14+ Monocytes
GCTCTGTTCTTACCTA-1,B cells
GCTGCAGAGGATGGAA-1,CD14+ Monocytes
GCTGCAGAGGTACTCT-1,CD4 T cells
GCTGCAGCACAGTCGC-1,B cells
GCTGCAGGTGCATCTA-1,CD4 T cells
GCTGCAGGTTGTGGCC-1,CD4 T cells
GCTGCAGTCACTTCAT-1,CD14+ Monocytes
GCTGCAGTCTGCCAGG-1,CD4 T cells
GCTGCGAAGCCGTCGT-1,CD14+ Monocytes
GCTGCGAAGCTGTTCA-1,CD4 T cells
GCTGCGAAGGCTAGGT-1,CD4 T cells
GCTGCGACAAGCGAGT-1,CD4 T cells
GCTGCGACAATGGAGC-1,CD14+ Monocytes
GCTGCGACATAACCTG-1,Dendritic Cells
GCTGCGAGTGGCAAAC-1,CD4 T cells
GCTGCGATCAACACGT-1,CD4 T cells
GCTGCGATCAAGCCTA-1,B cells
GCTGCGATCCGAGCCA-1,B cells
GCTGCGATCGTTGCCT-1,NK cells
GCTGCTTAGAGCTGCA-1,NK cells
GCTGCTTAGAGGTAGA-1,B cells
GCTGCTTAGCTCCTTC-1,B cells
GCTGCTTAGGACCACA-1,CD4 T cells
GCTGCTTAGGCTAGAC-1,CD4 T cells
GCTGCTTAGGTAGCCA-1,CD8 T cells
GCTGCTTCACAGCGTC-1,NK cells
GCTGCTTCAGGGAGAG-1,CD4 T cells
GCTGCTTCATTCGACA-1,CD4 T cells
GCTGCTTGTTAAGGGC-1,NK cells
GCTGCTTTCGTTGACA-1,CD14+ Monocytes
GCTGGGTAGAAGGTTT-1,CD8 T cells
GCTGGGTAGGTAGCTG-1,CD4 T cells
GCTGGGTCACCTCGTT-1,NK cells
GCTGGGTCAGCTGTGC-1,CD4 T cells
GCTGGGTCAGGAATGC-1,CD4 T cells
GCTGGGTCAGTATGCT-1,CD4 T cells
GCTGGGTGTAGCGTAG-1,Dendritic Cells
GCTGGGTGTCAGCTAT-1,CD4 T cells
GCTGGGTGTGACTACT-1,CD4 T cells
GCTGGGTGTTAAAGAC-1,CD4 T cells
GCTGGGTTCTTGTTTG-1,CD4 T cells
GCTTCCAAGAGCTGGT-1,Megakaryocytes
GCTTCCAAGCTACCGC-1,CD4 T cells
GCTTCCAAGGAATCGC-1,CD4 T cells
GCTTCCAAGTCTCGGC-1,Other
GCTTCCACACGAGAGT-1,CD14+ Monocytes
GCTTCCACAGCTCGCA-1,B cells
GCTTCCAGTCGCATAT-1,CD14+ Monocytes
GCTTCCAGTCTGCAAT-1,CD14+ Monocytes
GCTTCCATCTCCTATA-1,CD4 T cells
GCTTGAACAAATCCGT-1,NK cells
GCTTGAACAACGCACC-1,B cells
GCTTGAACACAGTCGC-1,B cells
GCTTGAACACCAGTTA-1,CD4 T cells
GCTTGAACACTTCGAA-1,CD4 T cells
GCTTGAACAGCTGTGC-1,CD4 T cells
GCTTGAAGTAGCTGCC-1,B cells
GCTTGAAGTCGGATCC-1,Megakaryocytes
GCTTGAAGTTCCTCCA-1,B cells
GCTTGAATCGCTAGCG-1,CD4 T cells
GCTTGAATCTTGAGGT-1,CD14+ Monocytes
GGAAAGCAGGAGTAGA-1,FCGR3A+ Monocytes
GGAAAGCCAAGCCATT-1,CD8 T cells
GGAAAGCGTCGCTTTC-1,B cells
GGAAAGCTCGAATGCT-1,B cells
GGAAAGCTCTTGACGA-1,CD8 T cells
GGAACTTAGCCAGGAT-1,CD14+ Monocytes
GGAACTTAGTTCCACA-1,Other
GGAACTTCAGACAAGC-1,B cells
GGAACTTTCACTCCTG-1,CD14+ Monocytes
GGAACTTTCACTTCAT-1,CD4 T cells
GGAACTTTCATATCGG-1,CD8 T cells
GGAACTTTCGATCCCT-1,CD4 T cells
GGAATAAAGCTCAACT-1,CD4 T cells
GGAATAACAAGGTTTC-1,B cells
GGAATAACACAAGACG-1,CD4 T cells
GGAATAACACAGCGTC-1,CD4 T cells
GGAATAACAGGCTGAA-1,CD14+ Monocytes
GGAATAAGTTTGACTG-1,CD14+ Monocytes
GGAATAATCACCTTAT-1,CD14+ Monocytes
GGAATAATCGGAAACG-1,CD4 T cells
GGACAAGAGAAGCCCA-1,CD8 T cells
GGACAAGAGGTACTCT-1,B cells
GGACAAGCAATCTACG-1,CD14+ Monocytes
GGACAAGGTCTTGATG-1,CD14+ Monocytes
GGACAAGTCAGTTCGA-1,B cells
GGACAAGTCATAAAGG-1,CD4 T cells
GGACAAGTCGTTGCCT-1,NK cells
GGACAAGTCTCAAGTG-1,CD4 T cells
GGACAGACAGATGGGT-1,CD4 T cells
GGACAGACAGCTTCGG-1,CD4 T cells
GGACAGACAGTCAGAG-1,B cells
GGACAGAGTATAGGTA-1,CD4 T cells
GGACATTCACAGTCGC-1,B cells
GGACATTCACTCTGTC-1,Dendritic Cells
GGACATTCATGAAGTA-1,CD4 T cells
GGACATTCATTGCGGC-1,FCGR3A+ Monocytes
GGACATTGTGGCGAAT-1,CD14+ Monocytes
GGACATTTCGAACGGA-1,B cells
GGACGTCCATCCGTGG-1,CD4 T cells
GGACGTCGTAAATACG-1,CD4 T cells
GGACGTCGTCGTTGTA-1,CD4 T cells
GGACGTCTCTTGAGGT-1,B cells
GGAGCAAAGAAACGCC-1,CD4 T cells
GGAGCAAAGACACGAC-1,CD14+ Monocytes
GGAGCAAAGATGCCAG-1,CD4 T cells
GGAGCAAAGATGTGGC-1,FCGR3A+ Monocytes
GGAGCAAAGTGTTTGC-1,CD14+ Monocytes
GGAGCAAGTCCGTGAC-1,Dendritic Cells
GGAGCAAGTGGACGAT-1,CD4 T cells
GGAGCAATCGCTTGTC-1,Megakaryocytes
GGATGTTGTATCGCAT-1,NK cells
GGATGTTGTCACTGGC-1,CD8 T cells
GGATGTTGTCCAAGTT-1,CD8 T cells
GGATGTTGTCTGCCAG-1,CD14+ Monocytes
GGATGTTTCAGTCAGT-1,Dendritic Cells
GGATGTTTCATACGGT-1,CD14+ Monocytes
GGATTACAGAGTAAGG-1,CD4 T cells
GGATTACAGATCCGAG-1,NK cells
GGATTACAGCGATATA-1,CD14+ Monocytes
GGATTACAGCTTCGCG-1,B cells
GGATTACAGGCTATCT-1,CD4 T cells
GGATTACAGTCAATAG-1,NK cells
GGATTACAGTGGAGAA-1,CD8 T cells
GGATTACCATAGGATA-1,CD4 T cells
GGATTACGTACAAGTA-1,CD8 T cells
GGATTACTCCCTAATT-1,CD4 T cells
GGCAATTAGAATCTCC-1,CD14+ Monocytes
GGCAATTAGCGTGAAC-1,CD14+ Monocytes
GGCAATTGTAAGAGGA-1,CD4 T cells
GGCAATTGTAGCACGA-1,Dendritic Cells
GGCAATTGTCGCTTCT-1,CD4 T cells
GGCAATTGTGATGTGG-1,CD14+ Monocytes
GGCAATTGTGTTGGGA-1,FCGR3A+ Monocytes
GGCAATTGTTCCATGA-1,CD4 T cells
GGCAATTTCTCACATT-1,CD4 T cells
GGCCGATAGAACTGTA-1,CD4 T cells
GGCCGATAGGTACTCT-1,Dendritic Cells
GGCCGATAGTCGATAA-1,CD4 T cells
GGCCGATAGTCGTTTG-1,CD14+ Monocytes
GGCCGATAGTGCTGCC-1,CD8 T cells
GGCCGATCACCTTGTC-1,CD4 T cells
GGCCGATGTGGCGAAT-1,NK cells
GGCCGATGTGGTACAG-1,B cells
GGCCGATGTTGGTAAA-1,CD4 T cells
GGCCGATTCACCCTCA-1,CD4 T cells
GGCCGATTCGGTGTTA-1,CD4 T cells
GGCGACTAGTGTACTC-1,CD4 T cells
GGCGACTAGTGTGAAT-1,CD14+ Monocytes
GGCGACTAGTGTGGCA-1,B cells
GGCGACTCAATGGACG-1,FCGR3A+ Monocytes
GGCGACTCAGGAATGC-1,CD4 T cells
GGCGACTGTAGCCTAT-1,B cells
GGCGACTGTTAGATGA-1,CD4 T cells
GGCGACTGTTATGCGT-1,CD8 T cells
GGCGACTGTTCTCATT-1,B cells
GGCGACTTCAACCAAC-1,CD4 T cells
GGCGTGTAGATCCTGT-1,CD4 T cells
GGCGTGTAGCTAGTCT-1,CD8 T cells
GGCGTGTCAAGCGTAG-1,B cells
GGCGTGTGTAAGCACG-1,Other
GGCGTGTGTAGATTAG-1,CD4 T cells
GGCGTGTGTATTAGCC-1,CD8 T cells
GGCGTGTGTTGAACTC-1,CD14+ Monocytes
GGCGTGTTCTGAGTGT-1,CD4 T cells
GGCTCGAAGAAGGTGA-1,B cells
GGCTCGAAGAATTCCC-1,CD4 T cells
GGCTCGAAGGCTCATT-1,CD8 T cells
GGCTCGAAGTTGCAGG-1,CD4 T cells
GGCTCGAGTAGCACGA-1,CD8 T cells
GGCTCGATCCATGAAC-1,CD4 T cells
GGCTGGTAGAGCTGCA-1,CD4 T cells
GGCTGGTAGATACACA-1,CD4 T cells
GGCTGGTAGCCGCCTA-1,CD4 T cells
GGCTGGTAGCGGCTTC-1,B cells
GGCTGGTAGCGTCAAG-1,CD14+ Monocytes
GGCTGGTAGTTAGGTA-1,CD4 T cells
GGCTGGTCAAAGCGGT-1,CD8 T cells
GGCTGGTCACTGTCGG-1,CD14+ Monocytes
GGCTGGTCAGCGATCC-1,B cells
GGCTGGTCAGTCGATT-1,FCGR3A+ Monocytes
GGCTGGTCATCGTCGG-1,CD4 T cells
GGCTGGTCATTCACTT-1,FCGR3A+ Monocytes
GGCTGGTGTTATGCGT-1,NK cells
GGCTGGTGTTGATTGC-1,CD4 T cells
GGCTGGTGTTTAGGAA-1,CD4 T cells
GGCTGGTTCCCTCTTT-1,CD4 T cells
GGGAATGCACGGCCAT-1,CD8 T cells
GGGAATGCATGATCCA-1,CD14+ Monocytes
GGGAATGGTACCCAAT-1,B cells
GGGAATGGTACTTGAC-1,B cells
GGGAATGGTGTAACGG-1,CD8 T cells
GGGAATGGTTGATTCG-1,CD14+ Monocytes
GGGAATGTCTACCTGC-1,CD8 T cells
GGGAATGTCTATCCCG-1,CD14+ Monocytes
GGGACCTAGCCTATGT-1,CD8 T cells
GGGACCTAGCGTCAAG-1,CD4 T cells
GGGACCTCAAATTGCC-1,CD4 T cells
GGGACCTCATAACCTG-1,CD4 T cells
GGGAGATAGATCTGCT-1,CD14+ Monocytes
GGGAGATCAAGGTTTC-1,CD4 T cells
GGGAGATCAGCTGTGC-1,CD4 T cells
GGGAGATCATACGCCG-1,CD4 T cells
GGGAGATGTGCTTCTC-1,FCGR3A+ Monocytes
GGGAGATGTTCCACGG-1,CD4 T cells
GGGAGATTCACCATAG-1,FCGR3A+ Monocytes
GGGAGATTCATAGCAC-1,CD8 T cells
GGGAGATTCCTTTCGG-1,CD4 T cells
GGGAGATTCTGTACGA-1,CD4 T cells
GGGATGAAGAGGGATA-1,Dendritic Cells
GGGATGAAGCAGACTG-1,CD4 T cells
GGGATGAAGTTTCCTT-1,B cells
GGGATGACAATGTAAG-1,CD8 T cells
GGGATGACAGTAGAGC-1,CD8 T cells
GGGATGACAGTCGTGC-1,FCGR3A+ Monocytes
GGGATGACATCGGTTA-1,CD8 T cells
GGGATGATCATAAAGG-1,CD4 T cells
GGGATGATCGGAAACG-1,CD4 T cells
GGGATGATCTACTTAC-1,CD14+ Monocytes
GGGCACTAGATCCCAT-1,CD4 T cells
GGGCACTCACATGTGT-1,CD14+ Monocytes
GGGCACTCAGCCTTGG-1,CD4 T cells
GGGCACTGTAACGTTC-1,CD14+ Monocytes
GGGCACTGTGATGTGG-1,CD14+ Monocytes
GGGCACTTCACTCTTA-1,CD4 T cells
GGGCATCAGACACGAC-1,CD14+ Monocytes
GGGCATCAGCACAGGT-1,CD8 T cells
GGGCATCAGTACGATA-1,CD4 T cells
GGGCATCCATTGGGCC-1,CD4 T cells
GGGCATCGTAGCTTGT-1,Dendritic Cells
GGGCATCTCAGAGGTG-1,CD4 T cells
GGGCATCTCTCTTATG-1,CD14+ Monocytes
GGGTCTGCAACACCCG-1,CD14+ Monocytes
GGGTCTGCACTCAGGC-1,CD8 T cells
GGGTCTGCAGCTTCGG-1,B cells
GGGTCTGGTAGCAAAT-1,B cells
GGGTCTGGTGTTTGGT-1,CD4 T cells
GGGTCTGGTTCCACTC-1,CD4 T cells
GGGTCTGTCGTAGATC-1,CD14+ Monocytes
GGGTCTGTCTCATTCA-1,CD8 T cells
GGGTTGCAGAAGCCCA-1,CD4 T cells
GGGTTGCAGCCAGGAT-1,B cells
GGGTTGCCACGGATAG-1,CD4 T cells
GGGTTGCTCAATCTCT-1,CD8 T cells
GGGTTGCTCGCCAAAT-1,CD8 T cells
GGGTTGCTCTCTGCTG-1,B cells
GGGTTGCTCTGTCCGT-1,CD14+ Monocytes
GGTATTGAGTGTCCAT-1,CD4 T cells
GGTATTGCAACTGGCC-1,B cells
GGTATTGCAGCCTTGG-1,CD8 T cells
GGTATTGGTGAGGCTA-1,CD14+ Monocytes
GGTATTGGTGTCCTCT-1,CD8 T cells
GGTATTGTCCTCTAGC-1,CD14+ Monocytes
GGTATTGTCTGACCTC-1,Dendritic Cells
GGTGAAGAGTACGATA-1,CD14+ Monocytes
GGTGAAGAGTCCATAC-1,CD4 T cells
GGTGAAGAGTCTTGCA-1,B cells
GGTGAAGCAATGACCT-1,Dendritic Cells
GGTGAAGCAGGCAGTA-1,B cells
GGTGAAGCAGTAACGG-1,CD8 T cells
GGTGAAGGTACCTACA-1,CD4 T cells
GGTGAAGGTGTTGGGA-1,CD4 T cells
GGTGAAGGTTGCGCAC-1,CD4 T cells
GGTGCGTAGCGCCTCA-1,NK cells
GGTGCGTAGTACGATA-1,CD14+ Monocytes
GGTGCGTCACGAGAGT-1,CD4 T cells
GGTGCGTCATCGGACC-1,CD4 T cells
GGTGCGTGTCAGGACA-1,Dendritic Cells
GGTGCGTGTTGCGTTA-1,CD4 T cells
GGTGCGTTCGCAGGCT-1,CD14+ Monocytes
GGTGCGTTCTCGCTTG-1,CD4 T cells
GGTGTTAAGATCGATA-1,FCGR3A+ Monocytes
GGTGTTAAGCGTGAGT-1,CD14+ Monocytes
GGTGTTAAGCTAGCCC-1,CD4 T cells
GGTGTTACAATAACGA-1,CD14+ Monocytes
GGTGTTACACTGAAGG-1,CD4 T cells
GGTGTTACATGCAATC-1,CD14+ Monocytes
GGTGTTAGTGATGCCC-1,CD4 T cells
GGTGTTATCCTTTACA-1,Other
GTAACGTAGAGGTAGA-1,CD8 T cells
GTAACGTCAATGTAAG-1,CD14+ Monocytes
GTAACGTCACAGAGGT-1,NK cells
GTAACGTCACCCATGG-1,CD4 T cells
GTAACGTTCAGTCCCT-1,CD14+ Monocytes
GTAACGTTCCACGTGG-1,CD4 T cells
GTAACGTTCCTGCAGG-1,NK cells
GTAACTGAGACTACAA-1,CD4 T cells
GTAACTGAGAGATGAG-1,CD8 T cells
GTAACTGCAGTATAAG-1,FCGR3A+ Monocytes
GTAACTGGTCGTGGCT-1,CD8 T cells
GTAACTGGTCTCGTTC-1,NK cells
GTAACTGGTTCACGGC-1,Dendritic Cells
GTAACTGTCATGTCCC-1,B cells
GTAACTGTCCATGCTC-1,CD4 T cells
GTAACTGTCCTATTCA-1,CD14+ Monocytes
GTACGTAAGGCTAGCA-1,CD8 T cells
GTACGTAAGGGTCTCC-1,CD4 T cells
GTACGTAAGTACTTGC-1,CD4 T cells
GTACGTACAACAACCT-1,CD4 T cells
GTACGTACACACGCTG-1,CD4 T cells
GTACGTACATCGGAAG-1,CD8 T cells
GTACGTAGTAAGTTCC-1,FCGR3A+ Monocytes
GTACGTAGTGTAAGTA-1,CD14+ Monocytes
GTACGTATCAAACCAC-1,CD4 T cells
GTACGTATCCCTCTTT-1,CD4 T cells
GTACGTATCTCACATT-1,CD14+ Monocytes
GTACGTATCTCGTATT-1,CD14+ Monocytes
GTACGTATCTTCATGT-1,CD4 T cells
GTACTCCAGAGATGAG-1,CD4 T cells
GTACTCCAGGATATAC-1,CD8 T cells
GTACTCCCAACTTGAC-1,Dendritic Cells
GTACTCCCAATAACGA-1,CD14+ Monocytes
GTACTCCCACGAGAGT-1,CD8 T cells
GTACTCCGTTAGGGTG-1,CD4 T cells
GTACTCCTCCGTCATC-1,CD4 T cells
GTACTTTAGTCCTCCT-1,FCGR3A+ Monocytes
GTACTTTCACGTCAGC-1,CD4 T cells
GTACTTTCACTAGTAC-1,CD8 T cells
GTACTTTCATGAAGTA-1,CD4 T cells
GTACTTTGTCGCTTCT-1,CD14+ Monocytes
GTACTTTTCCTGCTTG-1,CD4 T cells
GTACTTTTCGAGCCCA-1,CD4 T cells
GTACTTTTCGGATGTT-1,CD8 T cells
GTAGGCCAGGATGGAA-1,CD4 T cells
GTAGGCCCACAGGTTT-1,CD4 T cells
GTAGGCCCACCATCCT-1,CD14+ Monocytes
GTAGGCCCACTAGTAC-1,CD4 T cells
GTAGGCCGTACGCTGC-1,CD14+ Monocytes
GTAGGCCGTTCAGCGC-1,CD8 T cells
GTAGGCCGTTTGGCGC-1,Dendritic Cells
GTAGGCCTCCAGTATG-1,CD4 T cells
GTAGGCCTCCATGAGT-1,CD8 T cells
GTAGTCAAGCGTAGTG-1,CD4 T cells
GTAGTCAAGGGTCTCC-1,B cells
GTAGTCACAAGCCGTC-1,CD4 T cells
GTAGTCACACGACGAA-1,CD4 T cells
GTAGTCACAGACAGGT-1,B cells
GTAGTCAGTCTTGCGG-1,Other
GTAGTCATCACTTCAT-1,CD4 T cells
GTAGTCATCAGCTCTC-1,FCGR3A+ Monocytes
GTAGTCATCCAGTATG-1,CD14+ Monocytes
GTAGTCATCTGTGCAA-1,CD4 T cells
GTATCTTAGGCTCAGA-1,CD14+ Monocytes
GTATCTTAGTATTGGA-1,CD4 T cells
GTATCTTAGTGTTAGA-1,CD4 T cells
GTATCTTAGTTGTAGA-1,CD4 T cells
GTATCTTCAGATTGCT-1,CD4 T cells
GTATCTTCATATGAGA-1,CD14+ Monocytes
GTATCTTGTGTGAATA-1,CD14+ Monocytes
GTATCTTGTTCGCTAA-1,CD4 T cells
GTATCTTTCATCATTC-1,CD8 T cells
GTATCTTTCCCAGGTG-1,CD4 T cells
GTATTCTAGGATGGAA-1,CD4 T cells
GTATTCTAGTATCTCG-1,CD8 T cells
GTATTCTCAATCCGAT-1,CD14+ Monocytes
GTATTCTCACGTAAGG-1,CD4 T cells
GTATTCTGTAGGCTGA-1,CD4 T cells
GTATTCTGTAGTGAAT-1,Dendritic Cells
GTATTCTGTCCAGTAT-1,CD4 T cells
GTATTCTGTCGACTGC-1,CD14+ Monocytes
GTATTCTTCAAGAAGT-1,CD4 T cells
GTATTCTTCGTTTATC-1,CD14+ Monocytes
GTATTCTTCTGATACG-1,CD14+ Monocytes
GTATTCTTCTTGCAAG-1,FCGR3A+ Monocytes
GTCAAGTAGGGCTTGA-1,CD4 T cells
GTCAAGTCACACATGT-1,CD4 T cells
GTCAAGTCATCCAACA-1,CD14+ Monocytes
GTCAAGTGTGCAACGA-1,CD14+ Monocytes
GTCAAGTTCTAACTTC-1,CD8 T cells
GTCACAAAGTGGTAGC-1,FCGR3A+ Monocytes
GTCACAAAGTGTTAGA-1,CD4 T cells
GTCACAACACATGACT-1,NK cells
GTCACAACACCACGTG-1,CD4 T cells
GTCACAAGTATTCGTG-1,Other
GTCACAAGTTGCCTCT-1,CD14+ Monocytes
GTCACAATCCGGGTGT-1,CD14+ Monocytes
GTCACGGAGCGAAGGG-1,B cells
GTCACGGAGCGATCCC-1,CD4 T cells
GTCACGGAGGGAGTAA-1,CD8 T cells
GTCACGGCAGATCTGT-1,B cells
GTCACGGCAGCCTATA-1,CD4 T cells
GTCACGGCATCGATGT-1,B cells
GTCACGGGTAAGTTCC-1,Other
GTCACGGGTCAGCTAT-1,B cells
GTCACGGGTCCGAAGA-1,CD8 T cells
GTCACGGTCAGCCTAA-1,CD14+ Monocytes
GTCACGGTCAGTCAGT-1,NK cells
GTCATTTAGATGCCTT-1,B cells
GTCATTTAGCTATGCT-1,B cells
GTCATTTAGGCAGTCA-1,Dendritic Cells
GTCATTTAGGGAAACA-1,B cells
GTCATTTCATGATCCA-1,CD4 T cells
GTCATTTGTCTCAACA-1,B cells
GTCATTTGTTGTGGCC-1,CD4 T cells
GTCCTCAAGCCGCCTA-1,CD4 T cells
GTCCTCACAAACCTAC-1,CD4 T cells
GTCCTCACAATCGGTT-1,CD14+ Monocytes
GTCCTCACACTCTGTC-1,CD4 T cells
GTCCTCACAGAGTGTG-1,CD4 T cells
GTCCTCACATCGGGTC-1,CD14+ Monocytes
GTCCTCAGTAAGTGGC-1,CD4 T cells
GTCCTCAGTACGCACC-1,CD4 T cells
GTCCTCAGTGCCTTGG-1,CD4 T cells
GTCCTCATCACAATGC-1,Dendritic Cells
GTCCTCATCCCATTAT-1,CD4 T cells
GTCCTCATCTAAGCCA-1,CD4 T cells
GTCCTCATCTATCCTA-1,B cells
GTCCTCATCTGAGTGT-1,CD4 T cells
GTCCTCATCTTCAACT-1,CD4 T cells
GTCGGGTCAAGCGATG-1,CD8 T cells
GTCGGGTCACGTTGGC-1,CD14+ Monocytes
GTCGGGTGTGCAGTAG-1,Megakaryocytes
GTCGGGTGTTCCACAA-1,CD4 T cells
GTCGGGTTCACGGTTA-1,Dendritic Cells
GTCGGGTTCTGCTTGC-1,B cells
GTCGTAAAGGTGTTAA-1,NK cells
GTCGTAACAATGGAAT-1,CD4 T cells
GTCGTAAGTTTGGGCC-1,CD14+ Monocytes
GTCGTAATCCGAGCCA-1,CD8 T cells
GTCTCGTAGTGCCATT-1,CD4 T cells
GTCTCGTCAATGACCT-1,CD14+ Monocytes
GTCTCGTGTGATGTGG-1,Dendritic Cells
GTCTCGTGTTTCGCTC-1,CD8 T cells
GTCTCGTTCAAAGACA-1,CD4 T cells
GTCTCGTTCAACACGT-1,CD4 T cells
GTCTCGTTCAACCAAC-1,CD14+ Monocytes
GTCTCGTTCATCTGTT-1,CD4 T cells
GTCTCGTTCCCACTTG-1,CD14+ Monocytes
GTCTCGTTCCTATGTT-1,NK cells
GTCTCGTTCGCAGGCT-1,B cells
GTCTCGTTCTACTCAT-1,CD4 T cells
GTCTTCGAGGGCTCTC-1,B cells
GTCTTCGCACATCTTT-1,B cells
GTCTTCGGTCTCTCTG-1,NK cells
GTCTTCGGTGACTCAT-1,CD8 T cells
GTCTTCGGTTCCACTC-1,CD4 T cells
GTCTTCGGTTCTGTTT-1,CD4 T cells
GTCTTCGGTTTCCACC-1,Dendritic Cells
GTCTTCGTCAACGGCC-1,CD14+ Monocytes
GTCTTCGTCGATCCCT-1,CD4 T cells
GTGAAGGAGACAAGCC-1,CD4 T cells
GTGAAGGAGAGTAATC-1,B cells
GTGAAGGAGCCAGAAC-1,Dendritic Cells
GTGAAGGAGCTACCGC-1,CD4 T cells
GTGAAGGAGTGCAAGC-1,CD14+ Monocytes
GTGAAGGCAATAGAGT-1,CD4 T cells
GTGAAGGCACCCTATC-1,CD4 T cells
GTGAAGGGTGATGTGG-1,CD4 T cells
GTGAAGGGTTGGTGGA-1,CD8 T cells
GTGAAGGTCCACGTGG-1,CD14+ Monocytes
GTGAAGGTCGTCACGG-1,CD8 T cells
GTGCAGCAGCGTCTAT-1,CD14+ Monocytes
GTGCAGCAGCTTTGGT-1,CD4 T cells
GTGCAGCCACTTAAGC-1,CD4 T cells
GTGCAGCCAGGCAGTA-1,CD8 T cells
GTGCAGCCATGCGCAC-1,B cells
GTGCAGCCATTCGACA-1,CD8 T cells
GTGCAGCGTGACGGTA-1,CD8 T cells
GTGCAGCTCAAGGTAA-1,NK cells
GTGCAGCTCAGTTAGC-1,B cells
GTGCAGCTCATACGGT-1,CD4 T cells
GTGCATAAGAACTCGG-1,B cells
GTGCATAAGCTAAGAT-1,CD4 T cells
GTGCATAAGGACGAAA-1,CD4 T cells
GTGCATAGTAACGACG-1,Dendritic Cells
GTGCATAGTAAGAGGA-1,B cells
GTGCGGTAGACGACGT-1,CD4 T cells
GTGCGGTCAATCGGTT-1,NK cells
GTGCGGTCATCCGGGT-1,FCGR3A+ Monocytes
GTGCGGTGTAAGTAGT-1,B cells
GTGCGGTTCTAACTGG-1,CD4 T cells
GTGCTTCAGACTTGAA-1,B cells
GTGCTTCAGCCCAGCT-1,CD14+ Monocytes
GTGCTTCAGGCTAGAC-1,Dendritic Cells
GTGCTTCAGGCTCTTA-1,Dendritic Cells
GTGCTTCCACCACGTG-1,CD4 T cells
GTGCTTCCAGCTGTAT-1,CD4 T cells
GTGCTTCCAGGGTTAG-1,CD4 T cells
GTGCTTCGTTCCCTTG-1,CD4 T cells
GTGCTTCGTTGTCTTT-1,CD4 T cells
GTGCTTCTCCACTGGG-1,B cells
GTGCTTCTCTTAGCCC-1,B cells
GTGGGTCAGACCCACC-1,CD14+ Monocytes
GTGGGTCAGAGAACAG-1,CD14+ Monocytes
GTGGGTCAGTACGATA-1,B cells
GTGGGTCCAGCTCGAC-1,CD8 T cells
GTGGGTCCATACGCCG-1,B cells
GTGGGTCGTCCGAAGA-1,CD14+ Monocytes
GTGGGTCGTTCGTGAT-1,CD4 T cells
GTGGGTCTCTGATTCT-1,CD8 T cells
GTGTGCGAGTACGATA-1,CD4 T cells
GTGTGCGGTAGCTTGT-1,CD4 T cells
GTGTGCGGTCCTAGCG-1,CD4 T cells
GTGTGCGTCGAGAGCA-1,CD4 T cells
GTGTGCGTCGGCTTGG-1,B cells
GTGTGCGTCTAACTGG-1,CD4 T cells
GTGTTAGAGAATGTTG-1,Other
GTGTTAGAGTCAAGGC-1,CD4 T cells
GTGTTAGCAAACAACA-1,B cells
GTGTTAGTCGCGGATC-1,CD4 T cells
GTGTTAGTCGGCGGTT-1,CD14+ Monocytes
GTTAAGCAGTGAACGC-1,CD14+ Monocytes
GTTAAGCAGTGAAGAG-1,Other
GTTAAGCGTCGCATAT-1,CD4 T cells
GTTAAGCTCAATCACG-1,CD4 T cells
GTTAAGCTCCACTCCA-1,Other
GTTACAGAGGTAGCCA-1,CD8 T cells
GTTACAGAGTTATCGC-1,CD14+ Monocytes
GTTACAGGTCGCATCG-1,CD8 T cells
GTTACAGGTCGTGGCT-1,CD4 T cells
GTTACAGGTCTCTTAT-1,CD14+ Monocytes
GTTACAGTCCGGCACA-1,CD4 T cells
GTTCATTAGCTGTTCA-1,CD4 T cells
GTTCATTAGGGTGTGT-1,B cells
GTTCATTAGTTAACGA-1,B cells
GTTCATTCAGGGTTAG-1,CD4 T cells
GTTCATTCATCTCCCA-1,CD4 T cells
GTTCATTTCGCCATAA-1,CD14+ Monocytes
GTTCGGGAGAGTCTGG-1,CD4 T cells
GTTCGGGAGGGTCTCC-1,Other
GTTCGGGCAAGTTAAG-1,B cells
GTTCGGGCAGATCTGT-1,NK cells
GTTCGGGCAGTAGAGC-1,CD4 T cells
GTTCGGGCATCGATTG-1,CD8 T cells
GTTCGGGGTCATACTG-1,CD4 T cells
GTTCGGGGTCGAGATG-1,CD4 T cells
GTTCGGGGTTAAGTAG-1,CD4 T cells
GTTCGGGGTTCACCTC-1,CD4 T cells
GTTCGGGTCTTGAGAC-1,CD14+ Monocytes
GTTCTCGAGAAACGCC-1,CD4 T cells
GTTCTCGCACCAGCAC-1,CD4 T cells
GTTCTCGCACTAAGTC-1,CD4 T cells
GTTCTCGCATGCCTAA-1,CD4 T cells
GTTCTCGGTCCTGCTT-1,FCGR3A+ Monocytes
GTTCTCGGTCTCACCT-1,CD4 T cells
GTTCTCGGTGGCAAAC-1,CD4 T cells
GTTCTCGTCACCGGGT-1,B cells
GTTCTCGTCTTGACGA-1,CD8 T cells
GTTTCTAGTAAGTAGT-1,CD4 T cells
TAAACCGAGATGCCTT-1,CD8 T cells
TAAACCGAGCTATGCT-1,CD4 T cells
TAAACCGAGGCATTGG-1,CD4 T cells
TAAACCGCATGGTTGT-1,CD4 T cells
TAAACCGGTAGCAAAT-1,CD4 T cells
TAAACCGGTCTCACCT-1,CD4 T cells
TAAACCGTCACATGCA-1,CD14+ Monocytes
TAAACCGTCACTGGGC-1,CD14+ Monocytes
TAAACCGTCCCGGATG-1,CD14+ Monocytes
TAAGAGAAGCCGATTT-1,CD4 T cells
TAAGAGAAGCTAACAA-1,CD4 T cells
TAAGAGAAGCTGTCTA-1,CD4 T cells
TAAGAGACACATTCGA-1,CD14+ Monocytes
TAAGAGAGTAGGGACT-1,CD8 T cells
TAAGAGAGTCTCGTTC-1,CD4 T cells
TAAGAGAGTGCCTGTG-1,CD8 T cells
TAAGAGAGTGCTAGCC-1,CD4 T cells
TAAGAGAGTTCCGTCT-1,B cells
TAAGAGATCGTAGGAG-1,CD4 T cells
TAAGCGTAGCTGAAAT-1,CD8 T cells
TAAGCGTAGTTTCCTT-1,CD4 T cells
TAAGCGTCACGTTGGC-1,CD4 T cells
TAAGCGTCACTGAAGG-1,CD8 T cells
TAAGCGTCATCGATTG-1,CD4 T cells
TAAGCGTTCACTTATC-1,CD4 T cells
TAAGTGCAGCTGAAAT-1,CD4 T cells
TAAGTGCCACTGCCAG-1,CD14+ Monocytes
TAAGTGCGTCCGTCAG-1,B cells
TAAGTGCTCGGTCTAA-1,B cells
TACACGAAGGGTCTCC-1,CD4 T cells
TACACGAAGTAACCCT-1,B cells
TACACGACAAGCCTAT-1,CD8 T cells
TACACGACACGTCTCT-1,CD8 T cells
TACACGACATATACGC-1,CD14+ Monocytes
TACACGAGTACCGTTA-1,B cells
TACACGAGTGCACTTA-1,NK cells
TACACGATCTAAGCCA-1,CD4 T cells
TACAGTGAGCCGTCGT-1,CD4 T cells
TACAGTGAGTACGCCC-1,CD4 T cells
TACAGTGCAACTGGCC-1,CD8 T cells
TACAGTGCAGACAAGC-1,Other
TACAGTGCATACTCTT-1,CD14+ Monocytes
TACAGTGGTAAGTAGT-1,B cells
TACAGTGGTATTACCG-1,B cells
TACAGTGGTCGACTGC-1,CD4 T cells
TACAGTGGTTTGCATG-1,CD8 T cells
TACAGTGTCCGCTGTT-1,CD4 T cells
TACAGTGTCGTACCGG-1,CD4 T cells
TACCTATAGTGGTCCC-1,NK cells
TACCTATAGTTAACGA-1,FCGR3A+ Monocytes
TACCTATCACCAACCG-1,CD4 T cells
TACCTATCACGGACAA-1,CD14+ Monocytes
TACCTATCACGGATAG-1,CD4 T cells
TACCTATCAGATGGGT-1,CD4 T cells
TACCTATGTCACACGC-1,CD14+ Monocytes
TACCTATGTCCATGAT-1,FCGR3A+ Monocytes
TACCTATGTCTTCGTC-1,CD4 T cells
TACCTATTCAGGCGAA-1,CD14+ Monocytes
TACCTATTCCAGAAGG-1,CD4 T cells
TACCTTAAGATGTGGC-1,B cells
TACCTTAAGTGTGAAT-1,Dendritic Cells
TACCTTACAGAAGCAC-1,NK cells
TACCTTACAGTGGGAT-1,CD4 T cells
TACCTTACATCCGGGT-1,B cells
TACCTTAGTTACTGAC-1,FCGR3A+ Monocytes
TACCTTAGTTTCGCTC-1,CD4 T cells
TACCTTATCACCACCT-1,B cells
TACCTTATCGATCCCT-1,CD4 T cells
TACGGATAGAAACGAG-1,CD14+ Monocytes
TACGGATAGAAGGACA-1,CD8 T cells
TACGGATAGATGTTAG-1,Dendritic Cells
TACGGATCAATGAAAC-1,CD8 T cells
TACGGATGTAGGGTAC-1,CD4 T cells
TACGGATGTCTGGAGA-1,CD4 T cells
TACGGATTCGCGGATC-1,CD4 T cells
TACGGATTCTTGTATC-1,CD4 T cells
TACGGGCCAGGGCATA-1,CD8 T cells
TACGGGCCATCCTTGC-1,CD14+ Monocytes
TACGGGCGTCAGAATA-1,CD4 T cells
TACGGGCGTGCCTGCA-1,CD4 T cells
TACGGGCGTTAGGGTG-1,CD14+ Monocytes
TACGGGCTCGGACAAG-1,CD8 T cells
TACGGTAAGGCGACAT-1,CD4 T cells
TACGGTACAACACCCG-1,CD4 T cells
TACGGTACACCCTATC-1,CD4 T cells
TACGGTACAGCTGTGC-1,B cells
TACGGTAGTCGAATCT-1,CD4 T cells
TACGGTATCAACACTG-1,CD4 T cells
TACGGTATCCGAAGAG-1,CD14+ Monocytes
TACGGTATCGCTGATA-1,CD14+ Monocytes
TACTCATAGGTAGCTG-1,CD14+ Monocytes
TACTCATCAAGGTGTG-1,NK cells
TACTCATTCAGTTCGA-1,CD4 T cells
TACTCATTCGTACCGG-1,CD14+ Monocytes
TACTCGCCAGGATCGA-1,CD8 T cells
TACTCGCGTACCAGTT-1,CD8 T cells
TACTCGCGTACCATCA-1,CD8 T cells
TACTCGCGTATAATGG-1,Other
TACTCGCGTCGAGTTT-1,CD4 T cells
TACTCGCTCAACGGCC-1,CD14+ Monocytes
TACTCGCTCCACTGGG-1,CD14+ Monocytes
TACTTACAGAAACCTA-1,CD14+ Monocytes
TACTTACAGGTTACCT-1,CD8 T cells
TACTTACCAAACGCGA-1,B cells
TACTTACCAATCGAAA-1,B cells
TACTTACCACTAGTAC-1,CD4 T cells
TACTTACCAGACAAGC-1,CD4 T cells
TACTTACGTAGTGAAT-1,CD4 T cells
TACTTACGTCCATGAT-1,CD8 T cells
TACTTACTCAAAGTAG-1,Dendritic Cells
TACTTACTCGCGCCAA-1,Other
TACTTACTCTTCTGGC-1,CD8 T cells
TACTTGTAGCCCGAAA-1,CD8 T cells
TACTTGTAGGGAACGG-1,Dendritic Cells
TACTTGTAGTGCCAGA-1,CD14+ Monocytes
TACTTGTCACCGTTGG-1,CD4 T cells
TACTTGTCAGGCTCAC-1,CD4 T cells
TACTTGTCATATACCG-1,Dendritic Cells
TACTTGTGTAGCTTGT-1,CD14+ Monocytes
TACTTGTGTCTCACCT-1,CD14+ Monocytes
TACTTGTGTGCCTGGT-1,CD8 T cells
TACTTGTTCGAGGTAG-1,CD4 T cells
TACTTGTTCGCAGGCT-1,B cells
TAGACCAAGTGGTAGC-1,CD4 T cells
TAGACCACAATGGTCT-1,CD4 T cells
TAGACCACACATAACC-1,CD8 T cells
TAGACCACAGAGTGTG-1,B cells
TAGACCAGTAGGGTAC-1,CD14+ Monocytes
TAGACCATCAGATAAG-1,CD14+ Monocytes
TAGACCATCAGCGATT-1,CD4 T cells
TAGACCATCAGGATCT-1,CD14+ Monocytes
TAGAGCTAGACAATAC-1,CD4 T cells
TAGAGCTAGCCAACAG-1,CD8 T cells
TAGAGCTAGGTTACCT-1,CD4 T cells
TAGAGCTCACGAGAGT-1,Dendritic Cells
TAGAGCTCAGCTCGAC-1,B cells
TAGAGCTGTACTTCTT-1,Other
TAGAGCTGTCCTCCAT-1,CD14+ Monocytes
TAGAGCTGTGGACGAT-1,FCGR3A+ Monocytes
TAGAGCTGTGGCCCTA-1,FCGR3A+ Monocytes
TAGAGCTTCCCAAGAT-1,CD4 T cells
TAGAGCTTCCGAGCCA-1,CD4 T cells
TAGAGCTTCTACCAGA-1,CD4 T cells
TAGCCGGAGATATGGT-1,B cells
TAGCCGGCAAACTGCT-1,B cells
TAGCCGGCACTAAGTC-1,CD8 T cells
TAGCCGGCATCCCACT-1,CD14+ Monocytes
TAGCCGGGTCCCTTGT-1,CD4 T cells
TAGCCGGGTCTAGTCA-1,CD8 T cells
TAGCCGGGTCTCCACT-1,CD14+ Monocytes
TAGCCGGGTGCAGACA-1,B cells
TAGCCGGGTGCAGGTA-1,CD4 T cells
TAGCCGGTCAATCTCT-1,CD14+ Monocytes
TAGCCGGTCGCAGGCT-1,CD4 T cells
TAGGCATCAGAGCCAA-1,CD4 T cells
TAGGCATGTGATGCCC-1,Other
TAGGCATGTTCCGTCT-1,CD4 T cells
TAGGCATTCCCAAGTA-1,CD4 T cells
TAGTGGTAGAAGGTGA-1,Dendritic Cells
TAGTGGTCATCCAACA-1,B cells
TAGTGGTCATCGGACC-1,CD8 T cells
TAGTGGTGTGCGAAAC-1,B cells
TAGTGGTGTTACCGAT-1,CD4 T cells
TAGTGGTGTTGGTGGA-1,CD4 T cells
TAGTGGTTCGAATGCT-1,CD14+ Monocytes
TAGTGGTTCGCCTGTT-1,CD14+ Monocytes
TAGTTGGAGAACTCGG-1,CD8 T cells
TAGTTGGGTCGAAAGC-1,CD14+ Monocytes
TAGTTGGTCAGTCAGT-1,CD4 T cells
TATCAGGAGGTAGCTG-1,CD4 T cells
TATCAGGAGTTTCCTT-1,CD8 T cells
TATCAGGCACCACGTG-1,CD14+ Monocytes
TATCAGGGTACCGTAT-1,CD4 T cells
TATCAGGGTGGTCCGT-1,CD14+ Monocytes
TATCAGGGTTACTGAC-1,CD4 T cells
TATCAGGGTTGATTGC-1,CD4 T cells
TATCAGGGTTGGTAAA-1,CD4 T cells
TATCAGGTCATGCTCC-1,CD4 T cells
TATCAGGTCCAAACAC-1,CD4 T cells
TATCAGGTCGTCTGAA-1,CD4 T cells
TATCAGGTCTGAGGGA-1,CD8 T cells
TATCAGGTCTGTGCAA-1,CD4 T cells
TATCTCAAGCTGGAAC-1,CD4 T cells
TATCTCAAGCTTCGCG-1,CD4 T cells
TATCTCAAGGATGTAT-1,CD4 T cells
TATCTCACAACGCACC-1,Other
TATCTCACATTTGCCC-1,CD14+ Monocytes
TATCTCAGTATTAGCC-1,CD14+ Monocytes
TATCTCATCATAAAGG-1,Other
TATCTCATCCAAACTG-1,CD4 T cells
TATCTCATCCGCAGTG-1,B cells
TATCTCATCGACCAGC-1,CD4 T cells
TATGCCCAGAGCTATA-1,CD8 T cells
TATGCCCAGCGGCTTC-1,CD4 T cells
TATGCCCAGGGCATGT-1,CD14+ Monocytes
TATGCCCCACTCTGTC-1,CD4 T cells
TATGCCCCATTTGCCC-1,CD14+ Monocytes
TATGCCCGTGAGGGAG-1,CD14+ Monocytes
TATGCCCGTTAGGGTG-1,NK cells
TATGCCCTCTGCTTGC-1,CD14+ Monocytes
TATTACCAGTCATGCT-1,CD4 T cells
TATTACCAGTGAACAT-1,CD8 T cells
TATTACCCACTGAAGG-1,CD4 T cells
TATTACCCAGCTGCTG-1,CD4 T cells
TATTACCCATTGGCGC-1,CD8 T cells
TATTACCGTACCAGTT-1,B cells
TATTACCGTATAATGG-1,CD4 T cells
TATTACCGTCGCGTGT-1,B cells
TATTACCGTTATGTGC-1,B cells
TATTACCTCCCATTTA-1,CD14+ Monocytes
TATTACCTCTCATTCA-1,CD4 T cells
TCAACGAAGCGAGAAA-1,CD4 T cells
TCAACGAAGCTAGGCA-1,CD8 T cells
TCAACGAAGCTGCCCA-1,B cells
TCAACGAAGCTTATCG-1,CD14+ Monocytes
TCAACGAAGGCCATAG-1,CD8 T cells
TCAACGAAGTTAACGA-1,CD4 T cells
TCAACGACACGTCTCT-1,CD4 T cells
TCAACGACACTTGGAT-1,CD4 T cells
TCAACGACATTCACTT-1,CD14+ Monocytes
TCAACGAGTCCGAAGA-1,CD14+ Monocytes
TCAACGATCTCAACTT-1,CD14+ Monocytes
TCAATCTAGCGCTTAT-1,B cells
TCAATCTCATGCCACG-1,Dendritic Cells
TCAATCTCATTCACTT-1,B cells
TCAATCTGTAAGGGAA-1,CD4 T cells
TCAATCTGTTTGCATG-1,CD8 T cells
TCAATCTTCGGTGTCG-1,B cells
TCACAAGAGCAGCCTC-1,CD4 T cells
TCACAAGAGGAGTAGA-1,CD4 T cells
TCACAAGAGTGTCTCA-1,CD4 T cells
TCACAAGCACCTCGTT-1,CD14+ Monocytes
TCACAAGCACGTTGGC-1,CD4 T cells
TCACAAGGTCCAACTA-1,B cells
TCACAAGGTCTTGTCC-1,CD4 T cells
TCACAAGGTGTCAATC-1,CD4 T cells
TCACAAGGTTCAGTAC-1,NK cells
TCACAAGGTTGTGGCC-1,CD8 T cells
TCACAAGGTTTGTGTG-1,CD8 T cells
TCACAAGTCCAAACAC-1,NK cells
TCACAAGTCCGTCAAA-1,CD4 T cells
TCACAAGTCCTCGCAT-1,CD4 T cells
TCACAAGTCGCCTGAG-1,CD4 T cells
TCACGAAAGCAGATCG-1,CD4 T cells
TCACGAAAGGTGATTA-1,NK cells
TCACGAAAGTATCTCG-1,CD8 T cells
TCACGAACAGGTCGTC-1,CD4 T cells
TCACGAACAGTAGAGC-1,B cells
TCACGAAGTTGCTCCT-1,CD4 T cells
TCACGAATCAAGATCC-1,CD8 T cells
TCACGAATCCTACAGA-1,CD4 T cells
TCACGAATCGTCTGAA-1,CD4 T cells
TCAGATGAGCTCCTTC-1,CD4 T cells
TCAGATGAGTCCATAC-1,B cells
TCAGATGTCAGGTTCA-1,Other
TCAGATGTCGCAAACT-1,FCGR3A+ Monocytes
TCAGCAAAGAAGCCCA-1,CD14+ Monocytes
TCAGCAAAGCTTATCG-1,NK cells
TCAGCAAAGGCACATG-1,CD4 T cells
TCAGCAAAGGGATCTG-1,CD4 T cells
TCAGCAACAATCACAC-1,CD4 T cells
TCAGCAACAATGGAGC-1,CD8 T cells
TCAGCAACACTAGTAC-1,CD4 T cells
TCAGCAAGTGCCTGTG-1,B cells
TCAGCAAGTTCACGGC-1,CD14+ Monocytes
TCAGCTCAGTAGTGCG-1,B cells
TCAGCTCCAAGTAGTA-1,CD4 T cells
TCAGCTCCAATGTAAG-1,B cells
TCAGCTCCACGACTCG-1,CD4 T cells
TCAGCTCCAGATGGCA-1,CD4 T cells
TCAGCTCCATTGGTAC-1,B cells
TCAGCTCGTATCTGCA-1,CD4 T cells
TCAGCTCGTCGCTTTC-1,CD8 T cells
TCAGCTCGTTGTACAC-1,CD4 T cells
TCAGCTCTCACCACCT-1,Dendritic Cells
TCAGCTCTCGCCTGTT-1,CD4 T cells
TCAGCTCTCGTCGTTC-1,CD4 T cells
TCAGCTCTCTGCTTGC-1,FCGR3A+ Monocytes
TCAGCTCTCTTGCCGT-1,CD4 T cells
TCAGGATAGAGTCTGG-1,CD4 T cells
TCAGGATAGCGGATCA-1,CD8 T cells
TCAGGATGTCCTAGCG-1,CD14+ Monocytes
TCAGGATGTTGGTAAA-1,CD4 T cells
TCAGGATTCATTGCGA-1,CD14+ Monocytes
TCAGGTAAGGAATTAC-1,CD14+ Monocytes
TCAGGTACAATCGAAA-1,CD14+ Monocytes
TCAGGTACAGTCAGCC-1,B cells
TCAGGTAGTAGCGTGA-1,B cells
TCAGGTATCACCCTCA-1,CD8 T cells
TCAGGTATCCGTTGTC-1,B cells
TCAGGTATCTATGTGG-1,CD4 T cells
TCATTACCAACGATCT-1,Dendritic Cells
TCATTACCAAGTAATG-1,CD4 T cells
TCATTACCACAGAGGT-1,Dendritic Cells
TCATTACCATTGAGCT-1,CD14+ Monocytes
TCATTACGTCACCCAG-1,CD8 T cells
TCATTACGTCTCATCC-1,CD4 T cells
TCATTTGAGAACAACT-1,CD4 T cells
TCATTTGAGAATAGGG-1,CD4 T cells
TCATTTGAGCAAATCA-1,Dendritic Cells
TCATTTGAGCACACAG-1,CD4 T cells
TCATTTGAGTACACCT-1,CD4 T cells
TCATTTGCACCTCGGA-1,CD4 T cells
TCATTTGCACCTGGTG-1,Other
TCATTTGGTGGGTCAA-1,CD4 T cells
TCATTTGTCCATGAGT-1,CD4 T cells
TCCACACAGGGAGTAA-1,CD4 T cells
TCCACACAGTCCGTAT-1,CD14+ Monocytes
TCCACACGTCTTGTCC-1,CD4 T cells
TCCACACGTGTCTGAT-1,B cells
TCCACACTCCGCGTTT-1,B cells
TCCCGATAGACTACAA-1,B cells
TCCCGATAGTGGTCCC-1,CD4 T cells
TCCCGATCATGGATGG-1,Dendritic Cells
TCCCGATTCCAGTATG-1,CD4 T cells
TCCCGATTCCTACAGA-1,CD8 T cells
TCCCGATTCCTCATTA-1,CD4 T cells
TCGAGGCAGGAGTTTA-1,CD4 T cells
TCGAGGCAGGATGTAT-1,CD14+ Monocytes
TCGAGGCAGGGAACGG-1,CD14+ Monocytes
TCGAGGCAGGTAGCTG-1,CD4 T cells
TCGAGGCCACACCGCA-1,CD14+ Monocytes
TCGAGGCCATCCTTGC-1,CD14+ Monocytes
TCGAGGCGTCTACCTC-1,Dendritic Cells
TCGAGGCGTGTGAAAT-1,CD4 T cells
TCGAGGCGTTAAGACA-1,CD8 T cells
TCGCGAGCACGAAGCA-1,FCGR3A+ Monocytes
TCGCGAGCAGACAAAT-1,CD4 T cells
TCGCGAGGTGCAACGA-1,CD4 T cells
TCGCGAGGTGCTTCTC-1,CD4 T cells
TCGCGTTAGCATCATC-1,CD4 T cells
TCGCGTTAGTTAGCGG-1,CD4 T cells
TCGCGTTCACGGCTAC-1,CD4 T cells
TCGCGTTCATCGATTG-1,CD8 T cells
TCGCGTTGTACGAAAT-1,CD4 T cells
TCGCGTTGTGTGACCC-1,CD4 T cells
TCGCGTTTCAGCATGT-1,CD4 T cells
TCGCGTTTCATGGTCA-1,NK cells
TCGCGTTTCGACAGCC-1,CD14+ Monocytes
TCGCGTTTCTGAAAGA-1,Other
TCGGGACAGCGATTCT-1,CD4 T cells
TCGGGACAGCGTGAGT-1,FCGR3A+ Monocytes
TCGGGACAGTGTACGG-1,NK cells
TCGGGACCACGGACAA-1,CD4 T cells
TCGGGACCAGGACGTA-1,CD8 T cells
TCGGGACGTGTGGTTT-1,CD4 T cells
TCGGGACGTTCTGAAC-1,CD8 T cells
TCGGGACTCCCAACGG-1,CD8 T cells
TCGGGACTCTGAAAGA-1,CD4 T cells
TCGGGACTCTTGCATT-1,CD14+ Monocytes
TCGGTAAAGTTTCCTT-1,B cells
TCGGTAAGTCGCATAT-1,CD8 T cells
TCGGTAAGTGTTCTTT-1,CD4 T cells
TCGGTAAGTTCTGAAC-1,NK cells
TCGGTAATCGTCTGCT-1,CD8 T cells
TCGGTAATCTCGCTTG-1,B cells
TCGTACCAGCAGGCTA-1,CD14+ Monocytes
TCGTACCAGCCAGTTT-1,CD4 T cells
TCGTACCAGCGCCTCA-1,CD4 T cells
TCGTACCAGCTAAACA-1,B cells
TCGTACCAGGATCGCA-1,CD14+ Monocytes
TCGTACCAGGCTCATT-1,CD8 T cells
TCGTACCAGTATTGGA-1,CD14+ Monocytes
TCGTACCGTTCAGCGC-1,CD4 T cells
TCGTACCTCGGCGCAT-1,CD4 T cells
TCGTAGACAATTGCTG-1,CD4 T cells
TCGTAGACACTAAGTC-1,CD4 T cells
TCGTAGACAGTTTACG-1,B cells
TCGTAGACATCTCGCT-1,B cells
TCGTAGACATTCCTGC-1,NK cells
TCGTAGAGTCATACTG-1,CD4 T cells
TCGTAGAGTCCAGTTA-1,CD14+ Monocytes
TCGTAGAGTGCGAAAC-1,CD14+ Monocytes
TCGTAGAGTTCCACTC-1,CD14+ Monocytes
TCGTAGATCGCCTGAG-1,CD4 T cells
TCGTAGATCTTCATGT-1,B cells
TCTATTGAGACAGGCT-1,B cells
TCTATTGAGCGTTTAC-1,CD14+ Monocytes
TCTATTGAGCTAGTCT-1,B cells
TCTATTGAGGAGTCTG-1,CD4 T cells
TCTATTGCAAGCGAGT-1,CD4 T cells
TCTATTGCAGCCACCA-1,CD8 T cells
TCTATTGCAGCCTTTC-1,CD4 T cells
TCTATTGCATACTCTT-1,CD4 T cells
TCTATTGGTGAGTGAC-1,CD4 T cells
TCTATTGTCACCATAG-1,CD14+ Monocytes
TCTATTGTCACCCTCA-1,CD4 T cells
TCTATTGTCATCTGTT-1,CD8 T cells
TCTCATAAGAAACCTA-1,B cells
TCTCATAAGATAGGAG-1,Other
TCTCATAAGCGTGTCC-1,CD4 T cells
TCTCATAAGTTAGCGG-1,Other
TCTCATAAGTTGCAGG-1,CD8 T cells
TCTCATACACATCCGG-1,CD4 T cells
TCTCATACAGGATTGG-1,CD14+ Monocytes
TCTCATAGTAGCTTGT-1,CD8 T cells
TCTCATAGTCGCGAAA-1,CD4 T cells
TCTCATAGTTTGCATG-1,CD14+ Monocytes
TCTCATATCAGCTCTC-1,CD4 T cells
TCTCATATCTGCGTAA-1,CD4 T cells
TCTCATATCTGGTTCC-1,CD4 T cells
TCTCTAAAGCACCGCT-1,CD4 T cells
TCTCTAACAACACCCG-1,Dendritic Cells
TCTCTAACAACTTGAC-1,CD14+ Monocytes
TCTCTAACATCTCGCT-1,CD8 T cells
TCTCTAAGTATATGGA-1,CD4 T cells
TCTCTAATCAACGGGA-1,B cells
TCTCTAATCACTCCTG-1,CD4 T cells
TCTCTAATCAGCAACT-1,CD4 T cells
TCTCTAATCAGGTAAA-1,B cells
TCTCTAATCCAGAAGG-1,CD14+ Monocytes
TCTCTAATCCAGATCA-1,CD14+ Monocytes
TCTGAGAAGGCCCTTG-1,CD4 T cells
TCTGAGAAGTGCAAGC-1,CD4 T cells
TCTGAGAGTATGCTTG-1,NK cells
TCTGAGAGTCACTGGC-1,NK cells
TCTGAGATCAAGATCC-1,CD14+ Monocytes
TCTGAGATCCACGTTC-1,CD14+ Monocytes
TCTGGAAAGAACTGTA-1,CD8 T cells
TCTGGAAAGAGTACAT-1,CD4 T cells
TCTGGAAAGCGAAGGG-1,Dendritic Cells
TCTGGAAGTACGCTGC-1,CD4 T cells
TCTGGAATCACATAGC-1,CD4 T cells
TCTGGAATCAGTCAGT-1,CD4 T cells
TCTGGAATCCTCCTAG-1,FCGR3A+ Monocytes
TCTTCGGAGTGAACAT-1,CD4 T cells
TCTTCGGGTAGCGCTC-1,B cells
TCTTCGGGTCTCCCTA-1,CD14+ Monocytes
TCTTCGGTCACAGGCC-1,NK cells
TCTTCGGTCCTCAACC-1,CD4 T cells
TCTTCGGTCGGAGCAA-1,CD4 T cells
TCTTTCCAGCTAGTTC-1,CD4 T cells
TCTTTCCCACACCGAC-1,CD14+ Monocytes
TCTTTCCGTCTGATCA-1,CD4 T cells
TCTTTCCGTTTGTTGG-1,CD14+ Monocytes
TCTTTCCTCCCAGGTG-1,NK cells
TCTTTCCTCCGTAGTA-1,NK cells
TCTTTCCTCGCGCCAA-1,NK cells
TCTTTCCTCTGGCGAC-1,CD4 T cells
TGAAAGAAGCCACTAT-1,CD4 T cells
TGAAAGAAGTGAAGAG-1,CD8 T cells
TGAAAGACAGATGGGT-1,CD4 T cells
TGAAAGACATCTCCCA-1,CD14+ Monocytes
TGAAAGATCAAGCCTA-1,CD4 T cells
TGAAAGATCATGTAGC-1,CD4 T cells
TGAAAGATCCAATGGT-1,CD8 T cells
TGAAAGATCTGCGACG-1,CD4 T cells
TGACAACAGAGCTATA-1,Megakaryocytes
TGACAACAGCCAGAAC-1,FCGR3A+ Monocytes
TGACAACAGCGATTCT-1,CD14+ Monocytes
TGACAACAGCGCCTCA-1,CD4 T cells
TGACAACCAAGCCTAT-1,CD14+ Monocytes
TGACAACCATAGTAAG-1,CD4 T cells
TGACAACGTCTAGAGG-1,CD4 T cells
TGACAACGTGAGTGAC-1,CD14+ Monocytes
TGACAACGTGCGATAG-1,CD4 T cells
TGACAACTCAGTACGT-1,CD14+ Monocytes
TGACAACTCATTGCCC-1,CD4 T cells
TGACAACTCCCTCTTT-1,B cells
TGACAACTCGTAGATC-1,NK cells
TGACAACTCTCGTTTA-1,CD14+ Monocytes
TGACGGCAGTGTCTCA-1,CD4 T cells
TGACGGCCAGCGTAAG-1,CD8 T cells
TGACGGCCAGGGAGAG-1,CD8 T cells
TGACGGCCAGTATCTG-1,Other
TGACGGCCATGCTGGC-1,Other
TGACGGCGTATGAAAC-1,NK cells
TGACGGCTCATCTGTT-1,CD4 T cells
TGACGGCTCCTGCTTG-1,CD14+ Monocytes
TGACGGCTCGGTTAAC-1,FCGR3A+ Monocytes
TGACGGCTCGTTGACA-1,CD4 T cells
TGACTAGAGTACGCGA-1,Megakaryocytes
TGACTAGAGTTAGCGG-1,CD4 T cells
TGACTAGGTTAAGAAC-1,NK cells
TGACTAGGTTAAGTAG-1,CD4 T cells
TGACTAGTCGCCAAAT-1,CD4 T cells
TGACTTTAGAACTGTA-1,B cells
TGACTTTAGACAAGCC-1,B cells
TGACTTTAGAGATGAG-1,CD4 T cells
TGACTTTAGTGTGAAT-1,CD14+ Monocytes
TGACTTTCAAGAGTCG-1,CD14+ Monocytes
TGACTTTCATGACGGA-1,B cells
TGACTTTGTCTCTCGT-1,CD4 T cells
TGACTTTTCGCTAGCG-1,Dendritic Cells
TGACTTTTCGGAGCAA-1,CD8 T cells
TGAGAGGAGATATACG-1,B cells
TGAGAGGAGCAGGCTA-1,NK cells
TGAGAGGAGTTAAGTG-1,CD4 T cells
TGAGAGGCAGCGTAAG-1,CD4 T cells
TGAGAGGCAGGATTGG-1,FCGR3A+ Monocytes
TGAGAGGGTTCAGACT-1,CD8 T cells
TGAGAGGGTTGAGTTC-1,B cells
TGAGAGGTCATTTGGG-1,CD14+ Monocytes
TGAGAGGTCTGCCAGG-1,CD4 T cells
TGAGCATAGCGTCAAG-1,B cells
TGAGCATAGTACGATA-1,FCGR3A+ Monocytes
TGAGCATAGTGACTCT-1,CD4 T cells
TGAGCATCAGTATGCT-1,CD4 T cells
TGAGCATGTAATCGTC-1,CD4 T cells
TGAGCATGTCAGAATA-1,CD4 T cells
TGAGCATTCCAGATCA-1,CD8 T cells
TGAGCATTCTTGCATT-1,B cells
TGAGCATTCTTGGGTA-1,CD14+ Monocytes
TGAGCCGAGACAGGCT-1,CD14+ Monocytes
TGAGCCGAGACATAAC-1,NK cells
TGAGCCGAGGCCGAAT-1,B cells
TGAGCCGCAAGCCCAC-1,CD4 T cells
TGAGCCGCAAGTTGTC-1,FCGR3A+ Monocytes
TGAGCCGCAGGACCCT-1,Other
TGAGCCGCAGTATGCT-1,B cells
TGAGCCGCATCACCCT-1,CD4 T cells
TGAGCCGTCATTTGGG-1,CD4 T cells
TGAGGGAAGAAACCTA-1,CD14+ Monocytes
TGAGGGAAGAGTACCG-1,CD14+ Monocytes
TGAGGGAAGATATACG-1,NK cells
TGAGGGAAGTACCGGA-1,CD14+ Monocytes
TGAGGGAAGTGGTAGC-1,CD14+ Monocytes
TGAGGGACACCATGTA-1,B cells
TGAGGGATCCTAAGTG-1,FCGR3A+ Monocytes
TGATTTCAGCGAGAAA-1,CD14+ Monocytes
TGATTTCAGCTAGTCT-1,CD14+ Monocytes
TGATTTCAGGGCTTCC-1,CD4 T cells
TGATTTCAGTGGGCTA-1,Dendritic Cells
TGATTTCCACAGCCCA-1,CD4 T cells
TGATTTCCAGCTCGAC-1,CD4 T cells
TGATTTCGTAACGTTC-1,CD8 T cells
TGATTTCGTAGCGTAG-1,CD8 T cells
TGATTTCGTCCGTCAG-1,CD4 T cells
TGATTTCGTTCACCTC-1,B cells
TGATTTCTCAGCTCTC-1,CD8 T cells
TGATTTCTCATGCATG-1,CD14+ Monocytes
TGATTTCTCCGTAGTA-1,CD8 T cells
TGCACCTAGCCACGCT-1,B cells
TGCACCTAGGCTAGGT-1,CD14+ Monocytes
TGCACCTCAGGCTGAA-1,CD4 T cells
TGCACCTCATAGTAAG-1,CD14+ Monocytes
TGCACCTGTATAAACG-1,CD4 T cells
TGCACCTTCCTTTACA-1,B cells
TGCCAAAAGACGACGT-1,CD8 T cells
TGCCAAAAGATGTAAC-1,CD4 T cells
TGCCAAAAGCCGATTT-1,CD14+ Monocytes
TGCCAAACACAGGTTT-1,CD8 T cells
TGCCAAACACATTAGC-1,CD4 T cells
TGCCAAACATCCCACT-1,CD4 T cells
TGCCAAACATGACATC-1,CD8 T cells
TGCCAAACATTCCTGC-1,CD14+ Monocytes
TGCCAAAGTCGAATCT-1,CD4 T cells
TGCCAAAGTCTAGTGT-1,NK cells
TGCCAAAGTTTGACAC-1,CD4 T cells
TGCCAAATCGAGAGCA-1,CD14+ Monocytes
TGCCCATAGCCTTGAT-1,B cells
TGCCCATAGGGAACGG-1,CD4 T cells
TGCCCATAGGGTCTCC-1,CD4 T cells
TGCCCATAGTGCAAGC-1,CD4 T cells
TGCCCATAGTGGTAGC-1,B cells
TGCCCATGTACAGTGG-1,CD14+ Monocytes
TGCCCATGTAGCCTCG-1,CD4 T cells
TGCCCTACACAGGAGT-1,NK cells
TGCCCTACATCCCATC-1,CD8 T cells
TGCCCTACATCCTTGC-1,CD14+ Monocytes
TGCCCTAGTCGCGTGT-1,CD4 T cells
TGCCCTAGTTATCGGT-1,CD4 T cells
TGCCCTATCAAGGTAA-1,B cells
TGCCCTATCCACTCCA-1,CD4 T cells
TGCCCTATCGCAAGCC-1,B cells
TGCCCTATCTTCATGT-1,CD8 T cells
TGCCCTATCTTGCAAG-1,CD4 T cells
TGCGCAGAGTCAAGCG-1,Other
TGCGCAGGTAGAGTGC-1,CD14+ Monocytes
TGCGCAGGTATCACCA-1,CD4 T cells
TGCGCAGGTCACTTCC-1,CD4 T cells
TGCGCAGGTCGAGTTT-1,CD8 T cells
TGCGCAGTCGAGCCCA-1,CD14+ Monocytes
TGCGCAGTCTCTAAGG-1,CD14+ Monocytes
TGCGGGTAGTGGCACA-1,CD4 T cells
TGCGGGTAGTGGGCTA-1,CD4 T cells
TGCGGGTAGTTGAGTA-1,CD4 T cells
TGCGGGTCACAGTCGC-1,Dendritic Cells
TGCGGGTCACATCCGG-1,CD4 T cells
TGCGGGTCACTTAACG-1,CD8 T cells
TGCGGGTGTCAGAATA-1,CD4 T cells
TGCGGGTTCGTAGGTT-1,CD4 T cells
TGCGGGTTCTGGTGTA-1,B cells
TGCGTGGCATTACCTT-1,CD4 T cells
TGCGTGGGTACAGCAG-1,CD4 T cells
TGCGTGGTCACTCCTG-1,CD4 T cells
TGCGTGGTCATACGGT-1,FCGR3A+ Monocytes
TGCGTGGTCCACGAAT-1,CD4 T cells
TGCGTGGTCTTGAGGT-1,CD4 T cells
TGCTACCAGCGATATA-1,CD8 T cells
TGCTACCAGGCAGGTT-1,B cells
TGCTACCCATTTCAGG-1,CD14+ Monocytes
TGCTACCGTAGCGCAA-1,CD4 T cells
TGCTACCTCGAGAACG-1,CD4 T cells
TGCTACCTCGCTTAGA-1,NK cells
TGCTACCTCTGCGGCA-1,CD14+ Monocytes
TGCTGCTAGGCGCTCT-1,CD4 T cells
TGCTGCTAGGTTCCTA-1,CD14+ Monocytes
TGCTGCTCAGTCGATT-1,CD14+ Monocytes
TGCTGCTCATGACGGA-1,CD4 T cells
TGCTGCTGTTCGAATC-1,CD4 T cells
TGCTGCTGTTTGTGTG-1,CD14+ Monocytes
TGGACGCAGTACACCT-1,CD14+ Monocytes
TGGACGCAGTGACATA-1,CD4 T cells
TGGACGCAGTGCGTGA-1,CD4 T cells
TGGACGCCAGCATGAG-1,CD4 T cells
TGGACGCGTAAAGTCA-1,FCGR3A+ Monocytes
TGGACGCGTAGAAGGA-1,Dendritic Cells
TGGACGCGTGTTCGAT-1,FCGR3A+ Monocytes
TGGACGCTCCTGCAGG-1,CD14+ Monocytes
TGGACGCTCGGAAATA-1,FCGR3A+ Monocytes
TGGCCAGAGGGATACC-1,CD14+ Monocytes
TGGCCAGCAGCCTTTC-1,CD4 T cells
TGGCCAGCATTCGACA-1,CD4 T cells
TGGCCAGGTACAGTGG-1,CD4 T cells
TGGCCAGGTGCCTTGG-1,CD4 T cells
TGGCCAGGTGGCTCCA-1,CD4 T cells
TGGCCAGGTGGTACAG-1,CD4 T cells
TGGCCAGTCCGGCACA-1,CD4 T cells
TGGCCAGTCTAACTGG-1,CD4 T cells
TGGCCAGTCTACTATC-1,FCGR3A+ Monocytes
TGGCGCAAGCAGGCTA-1,CD8 T cells
TGGCGCAAGCTAAGAT-1,CD4 T cells
TGGCGCAAGTTCGATC-1,CD4 T cells
TGGCGCAGTCGGCTCA-1,CD8 T cells
TGGCGCAGTCTCGTTC-1,CD4 T cells
TGGCGCAGTGGCAAAC-1,CD8 T cells
TGGCGCATCGGAGGTA-1,B cells
TGGCTGGAGTCCGTAT-1,CD4 T cells
TGGCTGGCAATTGCTG-1,CD14+ Monocytes
TGGCTGGCACTATCTT-1,B cells
TGGCTGGCAGTATAAG-1,CD4 T cells
TGGCTGGGTACCATCA-1,CD8 T cells
TGGCTGGGTGGTCCGT-1,CD4 T cells
TGGCTGGGTTACGACT-1,CD14+ Monocytes
TGGCTGGTCATTATCC-1,CD4 T cells
TGGGAAGAGTGGTCCC-1,Other
TGGGAAGCAAGAAGAG-1,CD4 T cells
TGGGAAGCACAGAGGT-1,NK cells
TGGGAAGCATATACCG-1,CD4 T cells
TGGGAAGGTCTAGGTT-1,CD14+ Monocytes
TGGGAAGTCAACACAC-1,CD8 T cells
TGGGAAGTCATCGCTC-1,CD4 T cells
TGGGAAGTCGATAGAA-1,CD4 T cells
TGGGAAGTCTTCGAGA-1,CD14+ Monocytes
TGGGCGTAGACTTGAA-1,CD4 T cells
TGGGCGTAGCTATGCT-1,CD14+ Monocytes
TGGGCGTCAAGTTAAG-1,CD4 T cells
TGGGCGTCATTGCGGC-1,CD4 T cells
TGGGCGTGTGACAAAT-1,CD4 T cells
TGGGCGTTCCTCAACC-1,CD8 T cells
TGGGCGTTCTCCGGTT-1,CD14+ Monocytes
TGGGCGTTCTTCAACT-1,CD14+ Monocytes
TGGTTAGAGCTGCCCA-1,CD4 T cells
TGGTTAGCAAGCCGCT-1,CD4 T cells
TGGTTAGGTTACTGAC-1,CD4 T cells
TGGTTAGGTTCTGTTT-1,CD14+ Monocytes
TGGTTAGTCCCTTGTG-1,CD4 T cells
TGGTTAGTCTATCCTA-1,CD4 T cells
TGGTTCCGTCCATGAT-1,CD14+ Monocytes
TGGTTCCGTCCTCTTG-1,CD4 T cells
TGGTTCCGTCGGATCC-1,CD4 T cells
TGGTTCCGTGCCTTGG-1,CD4 T cells
TGGTTCCGTTATCGGT-1,NK cells
TGGTTCCGTTCCATGA-1,CD14+ Monocytes
TGTATTCAGGCCCTCA-1,CD14+ Monocytes
TGTATTCCACTCGACG-1,CD14+ Monocytes
TGTATTCCAGTTAACC-1,CD14+ Monocytes
TGTATTCTCGGAGCAA-1,CD4 T cells
TGTCCCAAGAAGGTGA-1,CD4 T cells
TGTCCCAAGCGTAGTG-1,B cells
TGTCCCACACTAAGTC-1,CD8 T cells
TGTCCCACATGGTCTA-1,CD14+ Monocytes
TGTCCCAGTCGCTTTC-1,B cells
TGTCCCAGTTCCACTC-1,CD4 T cells
TGTGGTAAGGTGCTAG-1,CD8 T cells
TGTGGTACACAAGCCC-1,CD4 T cells
TGTGGTACAGTCCTTC-1,CD14+ Monocytes
TGTGGTACAGTTAACC-1,CD8 T cells
TGTGGTAGTACCGCTG-1,B cells
TGTGGTAGTACCTACA-1,CD4 T cells
TGTGGTAGTATTCGTG-1,FCGR3A+ Monocytes
TGTGGTAGTCAGGACA-1,CD4 T cells
TGTGGTAGTTACGACT-1,Other
TGTGGTATCACGGTTA-1,CD14+ Monocytes
TGTGGTATCTAAGCCA-1,CD4 T cells
TGTGTTTCACACAGAG-1,CD14+ Monocytes
TGTGTTTCACCATGTA-1,CD14+ Monocytes
TGTGTTTCACGGTGTC-1,CD14+ Monocytes
TGTGTTTGTACCGTTA-1,CD4 T cells
TGTGTTTTCCGCGGTA-1,CD4 T cells
TGTGTTTTCGCCTGTT-1,CD14+ Monocytes
TGTGTTTTCTGCAGTA-1,CD4 T cells
TGTTCCGAGAGGTTAT-1,NK cells
TGTTCCGAGCGCTCCA-1,Dendritic Cells
TGTTCCGAGGGTTCCC-1,NK cells
TGTTCCGCAGCATGAG-1,Dendritic Cells
TGTTCCGCAGTAAGAT-1,B cells
TGTTCCGGTCTTTCAT-1,CD8 T cells
TGTTCCGTCCCTTGTG-1,CD4 T cells
TTAACTCAGAAGCCCA-1,CD4 T cells
TTAACTCAGCTAACAA-1,Dendritic Cells
TTAACTCAGCTGTCTA-1,NK cells
TTAACTCCAACACCTA-1,CD4 T cells
TTAACTCCAATGGAGC-1,B cells
TTAACTCCACTTACGA-1,CD14+ Monocytes
TTAACTCCAGCTGTAT-1,CD14+ Monocytes
TTAACTCGTATGAATG-1,CD14+ Monocytes
TTAACTCGTCTGATTG-1,CD4 T cells
TTAACTCGTGACTCAT-1,FCGR3A+ Monocytes
TTAACTCTCACCGTAA-1,B cells
TTAACTCTCAGCTTAG-1,CD14+ Monocytes
TTAGGACAGCGTAATA-1,B cells
TTAGGACAGTGTGGCA-1,CD14+ Monocytes
TTAGGACTCAGCACAT-1,CD4 T cells
TTAGGACTCGTGACAT-1,CD4 T cells
TTAGGACTCTAACGGT-1,CD4 T cells
TTAGGCAAGCCGCCTA-1,Dendritic Cells
TTAGGCAAGGGAACGG-1,CD4 T cells
TTAGGCAAGTTGCAGG-1,CD14+ Monocytes
TTAGGCACAACGATGG-1,FCGR3A+ Monocytes
TTAGGCACAATCGGTT-1,CD4 T cells
TTAGGCACATGGGAAC-1,CD4 T cells
TTAGGCACATGTAGTC-1,CD14+ Monocytes
TTAGGCAGTCTTCTCG-1,CD4 T cells
TTAGGCAGTGTGAAAT-1,CD4 T cells
TTAGGCAGTGTTGGGA-1,CD8 T cells
TTAGGCATCAGCGACC-1,CD4 T cells
TTAGGCATCCCATTTA-1,CD4 T cells
TTAGTTCAGACTCGGA-1,CD8 T cells
TTAGTTCCAAACCCAT-1,B cells
TTAGTTCCACGTCTCT-1,CD4 T cells
TTAGTTCCATCTGGTA-1,CD8 T cells
TTAGTTCCATGGTAGG-1,CD4 T cells
TTAGTTCCATGTAAGA-1,B cells
TTAGTTCGTACACCGC-1,CD4 T cells
TTAGTTCGTAGCGTCC-1,CD4 T cells
TTAGTTCGTCACTTCC-1,B cells
TTAGTTCGTTCCATGA-1,CD14+ Monocytes
TTAGTTCTCAAGAAGT-1,B cells
TTAGTTCTCCCTAACC-1,B cells
TTAGTTCTCGCGATCG-1,CD8 T cells
TTATGCTAGAGATGAG-1,Dendritic Cells
TTATGCTAGCAACGGT-1,CD14+ Monocytes
TTATGCTAGGGAGTAA-1,CD14+ Monocytes
TTATGCTAGTAGTGCG-1,Other
TTATGCTCATCACAAC-1,B cells
TTATGCTCATTTCAGG-1,CD8 T cells
TTATGCTGTCTAGGTT-1,CD8 T cells
TTCCCAGAGAAGGTTT-1,CD4 T cells
TTCCCAGAGAGTCTGG-1,CD4 T cells
TTCCCAGAGCCAGAAC-1,CD4 T cells
TTCCCAGCAAAGTGCG-1,CD4 T cells
TTCCCAGCAATAGCGG-1,CD4 T cells
TTCCCAGCACCTATCC-1,NK cells
TTCCCAGGTCTTTCAT-1,CD8 T cells
TTCCCAGGTTATCGGT-1,CD4 T cells
TTCCCAGTCACATGCA-1,CD14+ Monocytes
TTCCCAGTCTATCGCC-1,CD8 T cells
TTCCCAGTCTTGTACT-1,CD14+ Monocytes
TTCGAAGAGATATGCA-1,CD4 T cells
TTCGAAGAGGGTCTCC-1,CD4 T cells
TTCGAAGCACAAGTAA-1,CD14+ Monocytes
TTCGAAGCAGGGCATA-1,CD14+ Monocytes
TTCGAAGGTACAAGTA-1,B cells
TTCGAAGGTATTACCG-1,CD4 T cells
TTCGAAGGTGAGGCTA-1,CD8 T cells
TTCGAAGGTTAAGACA-1,CD4 T cells
TTCGAAGTCTTCATGT-1,CD8 T cells
TTCGGTCAGAGCAATT-1,CD8 T cells
TTCGGTCAGCCACTAT-1,NK cells
TTCGGTCAGCGTTCCG-1,CD4 T cells
TTCGGTCAGGTTACCT-1,Other
TTCGGTCCAGGGAGAG-1,CD14+ Monocytes
TTCGGTCCATTGTGCA-1,Dendritic Cells
TTCGGTCGTCGGATCC-1,CD4 T cells
TTCGGTCGTGCATCTA-1,CD14+ Monocytes
TTCGGTCGTTGTCGCG-1,CD14+ Monocytes
TTCGGTCTCCTGCAGG-1,B cells
TTCGGTCTCGTACGGC-1,CD8 T cells
TTCTACAGTCTCATCC-1,CD4 T cells
TTCTACAGTGACTCAT-1,CD4 T cells
TTCTACATCACCAGGC-1,B cells
TTCTACATCATTGCCC-1,CD8 T cells
TTCTACATCGCCTGTT-1,NK cells
TTCTCAAAGCCAGTTT-1,CD4 T cells
TTCTCAAAGCTCCTCT-1,FCGR3A+ Monocytes
TTCTCAAAGTACGTAA-1,Dendritic Cells
TTCTCAACAGACAAAT-1,B cells
TTCTCAACAGGACCCT-1,CD4 T cells
TTCTCAACATTGTGCA-1,CD8 T cells
TTCTCAAGTCTAGCGC-1,CD14+ Monocytes
TTCTCAAGTGGCTCCA-1,CD8 T cells
TTCTCAAGTTATCACG-1,CD8 T cells
TTCTCAATCGCATGGC-1,CD4 T cells
TTCTCCTAGACGCAAC-1,CD14+ Monocytes
TTCTCCTAGCACCGCT-1,B cells
TTCTCCTAGCTAACTC-1,CD14+ Monocytes
TTCTCCTAGTGATCGG-1,CD14+ Monocytes
TTCTCCTGTACAGCAG-1,B cells
TTCTCCTTCCGAATGT-1,CD4 T cells
TTCTCCTTCCGCGGTA-1,CD4 T cells
TTCTTAGAGACGCAAC-1,CD14+ Monocytes
TTCTTAGAGATCTGAA-1,CD4 T cells
TTCTTAGAGGAGTTGC-1,CD8 T cells
TTCTTAGAGGCTCAGA-1,CD8 T cells
TTCTTAGCAGCTGCTG-1,CD14+ Monocytes
TTCTTAGGTTCACCTC-1,CD14+ Monocytes
TTCTTAGTCACGCGGT-1,CD4 T cells
TTCTTAGTCCCAAGAT-1,CD14+ Monocytes
TTCTTAGTCCCATTTA-1,B cells
TTCTTAGTCGTAGGTT-1,CD4 T cells
TTGAACGAGTCAAGGC-1,CD4 T cells
TTGAACGCAACTGGCC-1,CD4 T cells
TTGAACGCAGGAACGT-1,B cells
TTGAACGCAGTTCCCT-1,B cells
TTGAACGGTTCATGGT-1,CD8 T cells
TTGAACGTCAAGGCTT-1,B cells
TTGAACGTCCGTACAA-1,CD4 T cells
TTGACTTAGATGGGTC-1,FCGR3A+ Monocytes
TTGACTTAGCCGCCTA-1,CD8 T cells
TTGACTTAGTTGCAGG-1,CD4 T cells
TTGACTTGTAGCGTAG-1,CD4 T cells
TTGACTTTCAGGCGAA-1,NK cells
TTGACTTTCATCTGCC-1,CD4 T cells
TTGACTTTCGTCCAGG-1,CD4 T cells
TTGACTTTCGTTGCCT-1,CD8 T cells
TTGCCGTAGTAACCCT-1,FCGR3A+ Monocytes
TTGCCGTCAGATCGGA-1,CD4 T cells
TTGCCGTCAGCGTAAG-1,CD4 T cells
TTGCCGTTCATCGCTC-1,B cells
TTGCCGTTCTGTCAAG-1,CD4 T cells
TTGCGTCAGACCCACC-1,CD8 T cells
TTGCGTCAGAGTCGGT-1,CD4 T cells
TTGCGTCAGCTAAACA-1,FCGR3A+ Monocytes
TTGCGTCCAAGCTGGA-1,CD4 T cells
TTGCGTCCAATAGCGG-1,B cells
TTGCGTCCACTTCTGC-1,CD8 T cells
TTGCGTCCATCCTTGC-1,CD14+ Monocytes
TTGCGTCGTAATTGGA-1,CD8 T cells
TTGCGTCGTGGTCCGT-1,NK cells
TTGCGTCTCTACCTGC-1,B cells
TTGCGTCTCTCGCTTG-1,CD4 T cells
TTGGAACCACTCTGTC-1,CD8 T cells
TTGGAACGTACCAGTT-1,CD4 T cells
TTGGAACGTCTTCGTC-1,CD8 T cells
TTGGAACTCGCATGAT-1,CD14+ Monocytes
TTGGCAAAGACACTAA-1,B cells
TTGGCAAAGCAGGCTA-1,B cells
TTGGCAACATACAGCT-1,B cells
TTGGCAAGTACTCGCG-1,CD14+ Monocytes
TTGGCAATCACCCTCA-1,CD4 T cells
TTGGCAATCACTCTTA-1,CD4 T cells
TTGGCAATCCACGCAG-1,B cells
TTGGCAATCTCCGGTT-1,CD4 T cells
TTGTAGGAGGATGCGT-1,CD8 T cells
TTGTAGGAGTACGCGA-1,CD14+ Monocytes
TTGTAGGCAAGCTGTT-1,CD4 T cells
TTGTAGGCACCATCCT-1,Megakaryocytes
TTGTAGGGTATAGGTA-1,Other
TTGTAGGGTTGAACTC-1,CD8 T cells
TTTACTGAGCGTAATA-1,CD14+ Monocytes
TTTACTGAGTACGTTC-1,B cells
TTTACTGCAAACCCAT-1,CD8 T cells
TTTACTGCAGTTAACC-1,CD4 T cells
TTTACTGCATCAGTAC-1,B cells
TTTACTGGTAGGAGTC-1,CD14+ Monocytes
TTTACTGGTGGGTCAA-1,CD4 T cells
TTTACTGGTGTTAAGA-1,CD14+ Monocytes
TTTACTGGTTATCGGT-1,B cells
TTTATGCAGATAGCAT-1,B cells
TTTATGCAGCAGACTG-1,CD8 T cells
TTTATGCAGCCACGCT-1,CD14+ Monocytes
TTTATGCAGCCAGTTT-1,CD8 T cells
TTTATGCAGGATATAC-1,CD4 T cells
TTTATGCAGGCCCTTG-1,FCGR3A+ Monocytes
TTTATGCCACCAGGTC-1,CD8 T cells
TTTATGCGTCTGGAGA-1,CD14+ Monocytes
TTTCCTCAGTGACTCT-1,Dendritic Cells
TTTCCTCAGTTAGGTA-1,CD8 T cells
TTTCCTCCAAATACAG-1,CD14+ Monocytes
TTTCCTCCAATCTACG-1,CD4 T cells
TTTCCTCGTGGACGAT-1,CD4 T cells
TTTCCTCTCACAATGC-1,CD4 T cells
TTTCCTCTCAGAGACG-1,CD8 T cells
TTTCCTCTCCGAACGC-1,NK cells
TTTCCTCTCCGCGCAA-1,CD4 T cells
TTTGCGCAGGACACCA-1,CD14+ Monocytes
TTTGCGCCATGCCTTC-1,CD4 T cells
TTTGCGCCATTTGCTT-1,CD4 T cells
TTTGCGCGTAATAGCA-1,CD8 T cells
TTTGCGCGTGTTCTTT-1,Other
TTTGCGCTCAATCACG-1,CD4 T cells
TTTGCGCTCGATAGAA-1,CD4 T cells
TTTGGTTAGGATGGTC-1,CD4 T cells
TTTGGTTCACTTAAGC-1,CD14+ Monocytes
TTTGGTTCAGGACGTA-1,CD4 T cells
TTTGGTTCATGCCTAA-1,CD8 T cells
TTTGGTTCATTGGCGC-1,CD8 T cells
TTTGGTTGTTATCACG-1,CD4 T cells
TTTGGTTTCGCTAGCG-1,CD14+ Monocytes
TTTGTCACACTTAACG-1,CD8 T cells
TTTGTCACAGGTCCAC-1,NK cells
TTTGTCAGTTAAGACA-1,B cells
TTTGTCATCCCAAGAT-1,CD14+ Monocytes
